22 (dvadtsat vtorogo) partsyezd,38.5286111,68.7797222
abdan,38.4666667,68.9333333
abdu,38.7166667,68.3666667
abdulay,38.3166667,68.5666667
abdusamar,39.4294444,67.5013889
adinobay,37.725,69.8491667
adrasman,40.6486111,69.9855556
afandi,38.5366667,69.8447222
(( afgan-kishlak )),37.4666667,69.3666667
aflotuk,37.9786111,69.8277778
agaravak,37.9833333,68.5666667
agurty,38.6602778,68.8711111
aini,39.3975,68.5405556
aiwanj,36.9788889,68.0325
akalchin,38.5166667,68.4833333
akarbulok,37.8619444,69.3766667
akbaytal,38.4894444,73.8783333
ak-bulak,37.9666667,68.4
akbulok,38.3483333,68.6586111
ak-buryu,38.4,68.6333333
akcha,37.4005556,68.1672222
akderob,37.25,71.4833333
ak-dzhar,37.6833333,68.5833333
akdzhar,37.7180556,73.1494444
ak-dzhar,38.6,68.2666667
ak-guaz-kaaz,39.8666667,68.95
akhdzev,37.95,71.6166667
akhteraki bolo,38.3833333,70.0166667
akkamar,38.0722222,68.6788889
ak-kurgan,38.4666667,68.75
ak-kutal,39.3866667,67.6708333
ak-mamad,37.7,72.2333333
ak-mazar,37.6691667,69.6525
akmazar,37.9833333,68.8666667
ak-mechet,38.0561111,68.3541667
aknakhodzha,38.5705556,68.1058333
aksa-rovat,38.2666667,68.8
aksay,39.3833333,71.6
(( akshivan )),37.85,69.55
ak-su,38.1166667,68.5666667
aksu,38.15,69.3
ak-tailak,37.6666667,72.5166667
ak-tak,38.6166667,68.8666667
ak-tash,37.6333333,74.8
(( akteri )),37.4666667,68.55
ak-tyube,40.0166667,69.4666667
akuyli,38.4666667,68.6
alakchin,38.675,68.7694444
alakdzhar,39.45,67.5166667
alcha-bulak,38.2,69.5166667
alchagi,38.4186111,69.0833333
alchin,37.7666667,68.8
alibegi,38.6347222,68.5713889
aliberdy,37.26,69.1475
alichur,37.7447222,73.2569444
alidzhan,38.1686111,69.4
aligalabon,38.7627778,69.8344444
alisurkhon,38.9083333,71.0113889
alkadzhar,38.5380556,68.8366667
alkamazhar,37.4036111,69.1461111
alkhitay,38.6719444,68.8030556
alkhuch,38.7322222,68.7077778
alla-baytal,38.3794444,68.7311111
alma-bulak,38.0666667,69.4833333
almaly,39.9166667,68.9166667
almasi,38.6833333,68.6166667
almyshabad,38.3308333,68.8719444
aloudin,37.4644444,69.3677778
altyn-topkan,40.645,69.5966667
amaler,36.7936111,71.5805556
amandara,39.5177778,67.8130556
amdarbog,38.2316667,71.5575
amonshaykhi,38.6086111,69.1102778
amring,37.7333333,70.25
anatrosh,38.05,70.0166667
andarsay,40.0738889,69.4433333
anderavdzh,37.7666667,72.5833333
andigon,38.5708333,69.0575
andizhan,37.2897222,69.0613889
andreyev,38.5163889,68.6425
andzhirak,38.4775,70.7786111
andzhir,38.4461111,69.0041667
andzhirkon,37.6619444,69.5225
andzhirobi-bolo,37.8102778,70.1822222
angurli,38.2,68.45
anna-khudzha,38.55,68.1
annakul-ravat,38.4,68.75
ansh-abad,37.9666667,68.6666667
(( anzhirou-poyen )),37.8333333,70.1833333
anzob,39.1658333,68.8238889
aptyuray,40.1666667,70.6666667
arab,37.2088889,68.0313889
arab,40.1833333,70.5833333
arab-khana,37.3891667,68.1866667
arabo,37.4969444,69.3491667
aral,37.8025,69.6441667
arbob,38.5544444,68.7216667
arbobi,38.6166667,68.5666667
archa,37.6308333,69.4522222
ardabag,38.4438889,71.5930556
ardzhanak,38.75,68.5833333
argankul,38.8680556,70.8955556
arkhu,39.0166667,69.2666667
arla-tuguldy,37.7736111,69.5877778
arpa-bulak,38.4666667,68.8833333
arpatuguldy,37.7377778,69.5569444
arshi,38.65,68.3666667
artuch,39.3397222,68.1141667
arzanion,38.3666667,69.8666667
arzing,38.8666667,71.35
ashaba,40.7333333,70.4333333
ashat,40.8,70.6166667
asht,40.6666667,70.3333333
askari,38.5408333,68.5119444
askari surkh,37.4194444,68.6405556
askari -surkh,38.5658333,68.2708333
askerabad,38.5666667,68.9833333
asvob,38.5833333,68.2166667
ataugor,38.55,70.8333333
(( atchanar )),37.7666667,69.5
atchapar,37.7938889,69.5802778
atochibulok,37.8872222,69.3511111
auchi,39.5902778,69.0830556
auchi-kalyacha,40.1263889,69.6711111
avdzh,36.9333333,71.4833333
avzali,38.0430556,68.5716667
avzikent,37.8033333,69.2772222
ay-botkan,38.0833333,68.55
ayni,38.5080556,68.6844444
ayni-khodzhaayni,38.8183333,69.9441667
azikeng,38.4333333,68.4833333
babagabib,38.9166667,69.8166667
baba-i-darkhan,40.7,70.25
babosafol-poyen,37.6152778,69.4038889
bacha-mazar,37.9808333,69.6333333
bachor,37.75,72.5333333
badamtu,37.8261111,69.9436111
badom-dara,37.0833333,71.8166667
badurt,38.1666667,72.1666667
badzhu,37.7666667,71.6333333
badzhu-pavdiv,37.8666667,71.6
bagalak,38.5066667,68.5552778
bagarak,37.6205556,69.8705556
bagizagon,38.4952778,69.8086111
bakaul,38.6666667,68.8
bakay,38.5016667,68.1616667
bakh,37.5833333,69.95
bakhor,38.5488889,68.9861111
bakoron,38.6144444,69.0269444
balagdash,37.9680556,69.0369444
baldirgon,38.5102778,68.9011111
baldshuan,38.3108333,69.6669444
balga-boskan vtoroy,37.7666667,68.75
balkhobi,37.8636111,69.9066667
baradzh,37.2833333,71.7833333
barau,38.3111111,71.3222222
baravn,38.4861111,71.6463889
barchadev,38.3041667,72.4772222
bardara,38.1086111,72.2858333
barfunt,38.0166667,71.8166667
barnavad,38.4127778,71.9411111
barou,38.4972222,71.0363889
barsem,37.55,71.7333333
bartang,38.0652778,71.8727778
barushan,37.9333333,71.4333333
bash-charbak,37.5666667,68.1333333
bash-gumbez,37.7711111,73.5491667
bash-gunash,37.5666667,68.55
bashkala,37.4636111,68.1630556
bashkaynar,38.2077778,68.8488889
bashkyngash,38.4647222,68.8036111
bash-tal,40.5833333,70.45
bash tegerman,37.8475,69.7380556
basid,38.105,72.1541667
basmanda,39.6888889,69.1544444
batan,37.9616667,69.4825
batash,38.5666667,68.3
batrak,37.9666667,68.5333333
batyrkhan,37.9213889,69.7697222
baumanabad,37.2383333,69.0969444
bay-kuchkar,38.3666667,68.9
bdavn,38.4166667,71.7666667
bdun,38.2202778,71.4888889
bedak,39.4072222,67.7122222
bedanibedak,37.2808333,69.0463889
bedgun,38.7333333,68.3833333
begar,38.8,68.8166667
bene,37.6666667,71.55
berencha,38.3833333,68.9666667
besharik,37.8286111,69.6338889
besharyk,37.4566667,68.5769444
beshbulok,37.6905556,69.0705556
beshbulok-bolo,38.5936111,68.5897222
beshcheulok,37.9902778,69.2191667
beshkapa,37.2302778,68.0205556
besh-kapa,37.8166667,68.6833333
beshkapai poyon,38.1169444,68.3813889
besh-kape,38.2391667,68.9366667
(( besh-khabib )),37.8833333,69.8333333
besh-kuduk,37.4291667,69.2005556
beshtemir,37.3413889,68.1541667
beshtentak,38.3011111,69.7130556
besh-tepa,38.5333333,68.7833333
beydakho,38.7494444,69.845
bibi-khurum,38.2166667,68.5666667
bichkhari,38.35,71.3833333
biddzharovat,38.1886111,71.9922222
birbuloq,37.4233333,69.045
bisav,38.0375,71.8744444
bish-bulak,38.3166667,68.3666667
blagodarnyy,38.5166667,68.55
bobokhonshaid,38.2216667,69.6586111
bobosafol,37.6119444,69.4219444
bobo-surkhan,38.6613889,68.6297222
bobotago,39.9072222,68.9775
bobotunkhona,38.2608333,69.3555556
bodau,38.3530556,71.4222222
bogak,38.1872222,68.5388889
bogat,39.9386111,68.9863889
bogdayen,38.2,69.85
bogev,37.5305556,71.6602778
boggai,38.0644444,69.9605556
bogi habib,37.9163889,69.8402778
bogikalon,39.8861111,68.9863889
boguz,38.3555556,71.7805556
boldoy,38.3547222,69.7580556
bolgali,39.8333333,68.8666667
bolo-nazar,38.5136111,68.8577778
bolshevik,37.1630556,68.2263889
bongura,38.6133333,69.095
borshi,38.6833333,71.3666667
boshbulok,38.1172222,69.3772222
boshkushkiya,37.9977778,69.6591667
botanicheskiy,38.58,68.6933333
boud,38.3833333,71.4666667
brigada vtoraya uchastka karla marksa,37.4411111,68.4877778
bubanan-dasht,38.1833333,69.9666667
bugolyak,38.45,68.15
buitakabad,38.3266667,70.0708333
bulak-saydon,38.6488889,68.6111111
bulbulchashma,38.4355556,68.5536111
bulen,37.9102778,69.3536111
bulok,40.6,70.45
bulokchinor,38.5205556,68.5952778
bulokdasht,37.9919444,69.5336111
bulon,37.9672222,69.3936111
bulunkul,37.7005556,72.9455556
bulyeni-bolo,38.0575,69.4333333
bunai,38.4297222,71.5563889
bundzhikat,39.9108333,69.0063889
bungakiyen,38.6208333,69.4719444
buniga,38.3,71.2666667
buragan,39.7075,68.7291667
burdongal,37.9772222,69.4936111
bure-tishik,38.3666667,68.3833333
burka,37.2252778,69.1466667
burma,38.46,68.9216667
burma,38.85,68.6833333
buston,38.0461111,68.7886111
buston,40.5216667,69.3308333
bustonkala,37.8666667,68.8333333
butson,37.5516667,69.4713889
buved,37.5825,71.5108333
buynak-manir,38.5166667,68.35
buyrabov,38.4833333,68.6833333
buzakhana,37.7138889,69.7225
buzbeli,38.1166667,69.5833333
buzbit,38.5,68.9905556
buzuk,38.5666667,68.2333333
chad,37.9255556,69.1566667
chadegiv,38.1141667,72.0363889
chadud,38.1255556,72.2
chagam-bolo,37.8272222,69.8811111
chagam-kukabulok,38.2833333,68.5833333
chagatoy,38.6222222,68.6122222
chagen,38.4,68.8333333
chakadam-bulak,40.4833333,69.85
chakali,38.4941667,69.3336111
chalata,40.6666667,69.5
chalayev,38.5319444,68.8238889
chalchal,38.3761111,69.2027778
chalchit,38.56,69.1488889
chali-char-chashma,37.3,68.0333333
chamanistan,38.5433333,68.5933333
changa,39.5230556,67.5030556
changob,38.6444444,68.5758333
changon,38.6333333,70.1666667
chapaevskiy,38.4083333,68.1333333
chapary,37.4666667,68.1666667
charbak,39.4333333,67.7666667
char,40.0666667,70.6166667
chargi-poen,38.1283333,70.0741667
char-gul,38.2475,68.9705556
charmogz,38.6983333,69.6761111
charsem,37.7177778,72.1608333
charshambe,37.3105556,68.1302778
charshma,37.3333333,68.1833333
chartak,38.5197222,68.1444444
chartog,38.5275,68.7233333
chashma,39.45,68.4333333
chashmaiborozi,38.6441667,68.5408333
(( chashma-i-dara )),37.6833333,70.0
chashmaikulo,38.7119444,69.6286111
chashmi-sang,38.7333333,68.55
chatyr-tash,37.85,73.65
chavalay,38.6283333,68.8077778
chavlibay,38.5669444,68.7086111
chavrok,38.3066667,69.5419444
chavshangoz,37.3591667,72.4480556
chaynak,38.5311111,68.6927778
chayra-koran,38.5747222,68.6925
chechekti,38.3358333,74.0136111
chechka,37.15,69.2
chegam,37.9958333,69.4341667
chek-mazar,38.5119444,68.9563889
chekurak,38.3894444,69.9991667
chepsoli,38.4502778,69.1263889
cheptura,38.5736111,68.3330556
chepturai-bolo,38.6033333,68.5608333
cherdara,37.7519444,69.7716667
cheresh-tepa,38.4869444,68.2333333
chermokhzakon,38.6913889,68.7436111
chertepa,38.5166667,68.75
cheshteppa,37.7213889,74.3583333
chesh-tyube,37.6833333,74.3
chichka,37.765,68.8027778
chikhok,38.5194444,71.6980556
chilcha,38.1794444,69.5491667
childara,38.7847222,70.3047222
childukhtaron,38.2916667,70.1336111
(( chilishtak )),37.8166667,70.1166667
chillamazor,38.5602778,69.0769444
chimarak,38.5666667,68.15
chimbulak,38.2333333,68.6833333
chimkurgan,39.4925,67.5080556
chim-tepe,38.4675,68.725
chimuldy,38.2,69.6666667
chinara-sukhta,38.3666667,68.4833333
chinar,37.2894444,68.1344444
chinar,38.5166667,68.25
chinartu,38.2333333,68.6
chindara,38.6380556,68.5722222
chingirov,38.36,68.34
chinor,37.9683333,69.7541667
chinor,39.4166667,67.6666667
chirakon,38.3666667,69.0833333
chiray,39.7166667,68.9
chirik,37.2183333,68.1941667
chirkent,38.6305556,68.2255556
chishun,38.65,70.8666667
chkalov,40.1986111,69.81
chokhtemir,37.9641667,69.7913889
chol,37.9538889,69.6666667
cholon,38.2366667,69.7775
choltosh,38.1638889,69.7866667
chorbag,38.66,68.7555556
chorbog,37.4166667,68.2
chore,39.3069444,68.5094444
chorgul,37.6386111,69.4052778
chormagzak,38.4213889,69.1805556
chor-raga,39.1333333,67.8166667
chorroha-deyron,40.3969444,69.6686111
(( chorsay )),37.9666667,69.85
chortut-poyen,38.5255556,68.7088889
chortut-surkh,38.5,68.7333333
chorvodoron,37.7497222,69.4844444
chosk,37.8333333,70.2333333
chubek,37.6127778,69.7061111
chuchu,38.3636111,68.9305556
chugarak,38.75,70.6166667
chukurak,37.8680556,69.5691667
chukuraki-bolo,38.5391667,68.5
chukur,38.45,68.1333333
chukurdolon,38.4388889,68.3338889
chumdon,38.8975,70.1361111
chuponabad,38.0777778,68.9288889
chuqurak,38.5347222,69.3777778
chur-kishlak,38.4,68.4166667
chuyanchi,37.1730556,68.1377778
chuyanchi,38.65,68.3166667
chuzii-bolo,38.5663889,68.4161111
daane,40.6333333,70.2666667
dadozi,38.6283333,68.6161111
dagana-chinar,38.0586111,69.8638889
dagana,37.5969444,69.7875
dagana-kiik,38.1911111,68.6477778
dagiston,37.9202778,70.0225
dakhkan,39.7063889,69.2533333
dakhyak,39.8055556,68.9855556
dakki,37.3252778,68.1888889
daldakhuron,38.3508333,69.1991667
dalneye,38.6166667,72.1333333
dalyan bolo,39.7422222,68.9944444
dalyan,39.8,69.0166667
dambu,38.9833333,70.35
damburacha,39.2833333,71.3833333
dana,37.9833333,71.9333333
dangara,38.0963889,69.3355556
(( dangara )),37.8166667,69.3666667
dara,38.6886111,69.0141667
daragion,38.5447222,69.3172222
daraigusfandak,38.6483333,69.5022222
daraikhavash,37.9883333,69.9744444
darai khayron,38.8222222,70.8733333
daraikolot,37.6838889,69.59
daraiob,37.8613889,70.0183333
daraishoyeni,38.3380556,69.5866667
dara-khurdak,38.4333333,70.0166667
daray-chokor,38.4166667,69.8666667
dardar,39.4430556,68.445
dardzhomts,38.1238889,71.9458333
darg,39.3527778,68.9847222
darkad,37.4997222,69.42
darkat,37.4986111,69.425
darnaychi,37.9613889,69.7319444
darshai,36.7833333,71.9833333
daryeabad,38.5105556,68.8291667
dash,38.3166667,71.6666667
dashgabad,38.2213889,69.0197222
dashmandy,38.4480556,69.7375
dashta,37.3333333,71.7333333
dashtag,37.5247222,69.335
dashtamin,40.1833333,69.7
dasht,37.7666667,71.5333333
dashti-angara,38.6833333,70.0666667
dashtibedi kalon,38.6041667,69.1472222
dashti-dzhum,37.9380556,70.1413889
dashtidzhum,38.0194444,70.2122222
dashtigulkho,38.4833333,69.7666667
dashtigulo,37.7016667,69.4963889
dashtigurk,38.8033333,70.2211111
dashti-kazy,39.465,68.0472222
dashti-khirsan,39.2,70.4666667
dashtimarzo,38.6458333,69.5527778
dashti-mazar,38.9619444,69.3372222
dashtimiron,38.6619444,68.8283333
dashti-raz,38.3333333,69.4
dashtishur,38.5091667,68.9813889
dashtiyeri,38.55,69.9833333
dashty-bet,39.45,68.25
dastgirak,38.3647222,69.0480556
dastkhuf,37.85,71.6
davat,37.9461111,69.4791667
davatkhalkayer,38.1752778,69.5738889
davlatabad,37.6402778,69.5936111
davlatmanka,38.5602778,68.5375
davlatobod,37.6113889,69.4913889
davlatshoyen,38.2813889,69.5175
dayrabot,38.5369444,68.9044444
deamalik,38.8525,68.9130556
de-balyand,38.65,68.9666667
debalyan,39.2,69.1666667
debasta,37.6833333,71.85
debuvok,38.5963889,68.2188889
dedorazak,37.8183333,69.9019444
degai,38.8947222,69.9233333
deg-danak,38.9333333,69.8333333
degez,38.2355556,69.9852778
degi-kham,38.3833333,69.65
degi-mulla,38.8833333,70.45
degmyur,38.2208333,69.7905556
dehai baland,38.8847222,69.8511111
dehikung,38.9116667,69.5980556
dehishur,38.3719444,69.9688889
dehqonobod,37.5922222,69.3686111
dekh,38.0572222,71.3258333
dekhi-poyen,39.2333333,70.2
delolo,38.1213889,70.0297222
demiya,38.4880556,69.4977778
demnora,39.4333333,69.8666667
depir,38.7847222,69.4327778
derde,37.85,71.65
deu,38.5058333,70.7958333
devdor,37.8041667,69.9794444
devlekh,37.9,71.75
devona,38.2,69.5666667
devona,39.35,71.5666667
devona-khoja,38.1077778,69.8452778
devsiar,39.1166667,71.5833333
(( deyli )),37.9,69.6666667
diburea,39.2930556,70.2830556
dich,38.55,71.7
difat,38.3666667,69.7333333
dikhasar,39.45,70.2333333
diuchy,39.3166667,70.7666667
divlyakh,38.7833333,70.85
dizhik,39.1322222,68.4269444
djilianda,37.5761111,72.5927778
djuschambe,38.56,68.7738889
dobrovolcheskiy,37.2969444,68.6552778
dokhashi,38.0333333,71.8333333
dolonsoy,38.4672222,68.2683333
dolony,40.6166667,70.0333333
dong,37.5563889,69.3508333
donguz-uldy,38.4333333,68.8166667
doobva,38.6186111,68.9255556
dorobi,38.3280556,69.9308333
dosheton,37.9116667,70.0186111
doshtak,38.4605556,70.775
dragomirovo,40.1686111,69.5083333
drobak,38.4163889,70.6822222
druzhba,37.74,69.5827778
dshafak,38.3333333,71.6833333
dubeda,38.57,69.3786111
duchinora,38.5761111,68.5622222
du-oba,39.1833333,70.6333333
dupuli,39.4647222,67.8455556
durbat,38.5286111,68.6361111
durbent,38.5333333,68.25
durmanbulok,38.4305556,68.3911111
durman,38.45,68.2166667
durman,39.5094444,67.4505556
dursher,38.5791667,71.7872222
dushakhokogak,38.8833333,70.4333333
dusman-tyube,37.7333333,68.6
dusti,37.3486111,68.6733333
duzakh-dara,37.7,72.4166667
dyurak,38.0833333,68.5
dyushana,38.7,68.4166667
dzhag,38.2375,70.5355556
dzhailgan,39.3041667,71.5255556
dzhairaly,37.5686111,69.4827778
dzhake-dzhan,37.25,72.2166667
dzhalandar,38.645,68.8277778
(( dzhalavli )),37.7,69.85
dzhalbuzy,37.7297222,69.3847222
dzhaltr-tepe,38.3666667,68.6333333
dzhalyak-bulak,38.4166667,68.9333333
dzhamak,38.2780556,71.5758333
dzhamanguli,38.2833333,69.5
dzhamiyat-dekhan,37.1158333,68.1063889
dzhana-kishlak,38.5,68.4833333
dzhanbulak,39.3833333,67.6666667
dzhangalabad,38.5291667,68.9197222
dzhangalda,38.6833333,68.7833333
dzhangal,38.4166667,71.5
dzhangyaul,40.0833333,69.5333333
dzhantokli,38.1569444,69.5802778
dzharboshi,38.5388889,68.985
dzhar-bulak,38.4813889,68.3936111
dzharbulok,37.8736111,69.3638889
dzharcheb,37.9836111,69.9075
dzharf,38.4844444,70.9613889
dzharkurgan,37.2022222,68.2144444
dzharkutan,39.7508333,68.7758333
dzhartepai bolo,38.0158333,69.3591667
dzharty-gumbez,37.5533333,74.1475
dzharty-rabat,37.8,73.5666667
dzhaushangoz,37.35,72.4333333
dzhauvid,38.4658333,71.6255556
dzhavliboi,38.5644444,68.6958333
dzhavoni,38.7441667,69.6447222
dzhavrat,38.4333333,68.15
dzhavzodara,38.2533333,70.1266667
dzhayilgan,39.2666667,71.5
dzhayrali,37.9638889,69.5869444
dzhayre-tepe,38.55,68.25
dzhergatol,39.2213889,71.1886111
dzherkala,37.8161111,69.3502778
dzhetikir,38.3163889,68.4383333
dzhida-bulak,37.8263889,69.8380556
dzhida,37.57,69.3538889
dzhilas,39.3666667,67.7166667
dzhilga,37.6619444,69.8591667
dzhilikol,37.4936111,68.5311111
dzhingazhir,38.8658333,73.2583333
dzhingun,39.0833333,70.2
dzhirginak,38.6477778,68.6272222
dzhomri,38.5433333,68.9977778
dzhonbakhti poyen,38.4,69.9833333
dzhonvarsuz,38.5288889,69.3094444
dzhorusay,38.4666667,68.55
dzhoy-bulak,38.6102778,68.7180556
dzhugiabad,38.5469444,68.5502778
(( dzhulmabad )),37.9833333,69.5166667
dzhumabazar,40.3166667,69.35
dzhunt,37.2166667,71.5333333
dzhur,38.8,70.7166667
dzhuri-bolo,38.8708333,70.9197222
dzhuybodom,38.5516667,68.6972222
dzhyuylyangar,39.9166667,68.8833333
dzhyuzak,37.7322222,69.1594444
echki,37.2683333,69.0563889
efironos,38.4658333,68.1602778
egron,38.2272222,69.3127778
elok,38.5863889,68.4252778
elovar,38.6008333,69.1755556
emomaly,37.8588889,69.6188889
emts,38.0047222,71.6688889
(( engels )),37.4166667,68.6166667
esanboy,38.0777778,68.3766667
eshma,38.1661111,68.8541667
eshma pervaya,38.1638889,68.8236111
evon,39.4444444,68.1455556
ezgand,38.7258333,70.4188889
faisabad,37.3333333,68.9666667
fakhrabad,38.3011111,68.7063889
falakon,38.5075,68.7872222
falkhabad,38.21,69.5069444
falmaut,39.3711111,68.8394444
fanfarok,38.7202778,68.8116667
farab,39.2408333,67.47
farishti,38.5961111,69.0019444
farkau,39.2333333,68.9833333
farkhor,37.4922222,69.4016667
farkingi,38.6936111,70.7283333
farrukh,38.6722222,69.6547222
fatma,39.3961111,68.6852778
fayzabad,37.6666667,69.4936111
fayzabadi-bolo,38.5188889,69.3241667
filmandar,39.4141667,67.7488889
finskiy,37.4730556,69.3705556
firdavsy,38.1080556,68.9372222
firuzaabad,38.7066667,68.8058333
firuzoba,38.0522222,69.9694444
foru,38.6836111,69.6605556
frunze,37.3775,68.5669444
furkat,38.1002778,68.9325
gachak,38.5047222,68.5336111
gafurov,40.2177778,69.725
galaabad,38.1777778,68.6705556
galaba,37.3177778,69.03
galabulok,38.4363889,68.9613889
(( gala-gutan )),37.75,69.7666667
galamysh,38.5405556,68.5277778
galbutta,38.4869444,68.7577778
gallabor,37.3383333,68.99
galya-kuduk,38.3166667,68.6666667
gamchi,37.9,69.4833333
(( gami-dara )),37.6333333,70.2
ganchi,39.9588889,69.1369444
gandzhina,37.9333333,68.5666667
garab,37.6136111,69.7863889
garab,38.5666667,68.1166667
garau,38.3130556,68.9838889
(( garavchak )),37.8227778,69.6325
garavuti,37.5602778,68.4525
gar-bola,39.0833333,70.8833333
gar-bulak,38.3886111,68.9458333
gardana,38.1666667,69.1666667
gardzhvin,37.65,71.85
gargara,38.1405556,69.4294444
garibak,39.52,67.6016667
garmchashma,37.6333333,72.55
garm,39.0241667,70.3794444
(( garm )),37.3166667,69.0166667
garnavat,38.4833333,71.6
garob,38.8833333,68.9833333
gashion,38.6,69.65
gaza,39.2536111,68.0505556
gazhim,38.8283333,68.8125
gaznich,39.2313889,68.0452778
gazora,39.0455556,68.8808333
gech-lara,38.6166667,69.9166667
gelot,37.9455556,69.72
gesh,38.1877778,70.0711111
geshi,38.4438889,69.1775
gezani bolo,39.2886111,67.7213889
gezani-poyen,39.2833333,67.7333333
ghalaba,38.0658333,68.8094444
ghofilobod,38.1419444,70.0097222
ghulakandoz,40.1616667,69.4677778
ghulomobod,38.0044444,70.0286111
gidzhovak,38.1702778,69.3747222
gidzhovast,38.5475,71.7525
girdob,38.3025,69.1469444
gizhdalabad,38.5644444,68.6897222
gizhdarva,39.3,67.85
(( glomovod )),37.9833333,69.9666667
goch,38.4666667,71.0666667
godzhak,37.4,71.4833333
gofilabad,38.8666667,68.65
golchak,37.7166667,70.2833333
gorif,39.2833333,70.0333333
gornaya,38.7166667,68.3
gou-gavdi-nau,38.8833333,70.95
gozri,39.0833333,70.6
granitsa,37.4022222,69.3583333
gring,38.2,70.2666667
gucha,38.4833333,71.0166667
gudara,38.4016667,72.6794444
gudar,37.6666667,74.75
gudas,40.8,70.5
guitan,39.3008333,68.0872222
gulabad,37.7225,69.515
gulbog,38.6261111,68.9575
gulisoy 2,38.1186111,69.7541667
gulistan,37.1913889,69.1594444
guliston,38.0219444,69.0755556
gulisurkh,38.4436111,69.2272222
gulizindon,38.2369444,69.4166667
gulizoar,38.3811111,68.8627778
gulkhari,38.6630556,69.5191667
gulkhas,38.6233333,68.1291667
gulmazor,38.5219444,68.9163889
gulpista,38.6508333,68.8052778
gulshan,37.5736111,69.4313889
gulyuk,38.3666667,69.6833333
gumas,38.5769444,71.8125
gumayak,38.3927778,71.5130556
gumbezkol,38.1355556,73.7802778
gumbulok,38.5247222,69.2052778
gumsu,38.1491667,69.2352778
gun-dara-bolo,38.7666667,70.8166667
(( gun-dara )),37.6333333,70.1833333
gurakha,38.6505556,68.7619444
gurdara,37.9541667,69.5713889
gurdora,38.2833333,69.6666667
guriyen,38.6791667,68.5991667
guriyet,38.5808333,68.5302778
gurkham,38.7241667,70.5325
gurlyuk-say,38.3166667,68.9666667
guruldy,37.9422222,69.6075
gushar,38.895,68.8394444
gushkhon,38.3675,71.4727778
guskef,39.0,69.3666667
guskharf,38.7430556,68.7925
guyunchi,38.0383333,69.2216667
guzaribad,39.3869444,68.7058333
guzari-poyen,37.9422222,70.0155556
gyshmasar,37.6333333,68.6166667
gyulkha-bulak,37.9833333,68.4166667
(( gyzaryta )),37.95,70.0166667
hayoti nav,38.1338889,68.8936111
hiloli ahmar,37.9294444,69.8025
hisor,38.4819444,68.5969444
hodjent,40.28,69.6316667
husanobod,39.3672222,68.0416667
iark,37.9166667,71.3
iich,38.4722222,68.8208333
ilgovar,38.3,70.3166667
ilty,37.8,68.8
imamtarifi,37.9302778,69.7163889
imeni ayni,40.1833333,68.8833333
imeni chapayeva,37.9166667,68.8666667
imeni engelsa,37.4625,68.6141667
imeni frunze,37.5333333,68.65
imeni karla marksa,37.6166667,68.5833333
(( imeni kirova )),37.5,69.35
imeni kirova,37.8166667,68.85
imeni molotova,37.3419444,69.0080556
imeni nasira khisrav,37.4666667,68.2333333
imeni rudaki,39.4833333,67.6166667
imeni sardarova karakhana,38.4422222,68.7769444
imeni stalina,37.7166667,68.7833333
imeni telmana,37.3766667,68.6708333
imeni voroshilova,37.1166667,68.2333333
imeni vosmogo marta,37.4813889,68.5283333
(( indukul )),37.8833333,69.8666667
ingichka,38.3494444,68.7138889
inkukh,38.7175,70.6475
iol,37.7636111,70.1902778
ionakhsh,38.6,69.6666667
iori,39.5083333,67.8697222
irkht,38.1333333,72.6166667
isfara,40.1166667,70.6333333
isfisor,40.2433333,69.7447222
(( ishan )),37.6,69.3666667
ishkabad,37.95,68.2833333
ishkashim,36.7272222,71.6116667
ishkili,39.7166667,68.8
ishma,37.9727778,69.0947222
ishma tretya,38.2,68.7333333
ishtarchi,39.8833333,69.15
(( ishtel )),37.65,70.1333333
ishtimoyut,38.5291667,68.9119444
ishtion,38.845,70.7877778
isiz,39.4166667,69.45
iske-dayak,39.8166667,68.9666667
iski-baldirgon,38.5252778,68.8977778
iskich,38.6877778,68.5575
iski-darkh,39.3166667,69.0166667
iski-guzar,38.5,69.05
iski-lyagman,37.6833333,68.6166667
iskodar,39.4527778,68.4872222
islomobod,37.6786111,69.5755556
ispan,39.4102778,68.6986111
ispechak,38.5794444,68.7216667
israilabad,38.4836111,69.0475
istik,37.7333333,74.3833333
itak,38.5372222,68.9594444
ittifok,38.4872222,68.5677778
izhog,38.1833333,71.6333333
jorbog,38.0225,69.8419444
kabkrez,38.5172222,69.2713889
kabla,37.5,68.15
kabodiyen,37.4122222,68.1880556
kabutchiyon,38.9111111,70.0358333
kabuty,38.9833333,68.8
kadara,38.9833333,70.2666667
kadi-ob,38.6833333,69.35
kaduchi,37.8919444,69.6283333
kady-dzhabar,38.5666667,68.3166667
kadyr-berdy,38.3,68.8833333
kafiringan,38.5983333,69.1111111
kaftarguzar,38.8397222,70.1563889
kaftar,37.9052778,70.0033333
kaftar-khana,37.9130556,69.7225
(( kaftor )),37.9166667,69.9833333
kaganovichabad,37.5894444,68.6608333
kaikak kum,40.2647222,69.7894444
kaindisoy,40.4927778,69.7025
kairma,39.7827778,68.8527778
kakhramon,37.2761111,68.1333333
kalacha,38.6,68.9869444
kalacha,39.2833333,69.9333333
kalaidasht,38.6258333,69.5
kala-i-khamb,38.4663889,70.7938889
kalaikhusain,38.7266667,70.6416667
kalai-lyabi-ob,39.1183333,70.8566667
kalai-mirzabay,39.7397222,69.1572222
kalainav,38.7019444,69.6427778
kalai-puchkak,37.5327778,69.4672222
kalaishodi,38.5627778,69.2122222
kalai-vamar,37.9441667,71.5575
kala-i-vanch,38.3730556,71.4552778
kala khoit,39.1833333,70.8833333
kalanak,39.0833333,70.5
kalaryk,37.7,70.25
kalay-khodzha,38.5666667,70.2666667
kalfisabad,38.1572222,69.0055556
kalininabad,37.8666667,68.9166667
kalinin,37.4258333,68.6011111
kalinino,38.5947222,68.75
kalininskiy,37.4852778,68.6383333
kalkot,38.2575,69.2552778
kallyapar,38.35,68.4333333
kalon,39.0466667,68.8330556
kaltashur,37.8897222,69.0613889
kaltuch,38.7072222,69.2605556
kamadon,39.0427778,68.8127778
kamar,39.4833333,67.5
kamarou,39.1666667,70.3166667
kamar-tash,39.3833333,67.5
kambar,38.6027778,68.2775
kamchak,38.6541667,70.6786111
kamchin,38.6263889,68.8530556
kamongaroni-bolo,38.5491667,68.9702778
kampirkala,38.5283333,68.6627778
kamyshkurgan,40.55,70.4333333
kamyshogly,37.4069444,69.1041667
kanakurgan,38.1738889,74.0536111
kanchoch,39.0472222,68.3438889
kandau,39.1380556,71.6508333
kandi,38.6544444,68.9452778
(( kandou )),37.9833333,70.15
kangur-dzhar,38.2166667,68.9833333
kangurt,38.2461111,69.52
kangurtut,38.2333333,69.4333333
kanibadam,40.2833333,70.4166667
kante,39.2391667,68.4986111
kanyaz-i-bole,39.0,69.7
kanyshbek,39.15,71.0666667
kaporel,37.9833333,70.2166667
kara-agach,37.7283333,69.6747222
karaagach,38.4705556,68.4236111
karaart,39.0575,73.5933333
kara-avgan,38.55,68.6166667
karabadam,37.8530556,69.1211111
kara-balchik,38.0988889,68.3872222
kara-bulak,38.2333333,68.5666667
karabulok,38.5375,69.1627778
kara-dzhilga,38.1486111,73.7488889
karagach,38.3,68.8
karagag,38.6188889,68.3352778
kara-gendzha,39.2422222,71.5261111
karagoch,37.7505556,69.9558333
karakamish,38.2325,69.5191667
karakchi,37.6544444,69.3933333
karakchikum,40.25,70.1333333
karakon,40.55,70.3
karakul,39.0141667,73.5583333
kara-kurgan,38.3569444,72.495
karakutan,38.7166667,70.1666667
karakuz,38.2747222,68.3775
karamandi,38.2944444,68.6972222
kara-mazar,40.7,69.9666667
karamkul,38.5155556,68.5127778
karani,38.6333333,68.1
karany,38.5905556,68.0827778
karapchi,39.8,68.7833333
kara-sakal,39.8227778,68.9716667
karasu,38.0088889,73.9347222
karasu,38.5097222,68.9363889
karategin,38.5741667,68.8305556
karatosh,38.3869444,69.2430556
karcha,37.8,68.7833333
(( kargandzha )),37.7,69.8833333
kargaron,37.7686111,69.9525
(( kariz-poyen )),37.8333333,69.7833333
karl marks,37.3463889,68.1244444
karmysh,39.7166667,68.9166667
karsang,38.5819444,69.3755556
kartaypak,38.0591667,69.6969444
kasa-bulak,38.1552778,68.525
kasatarosh,38.6805556,68.6666667
kashimbog,39.15,70.2
kashkarokha,38.1727778,69.0141667
kasimabad,38.3622222,68.6402778
kaskon,38.8569444,69.7730556
kasvir,37.1333333,72.7166667
kataganshakh,37.95,68.8333333
katanbulok,38.6302778,68.9519444
katta-buyni,38.4833333,68.3
katta,38.65,68.4833333
katta-kishlak,39.5,67.5833333
katta-sarikamysh,40.7666667,70.5666667
kaun-tyube,37.8666667,68.7333333
kaun-tyube pervoye,37.85,68.6666667
kavrakli,37.9902778,69.3227778
kavshduzon,38.6533333,68.5366667
kaykidasht,37.8191667,69.5275
kaynar,37.8733333,69.6747222
(( kaynar )),37.8833333,69.8
kayrogochi-bolo,38.5455556,68.8963889
kayrogoch,38.5569444,68.8730556
kayrubak,38.4127778,69.78
kaytmas,37.4930556,68.57
kazakh,37.2444444,69.1622222
kazakmazor,37.8077778,69.1144444
kazakon,38.5855556,68.7313889
kazanguzar,37.9819444,69.0491667
kazidi,37.0166667,71.45
kaznan,39.0166667,70.2666667
kelitosh,38.595,68.6772222
kemkul,39.7238889,68.8819444
keriok,38.2925,69.2822222
kevron,38.4769444,70.8852778
khaboyet,37.45,71.5833333
khadgut,37.7,72.3666667
khadzhi-bay,38.2419444,68.5416667
khairavat,39.45,68.3833333
khakimi,38.815,69.8002778
khakimi,38.7986111,68.3527778
khaldyr-kipchak,39.8397222,68.8330556
khalfa-aryk,37.7666667,68.6333333
khalila-bulak,38.1333333,68.6333333
khalkaer,38.1847222,69.8944444
khalkayar,37.1,69.2333333
khamdora,38.7333333,70.3333333
khanabad,38.1172222,69.8766667
(( khanaka )),38.5,68.5333333
khanaka,38.7172222,68.6008333
khanako,38.9166667,69.5833333
khanka,38.5333333,68.5666667
kharakoni,38.55,69.9666667
kharangoni-bola,38.6755556,68.8641667
khargush,37.3808333,73.1233333
kharkaron,37.8591667,70.0597222
kharkharak,38.2638889,68.6333333
kharpo,38.5013889,71.6766667
khasandara,38.8288889,69.8372222
khasani,38.3813889,69.0966667
khashdara,38.4816667,69.4525
khas-khorog,37.2572222,71.4855556
khatcha,37.6333333,69.45
khavaskor,37.2733333,68.1655556
khavzako,37.5419444,69.3588889
khaymakhmady,38.5175,69.1730556
khayoti nav,38.4986111,68.5869444
khayrabad,38.4422222,69.3205556
khayrabad,39.4166667,69.5166667
khayronak,38.6441667,68.8505556
khayronbed,39.1497222,68.4636111
khaytali,38.6136111,68.9963889
khazara,37.9833333,68.5333333
khazrati-imom,38.2833333,70.2833333
kheadzh,37.2,71.6
khermonzhou,37.8913889,70.1677778
khidzhis,38.0047222,71.8452778
khikhek,38.2475,71.3819444
khilmagz,38.6955556,69.3697222
khirgatarash,38.5052778,68.8547222
khirmanak,38.5902778,68.5586111
khirs,38.8288889,70.8286111
khishka-sangou,37.7925,69.9769444
khishkat,39.4333333,68.5
khitay,40.075,69.4541667
khlopkovyy,37.3188889,68.7186111
khneuk,38.2333333,71.4666667
khnuk,37.7833333,70.2166667
khocharki,38.1461111,69.8311111
khochildiyeri-bolo,38.6197222,68.4652778
khochildiyer,38.5661111,68.4855556
khodishar,39.4166667,69.2333333
khodzhabaykul-bolo,38.5294444,68.9894444
khodzhabaykul,38.5241667,68.9855556
khodzhabog,37.7652778,69.9391667
khodzha-bulak,38.0116667,68.3119444
khodzhagalton,37.8355556,70.0680556
khodzhaguzar,37.8483333,69.2738889
khodzha-isaf,39.7166667,68.9666667
(( khodzha-isan )),37.6666667,69.8166667
khodzhakala,38.0111111,68.8297222
khodzha-katagan,38.5888889,68.9733333
khodzhakhalil,38.2480556,69.8944444
khodzha-kochkari,37.2605556,69.0775
khodzha-maston,38.7333333,68.6166667
khodzhambio-bolo,38.6358333,68.7688889
khodzha-musa,38.5,68.5833333
khodzha-obigarm,38.9002778,68.8008333
khodzharki,38.25,69.2833333
khodzhasartez,37.9705556,69.6736111
khodzhasiddik,38.5072222,68.6322222
khodzhigirdob,38.2955556,68.4261111
khodzhimard,38.5666667,69.3166667
khokak,37.4166667,68.1666667
khokali,38.6255556,68.9166667
khokhu,38.8333333,69.2666667
khonakokh,38.2886111,69.8661111
khonatarosh,38.0738889,70.0180556
khordarai,38.6288889,69.1241667
khorog,37.4916667,71.5558333
khoshadi,37.1047222,68.0947222
khoshehol,39.1833333,71.25
khosh-ob,38.6666667,69.9166667
khostav,38.1863889,70.5044444
khost,38.5416667,70.8366667
khovaling,38.3411111,69.9794444
khrazmoni,38.2388889,70.0841667
khshirtab,39.2266667,68.9158333
khudayshan,37.9647222,69.7688889
khudgif,39.4166667,70.0
khudzhay-nakhsheron,38.45,68.2
khulozi,38.9038889,69.8675
khumorigung,39.1794444,68.0044444
khundukul,37.8772222,69.8861111
khuraz,38.2666667,68.7166667
khur,38.7383333,70.5827778
khurk,38.5163889,71.0397222
khurmi,39.5166667,67.5833333
khusenshug,38.1302778,69.4575
khushon,38.7713889,69.2719444
khushtair-mukhlan,40.0480556,69.1502778
khusnobad,39.35,68.0333333
khuvan,38.4666667,69.3502778
khuyum,38.9833333,70.3166667
khuzhalksho,37.9961111,69.9863889
khuzya,39.9666667,68.9833333
kian-chashma,37.6997222,69.7169444
kibil,38.3738889,69.2847222
kiblai,38.6208333,68.8333333
kibloy,38.0269444,69.5980556
kiik-mazar,38.125,68.6897222
kim,40.2,70.4666667
kipchak,38.6,68.2166667
kipchok,38.5866667,69.0308333
kipkak,38.0302778,69.9316667
kirgiz,37.215,69.1530556
kirgizkislak,38.6719444,68.2275
kirgochak,38.1883333,69.0277778
kirma bolo,38.1166667,69.6833333
kirma,38.4027778,68.825
kirov,37.4288889,68.5666667
kirpichnyy,38.4213889,68.7547222
kirskhana,39.3666667,67.7
kisatorosh,38.6833333,68.6833333
kishlak-kzyl,38.4188889,68.5747222
(( kishtibolo )),37.9333333,70.1333333
kishti,37.9283333,70.1691667
kishtudak,39.4772222,68.1283333
kizilbulok,37.7727778,69.1616667
kizil,38.45,68.9166667
kizilkuch,37.2788889,68.1963889
kizil rabat,37.4694444,74.8086111
kizilsoy,38.0816667,69.4491667
kizyl-bulak,38.4666667,68.4
kizyl-kala,37.1952778,68.5786111
kizyl-mazar-bolo,38.0458333,69.5880556
kochkarbulok,37.7075,69.1588889
kochkiya,37.3044444,69.1241667
kodara,37.6588889,69.5569444
(( kodara )),37.7166667,69.8833333
kofarnihon,38.5530556,69.0197222
kokbulak,38.7555556,69.6775
kokliksoy,37.805,69.0402778
koktash,39.5,67.6333333
kok-tepe,39.05,68.9
(( kol-bulak )),37.9666667,69.15
kole-bulak,38.3127778,68.3405556
kolem-boki,39.1,70.7666667
kolkhozabad,37.6,71.7666667
kolusufyan,38.2930556,69.4063889
kombinat slepykh,38.5036111,68.5763889
komsomolabad,37.7811111,69.6063889
komsomolbad,38.8669444,69.9622222
komsomol,37.7,68.6166667
komsomol,37.3969444,68.6455556
konchi,38.4677778,68.5808333
kondara,38.8119444,68.8283333
konstitutsiya,38.5383333,68.7188889
korolevskaya dacha,37.2319444,68.3886111
kosatarash,39.3833333,67.7666667
kosatarosh,38.4333333,69.5
koshachinar,37.3458333,68.1869444
koshana,39.4463889,68.0683333
kosh-bulak,38.0333333,68.5166667
koshkent,40.0833333,68.9333333
koshkiya,37.9861111,69.6422222
kosh-kurgan,39.83,68.8141667
kosh-tepe,39.4661111,67.6286111
kosychubak,38.5333333,70.0333333
kotorak,38.575,70.3227778
krasnoostrovskiy,37.3480556,68.685
krchi-kul,38.4166667,68.6
(( krichol )),37.7666667,70.0666667
krut,39.4269444,68.555
kshindara poyen,38.3166667,70.0666667
kuchkak,40.25,70.3333333
kuchkan-bulak,38.4147222,68.2797222
kuchkan,38.1422222,69.5058333
kuduk,38.1833333,68.6166667
kuduk,38.6166667,68.0833333
kudukly,37.3080556,69.1108333
kugi-lyal,37.1833333,71.45
kuibyshevabad,37.95,68.8166667
kuitemez,37.3111111,69.0619444
kukhnaboy,38.4413889,68.5988889
kukhon,38.6333333,68.5191667
kulabad,38.2727778,68.9927778
kulab,37.9091667,69.7819444
(( kul-ayud-bek )),37.9666667,69.9833333
kulbek,37.8816667,69.5702778
kul-bulak,38.4,68.7666667
kulchashma,38.1508333,70.0216667
kuldeman,37.2811111,69.0666667
kuldoman,37.9763889,69.8891667
kulegtel,38.4166667,69.8
kulibedak,38.6572222,68.7244444
kulikutan,39.75,68.6833333
kulin,38.0166667,72.6666667
kulkat,40.15,70.7
kul,37.9677778,69.9869444
kul,40.1166667,69.1166667
kulmakmidi,38.6547222,68.8336111
kulmunda,38.5141667,68.5852778
kululu,38.1333333,70.05
kulumbai-bolo,38.6375,70.6344444
kumarg,39.3666667,68.5833333
kum,39.4166667,68.3833333
kumsangir,37.4127778,68.6844444
kunchi,38.45,68.5666667
kundashar,38.2872222,70.0713889
kungara,38.25,70.2666667
(( kun-tyube )),37.7666667,69.6
kunyashaar,37.8980556,69.7644444
kunzhak,39.75,68.95
kuprukbashi,40.9,70.6
kuprukboshi,38.5811111,69.0755556
kuranch,38.8,70.1833333
kurban-kusa,38.4422222,68.1575
kurbanshaid,37.7777778,69.5577778
kurbantaybulok-poyen,38.0316667,69.6563889
kurdyk-say,38.3,68.8333333
kurdzhalol,37.185,68.185
kurgan-tyube,37.8363889,68.7802778
kurgawad,38.4244444,71.1163889
kurghon,38.4602778,74.4083333
kurkat,40.1369444,69.2552778
kur-kuduk,38.3,68.75
kurort oksukon,40.5333333,70.4
kurot,37.2488889,68.1683333
kurpai,38.6413889,68.8619444
kuruk,38.865,68.6616667
kuruksay,40.5786111,69.3777778
kurzhumtosh,37.7502778,69.7627778
kus-abad,38.3166667,68.8666667
kushkak,38.7219444,68.6427778
kushkutan,39.3166667,67.75
kushtepa pervaya,38.5338889,68.815
kushteppa,37.7819444,69.6063889
kuymot,38.4044444,69.1066667
kuyu-burka,37.1972222,69.1433333
kuzibacha,38.4986111,68.1347222
kyrk-archa,39.4166667,67.5
kyrkkuduk,40.7,70.6833333
kyrkuduk,37.4008333,69.2027778
(( kyshkasangou )),37.7833333,69.9666667
kyzyl-alma,38.6833333,68.3833333
kyzyl-askar,37.1916667,68.15
kyzyl-bulak,38.6833333,68.3666667
kyzylguzar,38.0672222,69.4069444
kyzyli,40.0638889,69.2175
kyzylkala,37.9,68.65
kyzylnishon,37.4358333,68.6386111
kyzyl nishon,38.5452778,68.8861111
kyzylsu,37.5391667,69.3388889
kyzyl-tabobu,38.3833333,68.55
kyzyl-tadzhikistan,37.3863889,68.6588889
labital,38.5236111,68.6925
lagman,37.8958333,69.7475
lakai-begi,38.5094444,69.0816667
lakhat-bul,38.35,68.3666667
lakhiti,38.2947222,69.8947222
lakkon,40.1666667,70.8666667
laklakuya,37.2902778,68.1863889
langa kisht,37.0516667,72.6727778
langa,38.7130556,70.5022222
langar-kalon,37.9816667,70.0072222
langar,40.0594444,69.3241667
langar-poyen,38.5505556,68.5675
larkhobi,37.8152778,69.6755556
latokhorak,38.6186111,68.5666667
lattaband,38.4061111,68.5380556
layka,38.45,68.65
layron,38.8925,70.9275
layron,38.8430556,69.8219444
leninabad,37.4722222,68.5258333
leninayel,37.1491667,68.1236111
leningrad,38.1077778,70.0308333
lenin yuly,38.0108333,68.8347222
leprozoriy,38.3711111,68.515
letnik vakhynch,38.0333333,72.6
lidzhak,38.6280556,69.14
lilykutal,37.8697222,69.7555556
lodzhirk,38.1,71.9833333
lohur,38.3788889,68.7041667
lojirk,38.8611111,71.1077778
lokhur,38.0327778,69.1997222
lolagi,38.5958333,68.5497222
lolazor,38.5713889,68.9894444
lomanov,37.4866667,69.3772222
loshkharf,38.6741667,69.3277778
louka,37.8202778,69.7877778
loyeva,38.4,70.05
loyob,38.6055556,68.8775
lublikor,37.0413889,68.0825
luchob,38.7052778,68.6838889
lukhch,38.6780556,70.6811111
lushiyen,38.3555556,69.9483333
lyabi-dzhon,38.7333333,68.35
lyakat,40.0166667,69.0166667
lyakhsh,38.3166667,71.25
lyangar-dara,38.1333333,70.2166667
lyanglif,39.45,70.0333333
lyatoban,38.3833333,68.5333333
machiton,38.5761111,68.9705556
madaniat,37.45,68.5333333
madaniyat,37.45,68.6527778
madm,39.4344444,68.3497222
madovra,39.3236111,68.1152778
madrushkat,39.4461111,69.6661111
magaitu,38.8330556,68.6891667
magian,39.2511111,67.6688889
magmurud,38.6575,68.9480556
magov,38.6875,69.1063889
mahmadsho,38.5038889,68.7013889
maikota,39.5161111,67.7666667
makhmadzhan,39.3166667,70.6166667
makhram,40.25,70.1833333
makhrazi,38.4422222,69.2797222
maksev,38.2666667,69.1666667
makshevat,39.125,68.4847222
maksim gorkiy,37.4222222,68.5677778
maksim gorkiy,38.5808333,68.2319444
marazteppa,37.8216667,69.5997222
mardzh,37.7005556,72.4466667
margab,38.1688889,73.965
margib,39.1763889,68.8936111
margob,37.6638889,69.5975
marguzar,37.4511111,69.3563889
marguzar,39.1,67.8666667
marifati,38.625,68.69
marish-karon,37.6913889,69.8513889
markansu,39.2969444,73.3455556
markhana,37.75,72.4166667
(( maroz )),37.8333333,69.5833333
marsor,38.0333333,72.15
martaki,38.1572222,69.9938889
marzich,39.1727778,68.7377778
mashal,37.7402778,69.0530556
matcha,40.3680556,69.3252778
matraun,38.185,71.4422222
maulak,38.3730556,69.3980556
mavlondzhari-bolo,38.5727778,68.5536111
mavlondzhar,38.5630556,68.5502778
mayda-patta,37.5266667,69.3205556
maydon komsomol,37.2233333,68.0361111
(( maydon )),37.8,69.9333333
maydon,38.6930556,69.7408333
maykhura,39.0247222,68.5877778
mazari-sharif,39.4,67.85
mazar,38.2833333,71.5666667
mazaryuru,38.4763889,70.0791667
mazorirarz,39.3533333,68.7136111
mdykhara,38.5833333,71.7666667
medenshar,37.3333333,71.75
medynved,37.2,71.8666667
mehnat,38.0872222,68.6886111
mehnat,40.2,68.95
mehnatobad,37.7266667,69.5458333
mehnatobod,38.1705556,68.9566667
mekhnat-rokhat,37.3591667,68.7247222
mekhtari,38.6197222,68.8991667
mekhtari novyy,38.6055556,68.9086111
metintugay,37.6133333,69.5605556
meynet-kash,38.4666667,68.25
mianshar,37.7219444,72.2641667
mikoyan,38.4980556,68.8397222
mimichi,39.1166667,70.6666667
minbulak,39.2166667,71.5166667
mindaka,39.4833333,67.95
mingachar,38.2997222,68.5216667
ming-botman,38.2666667,68.4166667
ming-tut,38.4666667,68.2166667
(( min-tut )),37.9666667,69.7666667
mionadu,38.83,70.8780556
mirzakulabad,38.2686111,68.815
mirzochul,38.5605556,68.6736111
misninobad,38.6666667,69.5333333
misyr-abad,37.2833333,68.1166667
mitin-tugay,37.8,69.6069444
miyenadara,38.8186111,69.9252778
mogol,37.9630556,69.7563889
mogul,37.2875,69.1391667
mogul,39.5,67.6833333
moinkadzh,38.5691667,68.9355556
moinkadzh-poyen,38.5611111,68.9525
moloshady,38.5333333,68.35
momandien,38.1513889,70.0672222
momirak,37.8947222,69.9219444
monming-abad,38.65,68.35
morteppa,38.5541667,68.5911111
moskva,37.6566667,69.6291667
mudshum,39.8791667,69.1869444
mudzhikharf mayda,38.8602778,69.8758333
muguloni-poyen,38.6552778,68.7033333
mugulon,38.5333333,68.8652778
muhojirobod,37.5208333,69.4547222
muk,39.1666667,71.5666667
mukur,39.7155556,68.8286111
mulla-dobat,38.5291667,68.9380556
(( mulla-kazagi )),37.8666667,69.8166667
mullamir,40.7333333,70.1666667
mullasultan,37.9586111,69.8061111
mulvodzh,36.9166667,71.55
munda,37.9702778,69.3941667
mundok-belo,37.9644444,69.3941667
murateppa,37.3511111,67.9702778
murdgodga,38.6191667,71.8591667
murshikor,38.6280556,68.7469444
murutak,38.3719444,68.5041667
murza-khan,38.8686111,69.5833333
musa-bazari,38.6333333,68.35
musobozor,39.2416667,67.4166667
muzkol,38.7080556,73.5158333
nadirabad,38.8825,70.1255556
nadzhi,38.6333333,68.4666667
nadzh,38.5561111,68.5019444
nafaroch,39.8166667,69.0
nagodak,37.4666667,71.5166667
namadgut,36.7166667,71.7666667
namozdzhoy,37.5738889,69.3783333
namozgokh,39.0552778,68.8541667
namuna,37.4277778,68.5152778
nandzheymas,37.9833333,69.7333333
narabad,38.6605556,68.3286111
narge-say,39.4666667,68.3666667
narvad,39.1147222,68.4077778
naryn,38.2952778,68.935
nasosnyy,38.5261111,68.71
nasrud,39.25,70.0833333
nasrut,39.0483333,68.8616667
naubad,38.2577778,68.3438889
naugandy,40.0333333,69.05
naugarzan,40.9333333,70.55
naumitkan,39.2,69.0833333
nau,38.2666667,72.2333333
nau,40.1538889,69.3730556
navaabad,37.8408333,70.0372222
navabad,39.0077778,70.1555556
navabad,39.7211111,68.9563889
navabadskiy,38.5877778,68.7386111
navdekh,38.4361111,69.3319444
navdi,38.0094444,68.8086111
navdonek,38.9833333,70.2166667
navkoram,38.2869444,69.0411111
navobodi bolo,37.6358333,69.3808333
navobod,37.5019444,68.8891667
navraut,39.6166667,69.3
navruzbulok,38.6883333,68.6469444
naygif-dargaza,38.7333333,71.2
nayza-bulak,37.8833333,68.5166667
nazaraylok,39.3786111,70.6291667
nazarboy,37.8241667,69.9147222
nefteabad,40.2,70.5666667
negnot,39.3616667,68.0113889
nemas,37.3191667,72.2202778
nemats,37.7147222,72.0402778
neyli,38.6758333,68.5277778
nidzhani,39.965,68.9252778
nilkon,38.6008333,68.9213889
nimshus,38.2666667,72.2166667
nisay,38.7166667,71.25
nishgar,37.0166667,72.4666667
nisur,38.2911111,72.3977778
niyazbek,40.25,70.25
nizhniy khokak,37.3833333,68.1333333
nofin,39.1833333,67.8333333
noling,38.4425,69.4797222
norak,38.3883333,69.325
nory,39.5,67.8833333
novabad,37.0852778,68.1191667
novabad,39.2,69.3
novabad-poyen,37.6283333,69.3594444
novakipoyen,38.8833333,69.2666667
novasoy,38.4258333,68.1161111
novobad,37.6833333,68.6833333
novobad,38.4833333,70.0833333
novobod,37.4044444,68.6894444
novobulok,37.8102778,69.8841667
novyy sarkor,38.5066667,68.1975
nukbist,38.2333333,72.2333333
nulvand,38.2602778,70.5555556
nuranch,38.7988889,70.2075
nyut,36.7166667,71.6
obburdon,40.4277778,69.3047222
obdzhuvoz,39.8638889,68.9941667
obgo,38.4833333,71.6166667
obiborik,38.7958333,69.8502778
obi-dzhuk,38.7666667,68.9
obi-dzhuk,38.7758333,68.8308333
obigarm,38.72,69.7094444
obikiik,38.1586111,68.6722222
obilurd,38.9075,70.1380556
obimuki,38.2,69.0255556
obinukra,38.6705556,69.2872222
obitera,37.7552778,69.9494444
obkarchagay,39.8333333,68.9625
oburdan,39.4052778,69.0833333
ochamayli,38.53,68.6791667
odesht,38.4013889,71.5033333
ogilaki-poyen,39.4333333,67.95
ogilgaron,38.6816667,70.6630556
oim,38.5441667,68.3319444
okbulok,38.2872222,69.6963889
okchakman,38.5872222,68.9180556
okdzhar,37.8447222,69.5616667
okkuduk,40.6833333,70.5833333
okkurgon,38.5083333,68.7416667
oktabr,38.525,68.3333333
oktok,38.5916667,68.8633333
oktosh,38.2633333,69.9819444
oktyabr,38.0763889,68.8366667
oktyabr,39.95,70.5
oktyabrskiy,37.3277778,68.7080556
olimtoy,37.7777778,69.3855556
oliy-sovet,38.4477778,68.8
omada,38.55,68.35
oqbuloq,38.2697222,68.5430556
oqmachit,38.4752778,68.1775
oroshar,38.315,72.3211111
orzu,37.6,68.8166667
osiob-dara,39.1666667,70.7
osmanbika,37.9983333,69.7602778
ovul,38.5722222,68.7244444
oy-barik,38.75,68.4333333
oybosh,38.545,68.5375
ozodii shark,38.0022222,68.8566667
ozodii zanon,38.5108333,68.7094444
ozodi,38.3441667,69.0688889
padkinov,38.3947222,70.6691667
padrud,38.005,71.7691667
padrud,39.1666667,67.8333333
pagna,39.3266667,68.0225
pagulya,38.65,70.4166667
paimazar,39.3216667,68.4611111
pakhrud,39.3833333,68.7833333
pakhtaabad,37.7091667,69.4961111
pakhta-bay,38.4669444,68.1338889
pakhtaboy,38.4166667,68.1416667
pakhtakoron,40.1666667,68.75
pakhtakor,37.3780556,68.6552778
palas,40.3136111,69.7444444
paldarok,39.4166667,69.9333333
paldorag,40.4844444,69.3016667
pam-dara,38.3,70.15
pandzheriyen,38.3641667,70.0880556
pandzhkho,39.0555556,68.7719444
pandzhrud,39.3533333,68.0552778
pangas,40.75,70.25
pani,39.15,67.85
panjakent,39.5030556,67.615
panji bolo,37.3252778,68.6819444
parchasay,38.2333333,69.2
parchasoy,38.2608333,69.0397222
parinishian,37.75,72.1333333
parizhskaya-kommuna,37.2591667,68.1188889
parkamchi,38.1802778,69.3505556
parkent,39.9166667,68.7833333
parshed,37.4,71.6166667
partizani surkh,37.55,68.5833333
partizani-surkh,38.4747222,68.7813889
parvar,37.7333333,70.2166667
parzhir,37.5,71.75
pasariq,37.4552778,68.4938889
pashchi,39.8333333,68.85
pashimgarm,38.8666667,71.4666667
pashor,38.7797222,70.2847222
pashum,38.8783333,68.9233333
pasivaram,38.4863889,69.7694444
paskitomchi,38.5011111,68.9105556
pasor,38.4077778,72.635
pasrud,39.2255556,68.4422222
pastakon,38.2922222,69.1288889
pastezak,38.2333333,69.9333333
pastigov,39.4144444,69.2258333
patar,40.3333333,70.45
patru,38.6833333,68.4
pattalik,38.3,68.85
pay-mazar,38.6527778,71.9672222
pchandar,38.8794444,68.9627778
peho,38.4097222,69.3519444
pervomayskiy,37.3344444,68.715
pervomaysk,37.3411111,68.7522222
peshkadam,37.3322222,69.0463889
pete,39.25,68.55
peteul,37.3661111,68.6330556
petir,39.1833333,69.15
pichef,39.0430556,69.3847222
pildoni-miyena,39.1666667,71.0666667
pingan,37.7833333,69.55
pinion,39.2272222,68.4947222
pionerabad,38.6877778,69.5530556
pioner,38.2961111,68.9280556
pionerskiy,37.3438889,68.6644444
(( pionersk )),37.2833333,68.7
pishanza,39.2411111,68.6325
pish,37.3833333,71.4833333
pishtovo,38.6,69.9166667
piskon,39.1666667,69.1833333
pisoda,38.8166667,71.0833333
pistamazor,37.7158333,69.8530556
pitaukul-balkh,39.3333333,71.3
pobeda,37.4202778,69.3530556
podak,38.4666667,71.0166667
podayem,37.9522222,69.1011111
pokhut,39.3883333,68.8097222
polne,38.4166667,72.65
pormin,39.1558333,68.5769444
poruk-tash,38.7166667,68.4
porven,39.3122222,68.045
poselok nomer chetvertyy,37.6666667,68.8333333
poshkharv,38.3975,71.1616667
poshma-kuna,38.7797222,68.1927778
potau,38.4652778,71.6016667
pravda,38.5286111,68.8116667
priiski,38.6030556,74.1552778
pshambe,38.8963889,68.9391667
pshikharv,38.4013889,71.2272222
pshti-miona,38.7,68.3666667
ptup,36.95,72.2333333
pugus,38.8513889,68.8505556
puli-dangal,38.5666667,71.7666667
punuk,40.8666667,70.3666667
purud,38.8833333,68.95
pushing,38.1905556,69.4430556
pushion miona,38.0391667,69.7913889
pushion poyen,38.0166667,69.7666667
(( pustin-dara )),37.15,67.8166667
pyandzhsola,37.885,69.7397222
qita partsezd,37.4069444,68.1363889
qita qizilobod,37.3816667,68.1305556
qita yakumi may,37.4991667,68.1422222
qulobod,38.6858333,69.5830556
qumsangir,37.4666667,68.6444444
rabat,37.3563889,72.3075
rabat,38.6216667,68.1833333
rabat sasok-kul,37.6786111,73.1958333
rabotakbaytal,38.4961111,73.8638889
rabot,38.5605556,70.7863889
rachiv,37.2186111,72.7894444
(( rafak )),37.7333333,69.8833333
ragun,38.7811111,69.8719444
ragunskiy,38.6191667,68.7769444
rakhmanberdy,37.9369444,69.7422222
ramaif,38.0666667,72.7666667
ramanit,36.75,71.9166667
ramid,38.7277778,69.31
rang kuk,38.4811111,74.3788889
rangok,38.3733333,68.8427778
rang,36.7166667,71.6166667
rarz,39.3802778,68.7441667
rash,39.5333333,67.7
raumid,37.9833333,71.9833333
raun,38.3,72.55
rau,38.4333333,71.5666667
ravadik,39.3,67.8666667
ravat,39.1769444,68.5738889
ravgada,38.5311111,71.7216667
ravshani,38.9080556,69.8786111
razuch,38.1513889,71.9463889
redzhau,37.7166667,70.25
regar,38.5041667,68.235
regar,38.5108333,68.2302778
reki,38.75,68.45
remon,39.2280556,68.6630556
revad,39.3852778,68.1958333
rid,37.9833333,71.7333333
rishgirakh,38.4980556,69.2711111
rivak,37.6333333,71.7833333
robat,40.5666667,70.3666667
roga,38.85,71.3166667
rogich,39.1486111,67.7405556
rog,38.2166667,71.2666667
rog,39.4333333,70.0166667
rohi lenin,37.4936111,68.6561111
rokharv,38.025,71.3336111
rokhati,38.6019444,68.9275
rosht-kala,37.2666667,71.8166667
rovand,38.5933333,71.8466667
roviv,38.0627778,71.8891667
rozien,38.27,69.2622222
rudaki,38.1333333,68.9583333
rufigar,39.1425,69.4197222
rugund,39.9722222,68.9686111
ruidash,38.5922222,70.3338889
ruiob-sandora,38.3830556,70.13
rustakov,38.4,68.8833333
ruykash bolo,38.0333333,70.2333333
ruziobnak,39.4775,68.0447222
ruzvay,38.4525,70.8336111
sabakh,39.4641667,69.8119444
sabzikharv,38.8025,70.7019444
sabzikor,38.5319444,68.8541667
sadbaregokh,38.1588889,70.0055556
sadbargo,37.6752778,69.6080556
sadii sherozy,38.0916667,68.8575
sadvadg,38.4986111,71.6491667
safarmat,37.5655556,69.3694444
safeddara,38.4636111,69.4286111
safeddori-bolo,37.8611111,70.1133333
safedoron,38.6752778,70.7291667
safed-sang,37.65,70.25
safedshakhrak,38.2794444,69.9125
safet-sang-bolo,38.7166667,70.7666667
safid-dara,38.6666667,69.2333333
sagirdasht,38.6366667,70.6633333
sakhibnazar,39.5166667,67.4666667
sakhron,38.5858333,68.3388889
saksanasur,37.6386111,69.4447222
saksanokhor,37.5427778,69.3841667
sak-sion,39.8775,68.96
salga,37.2130556,69.1711111
samanchi,37.6502778,69.4183333
samgar,40.3333333,69.8666667
sandiv,37.1666667,71.95
sangak-chashma,37.7827778,69.9161111
sangdarai ubara,38.0202778,69.9688889
sangdara,37.9977778,69.9730556
sangevnidaroz,38.4211111,70.7055556
sangevn,38.2766667,70.5813889
sangichou,38.6,68.4
sangistan,39.3986111,68.5908333
sangiugul,38.1438889,69.9069444
sang-milya,38.6216667,68.4030556
sangoba,37.2338889,67.9841667
sangonegel,37.9666667,70.2166667
sangpar,38.485,69.0983333
sangtuda,38.0388889,69.0788889
sangvor,38.7775,71.2197222
san-tuda,38.5363889,68.8825
sanzhitaki,38.2833333,68.4833333
sara-kamysh,38.4422222,68.4
sargay,39.4011111,71.6902778
sargazoni bolo,38.0683333,69.2688889
sargazon,38.06,69.2869444
sarichashma,37.755,69.8419444
sarichinori-bolo,38.5933333,68.9880556
sarichinor,38.5633333,69.3213889
saridasht,38.6733333,70.5055556
sari dasht,38.8861111,70.0505556
sarigor,37.6466667,70.2
sarikamar,38.3408333,69.3658333
sarikhosor,38.5388889,69.8305556
sarikishti,38.4563889,68.6819444
sarinamak,37.7758333,70.2258333
sarinay,38.745,68.6541667
sariosiye,37.8447222,69.5788889
saripul,38.4166667,70.1333333
saripul,39.3166667,69.2666667
sarkor,38.5166667,68.2
sarmantay,37.2622222,69.1325
saroy,38.6941667,69.6011111
sarqokul,37.6722222,69.7380556
sar,39.2672222,68.2861111
sarsibulak,38.0880556,69.9552778
sarvo,38.8152778,69.4872222
sary-assiabak,38.6666667,68.75
(( sary-assiya )),37.65,69.8833333
sary-assiya,38.6166667,68.7833333
sary-khalka,37.9333333,68.4833333
saryk,37.1666667,69.1666667
sary-kutal,38.6833333,68.7
sary-magzor,37.8,70.2166667
sarym-sagli,38.1,69.7666667
sarym-sakhly,40.5833333,69.6333333
sarymsakly,39.7166667,68.9833333
saryszhob,37.8816667,69.7597222
sarytag,39.05,68.3166667
sary-ube,39.8166667,68.8166667
sasyk-bulak,40.7,70.65
satalmush,38.3213889,69.7427778
saunob,38.3138889,72.4030556
sauzali,37.6333333,70.0
sauzy-khara,38.7666667,70.7166667
savda,38.3127778,69.5627778
savli,38.5666667,68.1833333
savsipushdasht,38.0377778,71.8591667
savurgon,38.7,68.4
sayat,38.7769444,70.6408333
sayat,37.2105556,68.1522222
(( sayat )),37.6,69.5333333
saydon,38.6486111,70.6552778
schurab,40.05,70.55
sebak,38.8877778,69.9405556
sebandy,37.6516667,69.9941667
sebdara-kalon,37.8183333,70.0536111
sebdara-rubandi,37.82,70.0641667
sebo-surkh,37.53,69.3875
sedzh,37.25,72.0833333
(( selburg )),37.8666667,69.5666667
serendi,37.0333333,71.5166667
seroba,38.2533333,69.6544444
seshambe,38.5347222,68.2197222
shaambari,38.6097222,68.6108333
shaarfuz,37.2594444,68.1347222
shabuka,37.8438889,69.7
shady-muna,38.9294444,69.8744444
shaftolubog,37.5180556,69.3686111
shagan-bolo,37.9513889,70.2261111
shagmon-poen,38.2258333,69.8463889
shagmon,38.2547222,69.8197222
shahribarbar,37.9547222,69.9966667
shahriston,39.7719444,68.8094444
shaikhak,38.6255556,68.9036111
shakardasht,37.1816667,69.1977778
shakarkhan,37.9288889,69.7797222
shakhkamoni,37.9369444,70.0166667
shakhmat,37.2252778,69.1125
shakhob,37.3613889,68.1836111
shakhrak,38.2738889,70.0636111
shakhrteppa,37.5533333,69.3663889
shakh,37.0486111,68.1108333
shakhtuto,38.5433333,69.6333333
shakhtut,38.4641667,69.5077778
shakou,38.8080556,70.3158333
shali-paya,38.4,69.4833333
shamal,38.7619444,68.6133333
shamanbulok,38.4041667,69.0066667
shambede,37.1,71.4666667
shanro,38.5191667,71.6780556
shaodeli,38.5666667,69.2833333
shaptaly-bag,37.5166667,68.35
sharak,38.7030556,70.5122222
shar-bulak,38.4166667,68.8
shargin,37.0075,72.5197222
sharituz,38.05,68.5333333
sharshara,38.7,68.8166667
sharsharasoy,38.1408333,68.8633333
sharshar,38.0666667,69.75
shash-buat,37.35,72.2833333
shashkat,39.3927778,68.0505556
(( shatrak )),37.6666667,70.0166667
shaud,38.2041667,71.4791667
shaur,39.3,70.95
shavadki-bala,39.4022222,68.8841667
shavadki-payan,39.3997222,68.8558333
shavoz,37.1833333,71.8833333
shaydon,38.4147222,69.8780556
shaymak,37.5336111,74.8283333
shaynak,38.5194444,68.6555556
(( shaytan )),37.9166667,69.1666667
shedavi,38.05,72.4
shekhak,38.6333333,68.8
sherbegiyen,38.9219444,70.0430556
shernova,39.45,67.4666667
shibonay,38.0913889,69.5933333
shidz,37.9263889,71.3136111
(( shigay )),37.6333333,70.15
shikh-muzafar,38.4833333,68.2
shikhok,38.6333333,68.8166667
shikhon,38.5,69.9666667
shilyulyu-poyen-bole,37.8505556,69.81
shincha,39.2333333,67.5
shindy,37.6291667,74.7702778
shingak,39.5383333,67.6369444
shing-darya,39.2844444,67.8063889
shinglich,39.15,70.1833333
shipad,38.1036111,71.3358333
shir-atala,38.8,68.7166667
shirgovad,38.5622222,71.7527778
shirinbulak,38.3725,69.1169444
shirkhany,38.4333333,68.6666667
shitam,37.7419444,72.0216667
shitharv,36.85,72.1
shivansay,38.1333333,69.15
shokhon,38.6480556,68.5236111
sholikungurot,38.6775,68.6961111
shol,38.7075,68.6016667
shomako,38.5166667,68.9916667
shopur,38.5552778,68.5205556
shoradzhab,38.5913889,69.4436111
shorazm,38.65,69.1308333
shota rustaveli,38.0466667,68.9169444
shouli,38.9666667,70.05
shpilion,38.8427778,70.7769444
shudzhand,37.9833333,71.6166667
shudzhiv,37.4333333,71.6166667
shugnan,37.5,71.5833333
shugnou,38.5833333,70.3333333
shulmak,38.5833333,68.3833333
shuluk,38.75,68.4
shulum,38.3433333,68.2813889
shurabad,37.8402778,70.0491667
shurcha,38.15,68.75
shurcha,39.4463889,67.5936111
shurian-bash,38.0997222,68.4677778
shuribolo,38.4827778,69.0222222
shuri-poyen,38.7825,70.3338889
shurkhak,38.6833333,68.3333333
(( shur-kishlak )),37.7166667,69.6666667
shurkishlak,37.8811111,69.5094444
shurkul,37.6275,69.4883333
shurmanka,38.2122222,68.4936111
shurmashk,39.2205556,68.4688889
shurobiagon,38.5463889,68.6172222
shurobi-iskandar,38.5466667,68.6097222
shurobi-poyen,38.5394444,68.6163889
shurpast,39.145,68.5788889
siafyark,38.5166667,72.25
sia-tulak,38.8666667,69.9
sicharog,38.7338889,69.8069444
sidzh,37.65,71.7666667
sikat,38.8058333,71.2247222
simchakon,37.7730556,69.8763889
simiganch,38.6525,69.01
sinchaloni,38.5,69.925
sindzhe-dara,38.2333333,70.0166667
sindzhi,38.3513889,70.0847222
siniy,37.2,71.55
sirdaryo,40.25,69.75
sirko,38.4697222,70.2061111
sitvarg,38.4505556,71.6025
siung,37.7666667,70.2666667
siyakopa,38.4833333,70.2166667
siyefark,38.5094444,70.2558333
siyekhdarai-poyen,39.0833333,70.1
sodiki,38.5427778,68.5841667
sogli,38.5666667,69.5666667
sokhcharv,37.7166667,71.55
sokur,38.6666667,68.8333333
solmolidasht,38.2697222,69.7341667
soni,38.8283333,69.4388889
sorbagi-dogana,38.8833333,69.5666667
sorbukh,38.8761111,69.5666667
soriya-bulak,38.1666667,69.8333333
sor,39.2711111,67.6527778
sotsializm,37.4272222,68.6136111
sovetabad,37.4711111,68.2391667
starg,38.5986111,71.8258333
staryy gissar,38.5247222,68.5513889
staryy tulkhar,37.3047222,68.0088889
su-bashi,38.1922222,74.1011111
suchan,37.5333333,71.6833333
suchion,37.9175,69.9580556
sudzhina,39.4894444,67.7219444
suffa,38.7666667,68.5166667
sufiyan,39.4833333,67.7166667
sultanabad,38.4447222,68.9425
sulun,38.6833333,69.9333333
sulyukh,38.5666667,68.2166667
sumbula,38.45,68.6166667
sumgad,38.6283333,71.9266667
surhob,37.4486111,69.3105556
surkha-chashma,38.6355556,68.4838889
surkhakchasma,38.5547222,68.4919444
(( suzhany )),37.5666667,69.4666667
sverdlov,37.4341667,68.5561111
tabachnyy,38.5219444,68.7277778
tabaraylon,38.3702778,70.1452778
tabarsim,37.25,72.1666667
tabashar,38.1405556,69.5811111
tabatosh,38.0711111,69.6944444
tabokbulok,39.8308333,68.6680556
tabok,38.8411111,68.9302778
taboshar,40.5688889,69.6402778
tabu-bulak,38.2833333,68.3333333
tadzhikabad,37.0847222,68.0897222
tadzhikishlak,37.5702778,69.1191667
tadzhikistan,37.6169444,69.3405556
taftakhta,38.7333333,68.65
tagarkaki,37.5452778,72.9563889
tagayabad,38.2072222,68.9713889
tagikamar,38.7266667,69.8252778
taginamak,37.6936111,69.6013889
taginimak,37.6927778,69.6019444
tagnob,37.6561111,69.4919444
tagobikala,38.5572222,69.6619444
taig,37.5833333,71.7333333
tairsu,37.6619444,69.3425
taka-sakvrdy,38.3166667,68.9166667
takeli,40.4913889,69.4347222
takfan,39.205,68.6266667
takh,39.2333333,68.4833333
takhtakhamit,38.6194444,69.4813889
takhtamysh,37.8269444,74.6469444
takht,38.6605556,68.5413889
taknazari,38.5155556,69.2316667
talbar,38.6,70.35
talik,38.3333333,68.5333333
talkhakchashma,38.7063889,69.8025
talkhob,38.2786111,69.395
tamchi,37.9088889,69.1236111
tamdykul,39.4166667,71.2
tanagva,38.6980556,69.7919444
tanapcha,37.9888889,69.5811111
tangan,38.5975,69.0583333
tangiv,37.75,72.1166667
tapchak,38.3666667,68.9333333
tapkak,39.8813889,68.9419444
tarikpoya,38.1530556,68.4047222
tartki,37.5833333,68.1333333
tary-ekam,40.6333333,69.9333333
tash-abad,38.5330556,68.1725
tashakhur,38.1166667,69.15
tash-akhur,38.3813889,68.3711111
tash-bulak,37.7977778,69.8838889
tash-guzan,37.8966667,69.275
tashkalak,38.5463889,68.1908333
tashkutanstroi,38.7333333,68.3
tash-minar,39.485,67.565
tash-tepe,37.75,68.6333333
taumen,39.3833333,68.6166667
tavdem,37.4166667,71.6833333
tavil-dara,38.6902778,70.4833333
tavish-bolo,38.7525,69.4386111
tavish,38.7647222,69.3891667
taylanabad,38.3658333,68.6725
taz-kala,37.9225,69.5886111
tebolay,37.9166667,69.8475
tegirmi,38.8983333,69.9897222
tekhapv,38.5263889,71.6911111
telman,37.4097222,68.6169444
tepa-samarkand,38.5905556,68.8963889
terboy,37.7333333,72.4166667
teshik-tash,37.1302778,68.2325
teshik-tash,39.5,67.75
tezgari-bolo,38.5461111,68.9152778
tezgar,38.5505556,68.9058333
tigavun,38.4986111,70.2441667
tikon,38.3377778,70.1155556
tila-abad,38.4,68.65
tilkibulak,38.0325,68.4438889
tiyen,38.4969444,69.3083333
tobi-in,38.1666667,68.5833333
tobi-sar,38.1666667,68.5666667
togmay,38.4458333,71.0416667
(( togul )),37.6333333,69.6666667
tokak,38.3083333,69.9375
tokmak,40.55,69.5833333
toktomushbek,38.0686111,74.3794444
tomchi,38.5,68.9333333
torbulok,37.9377778,69.1847222
torsher,38.5313889,71.6972222
toshbulok,38.7144444,68.6313889
toshbuloq,37.885,69.4033333
toshtepa,37.1622222,68.1216667
toshteppa,38.5491667,68.3494444
tosion,37.35,71.65
toyabugon,38.0883333,69.4952778
toykara,38.6369444,68.7269444
traktor,37.2338889,68.1394444
tro,39.4833333,70.1166667
tsenets,37.2,72.0166667
tsorch,37.2166667,71.8333333
tubed,38.4072222,68.7102778
tudaboyen,37.6411111,69.6822222
tuda-chinar,38.5666667,68.05
tudakovsh,37.9152778,69.8244444
tudani,37.7783333,69.9863889
tuda,38.5783333,68.4758333
tugalong,37.2086111,69.1272222
tugarak,37.8,69.6719444
tugmazor,38.3988889,69.2458333
tugul,37.1783333,69.1747222
tukhchi,38.9208333,70.1413889
tula,38.5755556,68.6258333
tulbuyun,38.0858333,69.4294444
tulki,38.4533333,69.0297222
tunikharf,38.6908333,69.2577778
turbokala,38.4975,68.3136111
turdybobo,38.5227778,68.6191667
turdyshekh,37.2719444,69.1258333
turgak,38.2211111,68.4052778
turgoling,38.4919444,69.5697222
turk-kishlak,38.4247222,68.16
turkmenabad,37.4436111,68.5513889
turkmenskiy,37.3652778,68.5875
turmysh,37.8333333,68.8666667
tursunzade,38.5,68.2333333
turturabot,38.5194444,68.9688889
tutaka,38.6613889,68.585
tut-bulak,38.3833333,68.95
tutkaul,38.3,69.2833333
tutkul,38.1280556,69.3394444
(( tutti )),37.9833333,69.8833333
tut,37.9833333,68.8333333
tuyatosh,38.1833333,69.2833333
tuz-bulak,38.5830556,74.2586111
tuz-buzaygor,38.5666667,74.2333333
(( tysh-tepe )),37.7666667,69.55
tyuyachiabad,38.2594444,68.7883333
uabay,38.3291667,71.2530556
uak,39.8430556,68.7172222
uata,39.4166667,68.1333333
ubagi,38.3791667,71.8583333
uchastok beshkappa,37.3908333,68.1330556
uchastok imeni akhunbabayeva,37.2966667,68.1552778
uchastok imeni engelsa,37.4613889,68.5302778
uchastok imeni kalinina,37.1855556,68.2227778
uchastok imeni karla marksa,37.4452778,68.5108333
uchastok imeni krupskoy,37.4522222,68.6238889
uchastok samanchi,37.7258333,69.4622222
uchastok zhdanov,37.4575,68.5338889
uchbulok,37.8355556,69.0947222
uchkol,37.9063889,69.4602778
uchkul,37.6666667,73.7333333
uchkul,37.9397222,70.0116667
uchkun,37.9833333,68.8
udarif,37.9166667,72.1166667
udarnik,37.4494444,68.6288889
udob,38.5397222,71.7113889
ugor,38.55,70.8
uist-dakht,38.45,71.85
(( ulbek )),37.9333333,69.5833333
ulfatabad,38.9094444,70.0622222
umakai-bolo,38.4819444,68.4591667
umakai-poyen,38.5022222,68.5102778
umarak,38.4463889,70.7597222
umbar,38.3997222,68.325
undzhi,40.3,69.7
uraz-bay,38.2666667,68.75
urgaylak,37.7833333,69.9425
urmetan,39.4430556,68.2647222
ursikho,37.7816667,69.96
urtakainor,38.2008333,68.9016667
urtakushkiya,37.9925,69.6480556
urtaqishloq,39.4891667,67.535
(( ushablok )),37.8833333,69.75
ushkharv,38.2775,70.5627778
ushkhorvak,38.55,71.75
ushkol,38.5969444,68.6577778
uskro,38.35,71.4
ustanak,39.4,68.9833333
ustung,39.3,69.1666667
utabulak,37.2572222,69.0675
utagan,38.4166667,69.1719444
utal,39.1833333,70.7333333
utanabad,37.0033333,68.0633333
utkansay,40.56,69.6941667
utogar,39.4,68.9
uyaly,37.9666667,68.7
uyas,40.0916667,69.0352778
uyuli,40.0333333,69.0666667
uzbekkishlak,40.1438889,69.5469444
uzin,37.6552778,68.6130556
uzun,38.55,68.4166667
vadif,39.4666667,70.1833333
vagashton,39.2833333,67.8
vagel,38.1333333,70.25
vakhan,37.0358333,72.6225
vakhshskiy,37.3852778,68.6052778
vakhshstroi,37.7108333,68.8311111
valdirgon,38.51,68.9025
vankala,37.7141667,72.2752778
vanvan-bolo,38.6483333,71.9341667
vanvan-poyen,38.6377778,71.9075
varang,37.0061111,72.3741667
vargandok,38.7333333,68.5333333
varmanik,38.8397222,68.9744444
varoaut,39.2166667,69.0166667
varshidz,37.7,72.35
varukh,39.8533333,70.5769444
var,37.7294444,72.0730556
varv,38.8430556,69.5383333
varzobkala,38.75,68.8166667
vashan,39.4013889,68.2638889
vashist,39.4833333,68.0
(( vash-pusht )),37.6,70.1666667
vaydara,38.9225,69.8333333
ven,39.2961111,68.0211111
veshab,39.4169444,68.9394444
veshkand,39.4461111,68.3275
vion,38.5666667,69.75
vishikharv,38.2280556,71.5286111
viskharvi-bole,38.5516667,71.0905556
vistan,38.8977778,69.29
vodzh,37.7166667,71.95
vogde,37.1166667,71.45
voozm,37.5166667,71.6166667
(( voroshilovabad )),37.4833333,68.65
voru,39.235,67.9875
voseabadi-kalon,37.8108333,69.5947222
voseabad,37.8044444,69.5972222
voznaud,37.95,71.2833333
vtoroy zorbador,37.1666667,68.2
vydodzh,37.3,71.7666667
vyrevcha,38.6666667,71.3
vzvudek,38.2,71.5666667
yabon,39.4425,68.1411111
yafrak,38.7497222,69.3644444
yafuch,38.8377778,70.19
yagdon,38.65,68.2833333
yaka-chinarskiy,38.5333333,68.7666667
yakhak,38.8452778,70.0311111
yakhch,38.8416667,69.9488889
yakhshiabad,38.5725,68.2305556
yakhtan,40.0369444,69.1163889
yakkabed,38.5825,69.2113889
yakkadin,37.4177778,68.5591667
yakkakhona,39.315,68.1194444
yakka-psta,38.0666667,68.35
yakkasada,38.2041667,69.5736111
yakkatut,37.9333333,68.75
yalanchinor,38.4536111,69.0694444
yaman-kishlak,38.2666667,69.7333333
yama,36.9666667,72.2833333
yangiabad,37.3561111,68.7430556
yangibazar,40.4166667,69.3833333
yangier,38.0386111,68.7241667
yangi-kishlak,38.3666667,68.3
yangikishlak,40.3369444,69.8508333
yangikurgan,39.8058333,68.8075
yangikurgon,38.5452778,68.9463889
yangikurulish,38.4277778,68.7283333
yangimekhnat,38.5044444,68.8158333
yangiyul,37.2391667,68.2052778
(( yantagly )),37.9333333,69.1666667
yarkhych-bele,39.25,70.8333333
yar-mazar,39.3,71.2333333
yar-tepa,38.3413889,68.4658333
yarzyv,38.0166667,72.1666667
yashkandy,38.0666667,68.5833333
yash-leninchi,37.6166667,68.6333333
yavan,38.3130556,69.0430556
yava,40.25,69.5833333
yavros-dara,38.6886111,69.2136111
yavshor,38.2666667,72.3166667
yazgo,38.5822222,71.8277778
yeged,38.3516667,70.6075
yertula,40.5333333,70.3666667
yuben,37.25,72.1833333
yukari polvon,37.2536111,69.1063889
yukari-temez,37.2869444,69.0783333
yukary-burka,37.2019444,69.1505556
yukary-khodzha,37.2711111,69.0858333
yukht-dakht,38.0666667,71.8333333
yulduzkak,37.9172222,69.065
yunuskhodzha,38.6269444,68.6730556
yust,38.8488889,70.0716667
yuzhnyy,38.5405556,68.7766667
zachau,38.7666667,68.5333333
zafarabad,37.7925,69.5191667
zafarobod,38.1452778,68.9663889
zamchurud,38.7766667,68.8002778
zamudk,36.9166667,72.1666667
zandkhur,38.7,68.65
zangi-baba,38.1,69.65
zanints,37.3166667,71.7333333
zanoch,37.1925,71.9230556
zarafshan,39.1705556,68.6258333
zarangak,39.05,70.5333333
zaravat,39.4333333,68.4666667
zarbdor,37.3205556,69.0813889
zarbdor,38.5116667,68.1741667
zarbuz-bolo,38.2166667,70.2833333
zardaki poyen,38.3855556,70.0369444
zardolubog,37.8902778,69.5736111
zardulavak,37.7636111,69.9855556
zargar,37.8,68.6333333
zarkamar,37.8930556,69.5905556
zarkomar,38.4666667,68.2666667
zartkhak,40.2333333,70.5833333
zarya vostoka,38.4538889,68.5827778
zaryn-bulak,37.8833333,68.4
zasun,39.3947222,68.6263889
zauran,39.3666667,67.9166667
zaych,38.2869444,71.6430556
zaynababad,38.5077778,68.8361111
zebon,39.3833333,67.5666667
zelmabad,38.3333333,71.3833333
zelolak,38.4236111,70.1561111
zerabad,39.4280556,68.4594444
zhelisoy,38.6308333,68.5672222
zhudzhum,38.5647222,68.5427778
zichar,38.1058333,70.4394444
zimare,39.1302778,68.6908333
zimchurud,38.7666667,68.75
zimtut,39.2958333,68.0555556
zindikan,39.45,68.5666667
ziraki,38.0008333,69.8413889
ziyara-tut,38.55,68.2
zong,37.0347222,72.6302778
zorchal,37.7380556,74.6983333
zoron,38.8369444,69.8858333
zuchako,38.4333333,69.8666667
zulfan,39.5,67.8166667
(( zulum-abad )),37.8333333,69.9833333
zuman,38.8666667,68.9833333
zuriok,38.8061111,69.7161111
zyrbot,37.3333333,72.25
zyurunly,40.5333333,69.5333333
