aaba,34.35,35.8333333
aabassiye,33.3,35.2833333
aabba,33.3597222,35.4027778
aabboud,34.1,35.85
aabboudiye,34.6333333,36.1166667
aabd el fattah,33.6666667,35.85
aabdille,34.2,35.7166667
aabdine,34.2727778,35.8872222
aabeidat,34.1666667,35.7166667
aabey,33.735,35.5244444
aabla,34.15,36.2666667
aabra,33.5666667,35.4047222
aabrine,34.25,35.7
aachach,34.4152778,35.9352778
aachqout,33.9833333,35.7
aadbel,34.5333333,36.1
aadchit,33.3472222,35.4236111
aadchit el qoussair,33.2833333,35.4833333
aadloun,33.4038889,35.2738889
aadmoun,34.15,35.65
aadoui,34.45,35.9833333
aadouiye,34.5833333,36.1833333
aadouss,33.5125,35.6013889
aafsadiq,34.3316667,35.7866667
aaichiye,33.4097222,35.5597222
aaiha,33.4997222,35.8733333
aaimar,34.35,35.9666667
aaintoura,33.8858333,35.7747222
aaintourine,34.2858333,35.9544444
aaita el foukhar,33.6333333,35.9
aaita ez zott,33.1736111,35.4083333
aaitanit,33.5613889,35.6691667
aaitaniya,33.35,35.25
aaiyat,34.5333333,36.2
aajaltoun,33.9666667,35.6833333
aakar,34.55,36.0833333
aakb el bellene,34.2166667,35.8
aakfor,34.2,35.8333333
aakkar el aatiqa,34.5333333,36.2333333
aakkour,34.5333333,36.05
aaley,33.8066667,35.5994444
aali enn nahri,33.85,36.0166667
aalita,34.0833333,35.6833333
aalma,34.4333333,35.9
aalma ech chaab,33.1041667,35.18
aalmane,33.3,35.4666667
aalmane,33.5833333,35.4
aalmane ed daiaa,33.6,35.4
aalmate,34.1166667,35.7833333
aamara,34.5333333,36.0
aamar el beikate,34.6166667,36.1666667
aamatour,33.6397222,35.6080556
aammariye,33.8833333,35.5833333
aammiq,33.7125,35.7608333
aammiq,33.7166667,35.5833333
aamqa,33.2458333,35.4444444
aamra,33.2833333,35.6
aamra,34.3169444,36.1016667
aamzit,34.2333333,36.3666667
aana,33.6833333,35.75
aanane,33.5652778,35.5069444
aanaye,33.5611111,35.3838889
aanbal,33.6666667,35.5666667
aandqet,34.5833333,36.3
aanjar,33.7258333,35.9297222
aannaya,34.1166667,35.75
aanout,33.6333333,35.5166667
aanqoun,33.5002778,35.4297222
aantoura,33.95,35.6333333
aaouadi,34.6333333,36.3666667
aaouainat,34.6333333,36.3
aaouaini,34.1166667,35.7666667
aaoudet el qalamoun,33.6986111,35.5013889
aaoukar,33.9333333,35.6
aaoumar ed dine,34.5,36.1
aaoura,34.2333333,35.8
aaqabet hairouna,34.3152778,35.9222222
aaqbet sebaail,34.3172222,35.9219444
aaqlain,33.6761111,35.48
aaqmata,33.4541667,35.5430556
aaqoura,34.1166667,35.9
aaqtanit,33.5,35.3833333
aarab ej jall,33.4833333,35.45
aarab el lizzab,33.9833333,35.6833333
aarab salim,33.4291667,35.5194444
aarab tabbaya,33.4833333,35.4333333
aaraiya,33.8333333,35.5833333
aaramoun,33.7666667,35.5166667
aaramour,34.0166667,35.7
aaramta,33.4630556,35.5777778
aarbaniye,33.8833333,35.6833333
aarbet qouzhaiya,34.295,35.9255556
aardane abou sahne,33.175,35.4597222
aardat,34.4091667,35.8819444
aarid,33.4,35.4833333
aarjess,34.3325,35.8836111
aarka,34.5333333,36.0333333
aarsal,34.1833333,36.4166667
aartez,34.2333333,35.7333333
aar youhanna maroun,34.25,35.75
aasfouriye,33.85,35.5333333
aassaimont,34.4333333,36.1
aassoun,34.3833333,36.0166667
aatit,33.2333333,35.3
aayate,34.5166667,36.1166667
aayoun arrhouch,34.2666667,36.1333333
aayoun el ghezlane,34.4666667,36.0166667
aaz el aarab,33.5194444,35.8041667
aaz el arab,33.5166667,35.8
aazibiett tahta,33.5541667,35.5944444
aazour,33.5597222,35.5361111
aazqai,34.4333333,35.9833333
aazr kfartai,33.95,35.7666667
aazze,33.45,35.4333333
aazziye,33.1833333,35.2333333
abadiyeh,33.8333333,35.6166667
abboud,34.1,35.8666667
abbou halqa,34.4166667,35.8333333
ablah,33.8708333,35.9680556
abou aafta,34.4333333,36.05
abou chach,33.1283333,35.2105556
abou chamaa,33.3513889,35.4
abou hammad,34.5,35.9333333
abou jamach,33.3680556,35.4611111
abou mizane,33.9333333,35.7166667
abou qamha,33.3805556,35.6666667
achamssiye,33.4666667,35.3333333
achrafie,33.8833333,35.5166667
ad dabbabiyah al gharbiyah,34.6333333,36.2166667
ad dabbabiyah ash sharqiyah,34.6166667,36.2166667
ad dabbaghah,34.4333333,35.85
ad dabiyyah,33.95,35.5833333
ad dabshah,33.6666667,35.4333333
ad dahr,34.1833333,35.75
ad dahr,33.9833333,35.6666667
ad dahrat,34.0666667,36.0666667
ad dakwah,33.6905556,35.8761111
ad dalhamiyah,33.8166667,35.95
ad dalhamiyah,33.7,35.4666667
ad dallashah,33.4055556,35.5597222
ad damur,33.7302778,35.455
ad daqarin,34.0333333,35.6333333
ad darajah,34.1,35.7
ad dasah,34.0333333,35.6833333
ad dashuniyah,33.85,35.5833333
ad dauq,34.1333333,35.85
ad dawawir,34.2,35.7333333
ad dawrah,34.25,35.6666667
ad dawrah,33.9666667,35.6666667
ad dawsah,34.6,36.1833333
ad dawwar,33.9,35.7
ad dawwarah,34.1333333,35.65
ad dayah,34.2333333,35.7833333
ad dayah,33.9666667,35.7666667
ad dibbiyah,33.6666667,35.4833333
ad dighalah,34.1833333,35.8833333
ad dikwanah,33.8833333,35.55
ad dilghan,33.6,35.6
ad diman,34.25,35.95
ad dimashqiyah,33.375,35.5430556
ad diqar,34.2333333,35.65
ad dkarin,34.0,35.65
addousiyah,33.4713889,35.3436111
ad duhayrah,33.1005556,35.2266667
ad dulb,33.9166667,35.7
ad duq,34.2,35.75
ad duwayir,33.3875,35.425
ad duwayr,34.2166667,35.95
ad duwayr,33.7166667,35.6
adesse,33.25,35.5333333
adh dhuhaybiyah,34.4666667,35.95
adh dhunaybah,33.4666667,35.7333333
adma,34.0166667,35.65
adonis,33.9666667,35.6166667
adour,33.4472222,35.5916667
afka,34.0666667,35.8833333
aghbat al fawqa,34.0166667,35.7166667
aghmid,33.76,35.6916667
ahmar zrir,34.1333333,35.7166667
ahour,33.65,35.4833333
aichane,34.2563889,36.0188889
aidamoun,34.6,36.2833333
ailoute,33.8666667,35.5833333
ain aakrine,34.285,35.8477778
ain aalaq,33.9166667,35.6666667
ain aanoub,33.7833333,35.5333333
ain aarab,33.5763889,35.8708333
ain aar,33.9166667,35.65
ain aata,33.4338889,35.7788889
ainab,33.7666667,35.55
ain ahla,34.1333333,36.2833333
ain,33.7833333,36.0
ainata,33.1333333,35.4333333
ainat,34.1166667,35.6666667
ain baal,33.2308333,35.2694444
ain barq,34.0166667,35.8333333
ain blit,33.8666667,35.7833333
ain bounaya,33.9,36.2166667
ain bourai,33.9833333,36.2
ain buswar,33.475,35.5236111
ain dara,33.7802778,35.7255556
ain delbi,34.0833333,35.7666667
ain drafeel,33.75,35.5
ain ebel,33.1113889,35.4038889
ain ed delb,33.5416667,35.4052778
ain ed delbe,34.0333333,35.7666667
ain ed dobb,34.15,35.9333333
ain ej jaouze,33.8333333,36.3
ain ej jdide,33.8,35.6333333
ain ej jnah,33.8666667,35.4833333
ain ej jorn,33.9166667,35.6833333
ain el assad,33.65,35.45
ain el batie,34.1833333,35.9333333
ain el fraidis,33.7833333,35.6166667
ain el ghmiqa,33.8333333,35.8166667
ain el haizoun,33.7666667,35.6333333
ain el hanout,34.0666667,35.7333333
ain el hiloue,33.55,35.3666667
ain el hiloue,33.5455556,35.3791667
ain el hour,33.6666667,35.5
ain el kabou,33.9333333,35.7666667
ain el-kharoubah,33.9333333,35.7
ain el laboue,33.5166667,35.8222222
ain el maaisre,33.9,35.7166667
ain el mehnaide,33.85,35.6833333
ain el mentne,33.4083333,35.6708333
ain el mreisse,33.9,35.4833333
ain el qadah,34.05,35.8
ain el qatroun,34.4833333,36.1833333
ain el-rummaneh,33.8,35.5833333
ain er raha,34.2166667,35.9
ain er rihane,33.95,35.65
ain es safsaf,33.9,35.7333333
ain es-salhiyah,34.0833333,35.7166667
ain es salib,34.15,35.8666667
ain es sihha,33.8333333,35.75
ain es sindiane,33.9166667,35.7166667
ain et tannour,34.0166667,35.7833333
ain et-teenah,33.5019444,35.6408333
ain et tine,34.4,36.05
ain et toghra,33.5416667,35.5625
ain ett teffaha,33.9333333,35.7333333
ain ez zaitoune,33.9,35.75
ain faouar,34.5,35.9833333
ain herche,33.4552778,35.7805556
ain iskandar,34.1666667,35.9
ain jarfa,33.3805556,35.6805556
ain jouaiya,34.05,35.7333333
ain kafra,33.8666667,35.6
ain keria,33.4,35.7097222
ain kesur,33.75,35.5333333
ain kfaa,34.1833333,35.7
ain majdalaine,33.5222222,35.6055556
ain mouaffa,33.8166667,35.65
ain ouazine,33.6833333,35.6166667
ain qana,33.4736111,35.5125
ain qaniye,33.65,35.6166667
ain qara,34.1166667,35.8666667
ain qlaiaa,33.8833333,35.8166667
ain saade,33.7,35.5166667
ain saoufar,33.8025,35.7016667
ain tanta,33.4125,35.7236111
ain traz,33.7333333,35.5833333
ain yaaqoub,34.5166667,36.2
ain zebde,33.6227778,35.7025
ain zehalta,33.7333333,35.7
aita chaab,33.0972222,35.3344444
aitaroun,33.1155556,35.4722222
aitate,33.7833333,35.55
aitou,34.3086111,35.9197222
aitouli,33.5375,35.55
ajd aabrine,34.2666667,35.7333333
akbe,33.5055556,35.8166667
akroum,34.55,36.3666667
al abdah,34.5166667,35.9666667
al abrah,34.0666667,35.7833333
al adasah,34.0666667,35.6833333
al adhra,34.0666667,35.7
al afs,34.0166667,35.6833333
al ahqaf,34.1666667,35.8833333
al alali,34.2,35.7666667
al alali,33.9833333,35.7666667
al ali,33.9333333,35.8333333
al ammuri,33.8,35.8666667
al amriyah,34.6,36.2166667
al amrusiyah,33.8166667,35.5166667
al anbari,34.0833333,35.6666667
al ansil,34.1666667,35.8
al aqabah,34.3833333,35.8666667
al aqabah,33.5833333,35.4666667
al arabah,34.2,35.7833333
al aramah,34.6333333,36.1666667
al arar,33.9,35.6833333
al aridah,34.6333333,35.9833333
al arish,34.15,35.8833333
al arz,34.25,36.0333333
al asbah,34.1833333,35.7833333
al ashrafiyah,33.5397222,35.3983333
al awdah,34.25,35.9
al ayn,34.2166667,36.3833333
al ayn,34.2166667,35.8666667
al ayn,33.8166667,35.5333333
al ayyarah,34.2333333,36.1166667
al azaqah,34.2333333,35.7166667
al azibah,33.1333333,35.3333333
al azr,33.9833333,35.7833333
al azuniyah,33.7666667,35.7
al baba,33.5638889,35.5444444
al babiliyah,33.4166667,35.3333333
al baddawi,34.45,35.8666667
al baduwani,34.3633333,35.8811111
al bahra,34.1333333,35.8833333
al bahsah,34.3833333,36.0333333
al bahsah,34.0833333,35.65
al bajjajah,34.2333333,36.35
al balatah,33.9333333,35.6666667
al balatah,33.5786111,35.3861111
al balat,33.7333333,35.5666667
al barakah,34.2333333,36.1
al baramiyah,33.5705556,35.3902778
al barbarah,34.2,35.65
al barghash,34.4,36.3
al baridah,34.6,36.25
al barid,34.15,35.9
al baruk,33.7044444,35.6777778
al basatin,34.0166667,35.7666667
al bashiqiyah,33.6833333,35.4833333
al bashurah,33.8833333,35.5
al batiyah,33.9833333,35.6333333
al batrun,34.25,35.65
al bayadah,33.8166667,35.8333333
al bayad,33.2,35.3166667
al bayadir,34.0333333,35.6666667
al baydar,33.175,35.3777778
al baydar,33.85,35.7
al bayyadah,33.1666667,35.1833333
al bayyad,33.3805556,35.475
al bazuriyah,33.25,35.2666667
al biarah,34.1833333,35.9
al binnay,33.7333333,35.55
al birah,33.5833333,35.8194444
al birah,34.5833333,36.2333333
al birah,33.7166667,35.6333333
al birkah,33.1166667,35.4333333
al bisariyah,33.45,35.3166667
al buhayrah,34.325,35.9688889
al buhayri,34.0833333,35.7
al bum,33.7,35.4833333
al buqah,34.15,35.6666667
al buqul,34.4166667,36.3333333
al burayj,34.1166667,35.7
al burghuliyah,33.3127778,35.2438889
al burj,34.2333333,35.6666667
al burj,33.1205556,35.1327778
al buss,33.2725,35.2122222
al bustan,34.5166667,36.3333333
al bustan,34.1,35.8833333
al buwar,34.05,35.6333333
al buwayb,33.9666667,35.7
al buwaydah,33.3625,35.5791667
al fakyah,34.2333333,36.4
al faradis,34.2777778,35.9327778
al fardis,33.3736111,35.6652778
al fasqin,33.8666667,35.8166667
al fathan,34.1,35.7666667
al faur,33.7833333,35.9666667
al fawwar,34.0,36.1
al fawwar,34.2166667,35.9166667
al fawwar,33.9,35.8333333
al fayyadiyah,33.85,35.55
al fidar,34.1,35.65
al fraykah,33.9333333,35.65
al ftahat,34.2333333,35.7666667
al ftahat,34.05,35.7166667
al furaydis,33.7166667,35.6833333
al furzul,33.8763889,35.95
al ghabah,33.8458333,35.9708333
al ghabah,33.8833333,35.6333333
al ghab,33.8833333,35.65
al ghabat,34.0833333,35.8666667
al ghabbatiyah,33.5791667,35.5875
al ghabbit,33.9333333,35.75
al ghabun,33.7833333,35.6
al ghanduriyah,33.2666667,35.4333333
al ghanduriyah,33.6833333,35.4166667
al ghassaniyah,33.4166667,35.35
al ghazalah,33.8666667,35.5333333
al ghaziyah,33.5177778,35.3697222
al ghimaq,34.1333333,35.6333333
al ghinah,34.0333333,35.7166667
al ghubayrah,33.85,35.5166667
al ghuwayyat,33.8625,35.5725
al habash,33.9166667,35.8
al habashi,34.2933333,35.7575
al habbaq,34.15,35.7333333
al habis,33.0833333,35.4166667
al hadath,34.0019444,36.0275
al hadath,33.8333333,35.5333333
al hafair,34.0833333,36.0666667
al haffah,33.8166667,35.7333333
al hajjah,33.4833333,35.3833333
al halazun,34.1166667,35.7333333
al hamasiyat,34.0166667,35.7333333
al hammar,33.8666667,35.8958333
al hamra,33.7166667,35.4666667
al haniyah,33.1861111,35.2230556
al haqlah,33.9666667,35.65
al harah,33.85,35.8666667
al harah,33.1972222,35.4111111
al harah,34.2333333,35.6833333
al harah,33.5833333,35.45
al harah,33.5580556,35.3858333
al haraiq,34.2,35.85
al harf,33.5763889,35.5541667
al harf,34.2166667,35.6666667
al harf,34.1,35.6666667
al harithiyah,33.3833333,35.2833333
al harmal,34.3833333,36.3833333
al hasak,33.9830556,35.7663889
al hassaniyah,33.5205556,35.4494444
al hauz,34.1,36.0666667
al hawqa,34.2722222,35.9408333
al hawsh,33.4763889,35.7541667
al hawtah,33.5552778,35.3866667
al hawwarah,34.4166667,36.0666667
al hazimiyah,34.3833333,36.05
al hbabiyah,33.5802778,35.3969444
al hibbariyah,33.3652778,35.7
al hilaliyah,33.8333333,35.6333333
al hilaliyah,33.5675,35.3936111
al hilwah,33.6102778,35.9966667
al hilwah,34.1833333,35.6333333
al hiri,34.3,35.7166667
al hisah,34.6,36.05
al hisar,34.0,35.7166667
al hrazmin,34.1333333,35.7833333
al hulah,33.2091667,35.5138889
al humayrah,34.4833333,36.05
al humays,34.3286111,35.9330556
al humsiyah,33.5472222,35.5527778
al hunud,34.2505556,35.9411111
al huraniyah,33.5833333,35.5666667
al hurayfat,34.15,35.7666667
al husun,34.1,35.7333333
al huwaysh,34.5,36.1166667
al insariyah,33.4166667,35.2833333
al istabil,33.75,35.8833333
al jaayil,33.7333333,35.65
al jahiliyah,33.6666667,35.5166667
al jar,34.5666667,36.1
al jarmaq,33.3861111,35.5375
al jawhariyah,33.3333333,35.4166667
al jawz,34.4666667,36.2666667
al jazirah,33.7166667,35.85
al jdaydah,34.25,36.3833333
al jdaydih,34.5333333,36.0666667
al jibbayn,33.1225,35.2347222
al jisr,34.25,36.0166667
al jlayliyah,33.6,35.5333333
al jubaniyah,34.1833333,36.1833333
al judaydah,33.5555556,35.5805556
al judaydah,33.6666667,35.6
al jumayliyah,33.6,35.4166667
al jurayd,33.6666667,35.55
al jurn,33.2027778,35.4388889
al kafr,34.15,35.7
al kahhalah,33.8166667,35.5833333
al kahluniyah,33.6458333,35.5863889
al kanisah,34.5666667,36.1166667
al kasair,34.0,35.6833333
al kaslik,33.9833333,35.6166667
al khalawat,33.85,35.7333333
al khalidiyah,34.3697222,35.9080556
al khalisah,34.6333333,36.3166667
al khallah,34.0666667,35.8
al khalwah,33.4172222,35.7394444
al khansharah,33.9166667,35.7333333
al khanuq,33.9666667,35.7166667
al kharaib,34.2333333,36.3
al kharaib,33.35,35.3
al kharrub,34.4,36.0166667
al khayyam,33.7,35.45
al khidr,33.9,36.1166667
al khirbah,33.3166667,35.5666667
al khirbah,34.5833333,36.0166667
al khirbah,33.5805556,35.5263889
al khiyam,33.3255556,35.6105556
al khiyarah,33.6833333,35.85
al khraybih,33.3402778,35.6458333
al khuraybah,33.6491667,35.6411111
al khuraybah,33.2166667,35.3
al khuraybah,34.4833333,36.1333333
al khuraybah,33.8166667,35.7166667
al khurwayah,33.2838889,35.6583333
al knaysah,34.1166667,36.1666667
al knaysah,33.2166667,35.2666667
al knaysah,34.55,36.1166667
al kufayr,33.4288889,35.7402778
al kufur,33.4,35.4555556
al kufur,34.0333333,35.7
al kunaysah,33.8666667,35.6666667
al kurum,34.4833333,36.0333333
al kwashrah,34.6166667,36.2
al labbunah,33.0983333,35.1511111
al labwah,34.2,36.35
al lawzah,33.9027778,35.9986111
al laylakah,33.8333333,35.5166667
al luwayzah,33.4625,35.5361111
al luwayzah,33.8333333,35.5666667
al maasir,33.7,35.6
al maawil,34.1833333,35.7333333
al mabrak,33.9833333,35.75
al madfun,34.2166667,35.65
al mahattah,33.8333333,35.8333333
al mahmudiyah,33.3666667,35.25
al mahruqah,33.95,35.8166667
al majadil,33.2333333,35.3666667
al majdal,34.2533333,35.7927778
al majdal,34.1,35.9
al maknuniyah,33.5277778,35.5458333
al malihah,34.4086111,35.9844444
al malikiyah,33.2166667,35.25
al malliyah,33.2,35.2333333
al mallulah,34.45,35.85
al manazil,33.95,35.75
al manbukh,33.9333333,35.8166667
al maniyah,33.6333333,35.4333333
al manshiyah,33.5788889,35.3933333
al mansurah,33.6791667,35.8147222
al mansurah,33.3625,35.5333333
al mansuri,33.1833333,35.2
al mantarah,33.8,35.65
al manzilah,34.2,35.9333333
al manzilah,33.3597222,35.5
al manzilah,33.6166667,35.4
al maqasid,34.0166667,36.2166667
al maqtuah,34.4,36.0666667
al maradisin,33.95,35.7333333
al marfa,33.9,35.5
al mari,33.3219444,35.6411111
al marjah,34.1666667,35.7833333
al marj,33.7619444,35.8802778
al markaz,34.2,35.95
al marmaghah,34.1,36.05
al marwaniyah,33.45,35.3833333
al mashati,34.05,35.7666667
al mashatiyah,34.15,36.0833333
al mashrafah,33.75,35.65
al mashraf,33.7125,35.4669444
al masrab,33.6333333,35.4666667
al masyaf,33.95,35.6666667
al matmurah,33.11,35.2152778
al maydan,33.3791667,35.4861111
al mayl,34.1833333,35.95
al mazarib,34.0833333,35.8833333
al mazki,33.9,35.65
al mazraah,33.8333333,35.6
al mharbiyah,33.5266667,35.4461111
al midan,33.85,35.9055556
al midan,33.5805556,35.5597222
al mighraqah,33.75,35.45
al mighraq,34.6166667,36.0166667
al mihti,34.25,35.6833333
al mimariyah,33.4894444,35.3733333
al mina,34.3333333,35.7166667
al mina,34.0666667,35.6333333
al minniyah,34.4833333,35.9333333
al miqraq,34.1666667,36.3333333
al mirdashah,33.8166667,35.55
al miyah umiah,33.5433333,35.395
al mraysah,33.8666667,35.55
al mtaylah,33.7166667,35.65
al mtullah,33.6108333,35.5380556
al muallaqah,33.8430556,35.9208333
al muanasah,34.6,36.3833333
al muaysirah,34.2833333,36.2833333
al muayziyah,34.4022222,35.9116667
al mubarakiyah,34.5,36.0666667
al mudawwar,33.9,35.5333333
al mudayrij,33.8,35.7333333
al mughayriyah,33.6,35.45
al mughaysil,34.0166667,35.75
al mughayyiri,34.1833333,35.7166667
al muhammarah,34.5,35.9666667
al muhaydithah,33.5541667,35.8138889
al muhtaqarah,33.5777778,35.4836111
al mujaydil,34.3166667,35.75
al mujaydil,33.5175,35.4394444
al mukaydis,34.0,35.7
al munsif,34.1833333,35.65
al muqaybilah,34.6333333,36.35
al murayjat,33.8058333,35.8138889
al murayjat,33.75,35.6666667
al muruj,33.91,35.75
al musalla,34.6,36.15
al musayyid,33.6166667,35.4833333
al mushaylihah,34.55,36.0333333
al mutall,33.1666667,35.3958333
al mutaylib,33.9166667,35.6166667
al mutayn,33.8916667,35.7419444
al mutayriyah,33.5147222,35.4019444
al muzayriah,33.8333333,35.65
al muzayyanah,33.8,35.8166667
al qaah,34.35,36.4833333
al qabw,34.3166667,35.7333333
al qadiriyah,34.4155556,35.9288889
al qala,34.2166667,35.7
al qalamun,34.3833333,35.7833333
al qalilah,34.2,36.2333333
al qanabah,33.4780556,35.7716667
al qanatir,34.0,35.7833333
al qannabah,33.4833333,35.7666667
al qantarah,33.2666667,35.4666667
al qantarah,34.5166667,36.0666667
al qaqiyah,34.0666667,36.0833333
al qaraqif,34.15,35.75
al qarawn,33.5627778,35.7211111
al qarfi,34.15,35.6333333
al qarn,34.4333333,36.1166667
al qarrami,34.15,36.1
al qarsa,34.05,35.6833333
al qasimiyah,33.3333333,35.25
al qasr,33.7166667,35.7666667
al qasr,33.75,35.6833333
al qass,34.0833333,35.7333333
al qati,34.2333333,35.8666667
al qatlabah,34.55,36.2833333
al qawzah,33.1166667,35.3333333
al qbayyat,34.5666667,36.2833333
al qibi,33.5430556,35.5527778
al qimmamin,34.4166667,36.1333333
al qlayah,33.3255556,35.5647222
al qubbah,33.8,35.5166667
al qulaylah,33.1997222,35.2286111
al qurayah,33.6,35.4833333
al qurayn,34.4,36.0333333
al qurayyah,33.8,35.6666667
al qurayyah,33.5391667,35.4163889
al qusaybah,33.3333333,35.3958333
al qusaybah,33.8666667,35.65
al qusayfiyah,33.8833333,35.7666667
al qusayr,34.4666667,36.4333333
al qusayr,33.3,35.45
al qusayr,34.6,36.2333333
al qutrani,33.4402778,35.6055556
al ramayl,33.9,35.5166667
al ullayqah,34.4666667,36.15
al uqaydah,33.3680556,35.4972222
al uyun,34.4166667,35.9333333
al wardani,33.2,35.3
al wardaniyah,33.6166667,35.4333333
al wardiyah,33.3986111,35.5944444
al warhaniyah,33.7166667,35.6666667
al wastani,33.5716667,35.3838889
al wataya,34.25,35.7333333
al watiah,34.4333333,36.0
al wazzani,33.2666667,35.6166667
al yahudiyah,33.2041667,35.4069444
al yahudiyah,33.7833333,35.5
al yammunah,34.1333333,36.0166667
amioun,34.3002778,35.8075
amr ed dine,34.5,36.0833333
anfah,34.35,35.7333333
an nabat,33.4833333,35.75
an nabatiyah al fawqa,33.3638889,35.4875
an nabatiyah at tahta,33.3791667,35.4916667
an nabbut,33.9833333,35.7333333
an nabi al awzai,33.85,35.4833333
an nabi ayla,33.8819444,35.9569444
an nabi khalid,34.4666667,36.2166667
an nabi kuzaybir,34.4833333,35.95
an nabi rashadah,34.0,36.0333333
an nabi sami,33.9666667,36.0166667
an nabi sbat,33.9333333,36.2333333
an nabi shit,33.8666667,36.1166667
an nabi sujud,33.4430556,35.5388889
an nabi uthman,34.2166667,36.3666667
an nabi yunus,33.65,35.4166667
an nabi yusha,34.4666667,35.9333333
an nafisah,34.55,36.1
an nahriyah,34.6,36.2666667
an naimah,33.75,35.4666667
an najjariyah,33.4666667,35.35
an nakhlah,34.3666667,35.8333333
an nammurah,34.05,35.6666667
an naqqash,33.9166667,35.5833333
an naqurah,33.1180556,35.1397222
an nasat,33.8166667,35.85
an nasiriyah,33.85,36.05
an nasiriyah,34.6833333,36.3333333
an nassar,34.5333333,36.1333333
an naurah,34.0166667,35.6333333
an nawais,34.2166667,35.7333333
an nawsa,34.0666667,35.75
an nawus,34.2897222,35.8433333
an nmayriyah,33.4166667,35.4
anntelias,33.9108333,35.59
ansar,33.3797222,35.3525
antipatris,34.0,36.2166667
arat an nab,33.4125,35.5513889
arayh,33.5708333,35.5902778
ardah,34.4086111,35.9138889
ard al husayn,34.2925,35.8780556
ard bou torbey,34.2333333,35.95
arhaiya,34.45,36.0833333
armenian village,34.4333333,35.8333333
arnaoun,33.3294444,35.5241667
arqoub,33.4,35.5375
ar rafid,33.5722222,35.8194444
ar rahbah,34.5,36.15
ar ram,34.1666667,36.1833333
ar ramlah,34.45,35.8166667
ar raqayif,33.9,35.8
ar rashidiyah,33.2361111,35.2155556
ar rawais,33.4166667,35.3166667
ar rawshah,33.8833333,35.4666667
ar rayhan,33.4430556,35.5711111
ar rayhaniyah,34.3333333,35.9833333
ar rihan,34.1666667,35.6333333
ar rimmah,34.6166667,36.2666667
ar ruaysah,33.9166667,35.75
ar ruays,34.2166667,35.8166667
ar rumani,33.5097222,35.5555556
ar rumaylah,34.4119444,35.9127778
ar rumayliyah,34.05,35.8166667
ar ruwaymah,34.5166667,36.3166667
arsoun,33.8666667,35.6833333
artez,34.2333333,35.75
arzai,33.3333333,35.3
arzoun,33.2833333,35.3833333
ash shabraqiyah,33.7833333,35.8666667
ash shalut,34.3613889,35.9897222
ash shamah,33.1455556,35.2077778
ash shambuq,34.5166667,36.2833333
ash shamikhah,33.5527778,35.5888889
ash shamis,33.6333333,35.45
ash shaqduf,34.5333333,36.1833333
ash shaqif,33.9666667,35.7833333
ash sharah,34.0166667,35.8166667
ash sharawinah,34.0166667,36.2
ash sharbinah,34.1166667,35.85
ash sharbin,34.45,36.3166667
ash sharbin,33.6166667,35.5166667
ash sharqiyah,33.3986111,35.4222222
ash sharqiyah,33.7333333,35.45
ash shawaliq,33.6833333,35.5333333
ash shawaya,34.0666667,35.7166667
ash shawmarah,33.1191667,35.1422222
ash shaykh abd allah,34.3652778,35.9969444
ash shaykh ayyash,34.6333333,36.1
ash shaykh taba,34.5333333,36.0833333
ash shaykh zinad,34.6,35.9833333
ash shaytiyah,33.2,35.2666667
ash shib,34.05,35.65
ash shiyah,33.8483333,35.5280556
ash shuwayfat,33.8072222,35.5175
ash shuwayr,33.9111111,35.7086111
aslout,34.3263889,35.9611111
asnoun,34.3875,35.8863889
as sadiyat,33.7,35.4166667
as safinah,34.5666667,36.15
as safrah,33.75,35.8
as sahlah,34.6,36.3333333
as sahlah,34.0,35.7333333
as saidah,34.0333333,36.0833333
as sakakiyah,33.4372222,35.2822222
as salam,33.3763889,35.4888889
as salihani,33.1333333,35.3
as salihiyah,33.5602778,35.4225
as samaiyah,33.2166667,35.2333333
as samqaniyah,33.6833333,35.5833333
as sanawbar,34.4166667,36.0833333
as saqy,33.95,35.8
as sarafand,33.4491667,35.2980556
as sar,34.0666667,35.65
as saraya,33.375,35.4791667
as saruniyah,33.5783333,35.435
as sawaqi,34.33,36.0091667
as sawirah,33.6833333,35.9166667
as sawwanah,33.2322222,35.4416667
assia,34.2166667,35.7833333
as siddiqin,33.1902778,35.3091667
as siffi,33.7333333,35.6833333
as sifri,33.9166667,36.0666667
as sirah,34.2166667,35.85
as siyahah,33.1833333,35.2166667
assouba,34.2333333,35.9166667
as sufaylah,33.8833333,35.6666667
as sulayyib,33.3,35.6166667
as sultan yaqub,33.6425,35.8613889
as sultan yaqub at tahta,33.65,35.85
as summaaiyah,34.6333333,36.0
as surayri,33.4333333,35.6333333
as sutuh,34.2666667,35.6666667
as suwaydah,33.85,35.6
as suwaydiyah,34.4,36.2333333
ath thamiriyah,33.2402778,35.4555556
at tallah,34.5,35.95
at tamir,33.6,35.3833333
at tawari,33.9666667,35.7333333
at taybah,33.2755556,35.5216667
at tayri,33.1397222,35.4022222
at tayyibah,33.95,36.1666667
at tuwayri,33.2666667,35.4166667
at tuwaytah,33.8666667,35.85
at tuwaytah,33.7833333,35.7166667
ayat,34.0333333,36.1666667
ayn al mir,33.5361111,35.4611111
aynata,34.1833333,36.0833333
aytah,33.8166667,36.0333333
az zakrur,34.15,35.7833333
az zalqa,33.9,35.5833333
az zarariyah,33.3438889,35.3344444
az zarazir,34.15,36.1166667
az zarub,33.5833333,35.8166667
az zaytuniyah,33.6,35.5166667
az zirah,34.2333333,35.8333333
az zuaytiriyah,34.0166667,35.6666667
az zuhayriyah,33.2166667,35.2166667
az zururah,33.8166667,35.8666667
baabdate,33.8911111,35.6725
baadarane,33.6333333,35.6166667
baaklin,33.6738889,35.5566667
baalbak,34.0,36.2
baalchmay,33.8166667,35.6333333
baaloul,33.5894444,35.7491667
baaouarta,33.7333333,35.5
baaqoun,33.6833333,35.4666667
baazqoun,34.3816667,35.9461111
bab al mira,33.5830556,35.6797222
bab el ahmar,33.5291667,35.825
bab en nabaa,33.1972222,35.4652778
bachnine,34.35,35.85
badbhoun,34.2602778,35.8744444
badghan,33.7663889,35.6711111
bafhoun,34.3972222,35.96
bafiliyah,33.2613889,35.3661111
bahamine,33.5819444,35.6
bahbouch,34.2783333,35.8286111
bahweeta,34.3383333,35.9661111
baidar,33.5361111,35.5736111
baidar er raml,33.6833333,35.5166667
bain,34.2775,35.9533333
baisour,33.7666667,35.5666667
baissour,33.5358333,35.4466667
bajaa,34.4833333,36.0666667
bajjaje,34.2166667,36.3333333
bakhaoun,34.4166667,36.0166667
bakhas,34.1833333,35.6666667
bakifa,33.6,35.5
bakka,33.5922222,35.9233333
bakkeefa,33.4925,35.8188889
balaa,34.1833333,35.8666667
balaais,34.2997222,35.9419444
balatat al jamjim,33.3666667,35.2833333
balat,33.3875,35.6013889
balhas,34.1,35.8
ballanat al hisah,34.5833333,36.05
banaafoul,33.4833333,35.4166667
bani hayyan,33.2444444,35.4916667
baqismaya,34.2519444,35.765
baraachit,33.1769444,35.4458333
barbara,34.5666667,36.1833333
barbarah,33.8527778,35.9
bareesh,33.2666667,35.35
bar elias,33.7755556,35.9008333
barghoun,34.35,35.75
barhalioun,34.2666667,35.8833333
bariqa,33.3430556,35.3861111
barja,33.6502778,35.4433333
barqa,34.1666667,36.1333333
barsa,34.3833333,35.8333333
barti,33.5211111,35.4827778
basatin al usi,34.2333333,35.8166667
basbeena,34.2333333,35.7
basharri,34.2513889,36.0097222
bashtayil,34.4055556,35.9916667
baskinta,33.9447222,35.7883333
basroun,34.2333333,35.9833333
batara,34.1666667,35.8666667
batarram,34.3319444,35.8083333
bater,33.6,35.6166667
batloun,33.7,35.65
batma,33.6666667,35.6166667
batoulay,33.2333333,35.25
batroumine,34.3666667,35.8166667
bawarij,33.8166667,35.8166667
bayadat,33.1694444,35.4
bayad en nabi,33.3833333,35.45
bayadir rishin,34.3925,35.9183333
bayqun,33.6166667,35.5833333
bayrut,33.8719444,35.5097222
bayt abu ishaq,34.2672222,35.8647222
bayt ad din,33.7,35.5833333
bayt al haraqisah,34.3983333,35.9347222
bayt al hawsh,34.4833333,36.0
bayt al kuku,33.9166667,35.6333333
bayt allam,34.3833333,36.2333333
bayt ash shaar,33.9333333,35.6166667
bayt ash shiar,34.2613889,35.8402778
bayt at tufaylah,34.05,36.2333333
bayt awkar,34.4333333,35.9166667
bayt ayyub,34.4666667,36.1666667
bayt az zahlah,34.4833333,36.1
bayt dawud,34.3794444,35.96
bayt hasan husayn,34.3166667,36.3
bayt hasna,34.3855556,35.9577778
bayt hutman,34.3969444,35.9819444
bayt khalil,34.5333333,36.2166667
bayt lahya,33.4830556,35.8033333
bayt lif,33.1338889,35.3316667
bayt makhluf,34.25,35.85
bayt mallat,34.5333333,36.1666667
bayt miri,33.8655556,35.5952778
bayt mubarak,33.8333333,36.0833333
bayt mudlij,34.2166667,36.25
bayt mundhir,34.2630556,35.9105556
bayt shama,33.9166667,36.0166667
bayt shlala,34.2166667,35.8333333
bayt yahun,33.1722222,35.4222222
bayt yunus,34.4833333,36.15
bayt zud,34.3994444,35.9866667
bazioun,34.1,35.75
baziza,34.2736111,35.82
bchama,34.4333333,35.9333333
bcheaaqab,33.7166667,35.5166667
bchehhara,34.3605556,35.9336111
bchelle,34.1,35.7166667
bchennata,34.3441667,35.9858333
bchetfine,33.7130556,35.5516667
bdabba,34.35,35.8166667
bdadun,33.81,35.5611111
bebnine,34.5,36.0
bechmezzine,34.3205556,35.7961111
bechouat,34.15,36.1333333
bedias,33.3166667,35.3
bednayel,33.9166667,36.0
bednayel,34.2833333,35.7333333
behinna,33.9083333,35.8777778
beichiye,33.6333333,35.4166667
bein enn nahraine,34.2847222,35.9219444
beit danud,34.5166667,36.1666667
beit ed dine,33.5680556,35.5666667
beit hassane,34.395,35.975
beit mchik,34.05,36.0333333
beit radouane,34.3897222,35.9677778
bejdarfel,34.25,35.7166667
bekfeya,33.9302778,35.6752778
bennt jbail,33.1202778,35.4325
benouate,33.575,35.5763889
bertregreen,33.9297222,35.7444444
besri ferme,33.5791667,35.5375
bessaba,33.8,35.55
bessailet el faouqa,34.1333333,36.1166667
bestias,33.2833333,35.35
bfarwah,33.4422222,35.4252778
bhamdoun,33.7958333,35.6497222
bhamdoun el mhatta,33.8086111,35.6577778
bhannays,33.9,35.6666667
biblos,34.1166667,35.65
bihat,33.7166667,35.55
bikdaha,33.9,35.7666667
billa,34.265,35.89
bilone,33.1666667,35.4888889
bimaryam,33.8333333,35.7166667
biout el ain,34.4,36.25
biout es sayed,33.1666667,35.2
biqa kafra,34.2333333,36.0
bir ad duwayk,33.95,35.6833333
bir as sanasil,33.225,35.4055556
bir hasan,33.85,35.5
birkat hjula,34.1333333,35.7333333
bir qadim,34.2,35.6666667
bisarmah,34.3325,35.8377778
bisbeel,34.3547222,35.8738889
bizal,34.4666667,36.05
bizibdin,33.8666667,35.7333333
bkarta,34.1166667,35.8
bkasin,33.5680556,35.5805556
bkerzala,34.5166667,36.05
bkhechtay,33.8,35.6166667
blaouza,34.2608333,35.9516667
bleeda,33.1397222,35.5166667
bmahrai,33.7561111,35.7166667
bmahrin,34.1166667,35.6833333
bmaryamin,33.15,35.3
bnahran,34.2747222,35.8513889
bnashi,34.3330556,35.895
bnemchine,33.7180556,35.5944444
bnita,34.3011111,35.8311111
borj chemali,33.2613889,35.2388889
borj el beragini,33.8333333,35.5
borj el hammoud,33.8833333,35.5333333
borj el qibleh,33.25,35.2333333
borj el uahoudiye,34.45,35.9166667
bouhairet jaula,34.3175,35.9627778
bou raksse,33.3527778,35.5611111
bou ras,33.2027778,35.4583333
bourdine,33.7277778,35.5458333
bourghos,33.4152778,35.6236111
bousoi,33.5013889,35.5138889
boustane,33.1,35.25
boustane chabriha,33.3,35.2333333
bou zaher,33.6425,35.7202778
bouzraide,33.75,35.5833333
bqasta faouqa,33.5794444,35.4047222
bqezqacha,34.25,35.9833333
brak et-tel,33.4833333,35.3333333
bramiye et tahta,33.5772222,35.3902778
braytal,33.9333333,36.15
broummana,33.8847222,35.6333333
bsaba,33.6,35.55
bsalim,33.9,35.6
bsefrine,33.8833333,35.7
bsouje,33.9125,35.8722222
btaaboura,34.2744444,35.7616667
btaaline,33.85,35.6666667
btadi,34.1166667,36.1
btalloun,33.7833333,35.6333333
btebiat,33.8333333,35.7
btehline,34.3683333,35.9647222
btellaiye,34.3116667,36.0080556
btermaz,34.4166667,36.0333333
bu arab,33.3833333,35.6333333
camp ain el hiloue,33.5413889,35.3772222
chaat,34.1333333,36.2166667
chabtine,34.2166667,35.75
chadra,34.6166667,36.3166667
chakra,33.1916667,35.4694444
chamat,34.1666667,35.7
chamharine,33.6833333,35.5
chanai,33.7833333,35.65
chane,34.4833333,36.1166667
chaouie,33.4138889,35.4458333
charbila,34.5833333,36.15
charife,33.6352778,35.5572222
charoun,33.7711111,35.6858333
chartoun,33.7444444,35.5777778
chbail,33.4222222,35.6027778
chebaa,33.35,35.7444444
chehim,33.6236111,35.4836111
chehour,33.3,35.3666667
cheikh hammeirine,34.6166667,36.1166667
cheirate,34.1666667,35.65
cheka jedid,34.3333333,35.7333333
chemlikh,33.7833333,35.7
chenan aair,34.0,35.6666667
chihine,33.1258333,35.2563889
chkeir,33.5369444,35.3988889
chlifa,34.0833333,36.1
chnata,34.2583333,35.8216667
chouaiya,33.3972222,35.7180556
choualiq,33.5538889,35.4377778
chouata,34.0666667,35.85
chouene,34.0666667,35.7666667
choukine,33.3555556,35.4569444
chourit,33.7333333,35.6333333
dabchet es sahra,33.2138889,35.3777778
dafun,33.75,35.5666667
dahr al ahmar,33.5291667,35.8430556
dahr al awq,33.57,35.3966667
dahr al ayn,34.4,35.85
dahr al ballit,33.8333333,35.85
dahr al bashiq,33.8833333,35.6
dahr al baydar,33.8166667,35.7666667
dahr al harf,34.2,35.8166667
dahr al magharah,33.6833333,35.45
dahr al qattin,34.0166667,35.8
dahr as safa,34.35,35.7833333
dahr chourane,33.5013889,35.4716667
dahr mar richa,34.2,35.6833333
dakoun,33.7333333,35.5166667
dallafah,33.4333333,35.65
damalsa,34.15,35.6833333
dameet,34.1,35.6833333
danbu,34.4833333,36.0833333
daoura,34.3333333,36.3166667
daouret en naml,34.25,36.2666667
daqqour,34.4122222,35.9602778
dar ain el aaoura,34.5666667,36.1666667
daraiya,34.3288889,35.8686111
darajat al qarn,34.25,35.9666667
darayah,33.95,35.7
dar baachtar,34.2702778,35.7919444
darb as sim,33.5311111,35.3788889
dar chmezzine,34.2858333,35.7833333
dardagheiya,33.2808333,35.37
dareen,34.6,36.1
darkouba,33.7166667,35.5666667
dar ramle,33.5502778,35.525
dar tahnich,33.7,35.7666667
darzanoun,33.75,35.9166667
daurah,34.55,36.2166667
dawoudiyah,33.4333333,35.3
dayr al af ayer,33.55,36.0166667
dayr al ahmar,34.1166667,36.1166667
dayr al mukhallis,33.5777778,35.6
dayr al qamar,33.6963889,35.5580556
dayr al qattarah,34.1833333,35.8
dayr amar,34.45,35.9
dayr amis,33.2,35.3333333
dayr as siryan,33.2833333,35.5
dayr ayn al jawzah,33.5969444,35.6911111
dayr az zahrani,33.4333333,35.4666667
dayr bililah,34.2525,35.8213889
dayr dallum,34.5166667,36.0333333
dayr kifa,33.25,35.4
dayr mar yuhanna,33.8166667,35.6833333
dayr mimas,33.3005556,35.5441667
dayr natar,33.2166667,35.3752778
dayr nbuh,34.3730556,35.9277778
dayr qanun an nahr,33.3,35.3166667
debaal,33.25,35.35
debaal,34.4333333,36.0833333
debel,33.1208333,35.3672222
dedde,34.3833333,35.8
deir hanna,33.1586111,35.1766667
deir madrasse,33.9833333,35.65
deir taqla,33.4,35.3
dhour darb es sim,33.5377778,35.3858333
dibbeen,33.3708333,35.5972222
dimet,33.7,35.5
djebaa,33.4875,35.5194444
djeb djennin,33.6269444,35.7833333
djedeide,33.8938889,35.5758333
djedeideh,33.3638889,35.5805556
djedita,33.8252778,35.835
djezzin,33.5416667,35.5888889
djounie,33.9808333,35.6177778
douris,33.9833333,36.1833333
ebel es saqi,33.3569444,35.6333333
ech chaghour,33.7402778,35.5305556
ech chahouta,33.4694444,35.5722222
ech chamiye,33.5694444,35.8208333
ech chaoui,33.4305556,35.5944444
ech chehabiye,33.2444444,35.3833333
ech chehhar,33.7305556,35.5569444
ech chibliye,33.5083333,35.5319444
ech choume,33.4361111,35.5111111
ech chouthane,33.4125,35.5625
ed bbouq,33.2388889,35.4097222
ed dabous,33.3958333,35.7263889
ed daghle,33.1902778,35.4666667
ed dahr,33.5355556,35.4486111
ed daidabe,33.5305556,35.5708333
ed daoudiye,33.5777778,35.5027778
ed darje,33.5333333,35.8055556
ed darje,33.5805556,35.5527778
ed-dawoudiyah,33.4666667,35.3666667
edde,34.1333333,35.6666667
ed-dheirjat,33.3166667,35.65
ed dikermane,33.5616667,35.3763889
eeal,34.3622222,35.9091667
eezal,34.3813889,35.9816667
ehdene,34.2911111,35.965
ejbaa,34.3091667,35.9436111
ej jazayer,33.3875,35.4819444
ej jerbane,33.7055556,35.5291667
ej jouar,33.5444444,35.5236111
ej jouar,33.7305556,35.6222222
el aabbane,33.3458333,35.4361111
el aaibb,33.5291667,35.5222222
el aairdane,33.5277778,35.6013889
el aalaime,33.2152778,35.4125
el aaoude,33.5347222,35.3797222
el aaouja,33.5344444,35.6561111
el aaqabe,33.3694444,35.6583333
el aaqde,33.5319444,35.6
el aarayech,33.1680556,35.3763889
el aarja,33.3652778,35.3777778
el-amrah,33.3,35.6
el-aqbiyah,33.4666667,35.3166667
el arz,33.5625,35.5319444
el barde,34.5833333,36.2
el bayada,33.5277778,35.5638889
el bayad,33.3736111,35.4527778
el bayyada,33.3694444,35.4291667
el bazzara,33.5666667,35.5472222
el biara,34.1833333,35.9166667
el biyada,33.1627778,35.1808333
el blata,33.5444444,35.3947222
el boustane,33.7388889,35.5111111
el derraniyat,33.5722222,35.8291667
el eskandaraniye,33.5711111,35.3847222
el faouar,34.4333333,35.8833333
el fatatil,33.2319444,35.4888889
el fekhet,33.5166667,35.8388889
el franje,33.5741667,35.3813889
el ghabe,33.1972222,35.4347222
el ghamiqa,33.3847222,35.4055556
el gharb,33.3472222,33.3972222
el gharqa,33.5222222,35.7833333
el ghouaibe,33.3694444,35.6930556
el hadafe,33.3791667,35.7361111
el hadaya,33.2166667,35.4708333
el hadeb,33.4361111,35.5208333
el haija,33.3388889,35.5013889
el hallali,33.7375,35.5166667
el-hamra,33.3166667,35.5
el hamra,33.3958333,35.6027778
el haouarne,33.5805556,35.5027778
el hara,33.5111111,35.4516667
el harqat,33.8638889,35.9069444
el hartaqa,33.5597222,35.5527778
el-haushab,34.5833333,36.1
el hima,33.4638889,35.5513889
el-hmeiri,33.3,35.35
el houe,33.1944444,35.4416667
el houraniye,33.7458333,35.5763889
el houtiye,33.5819444,35.5777778
el karak,33.85,35.9263889
el kassayer,33.7458333,35.5388889
el kerdi,34.4072222,35.9225
el kharje,33.725,35.5666667
el-khartoum,33.4,35.3666667
el-kheizaran,33.45,35.2833333
el khiche,33.4138889,35.5625
el kisrane,33.1861111,35.3875
el kouaa,33.1875,35.4027778
el koursi,34.2,35.9166667
el kraimat,33.3875,35.4097222
el ksara,33.4055556,35.7472222
el-kweikhat,34.5833333,36.0833333
el libnaya,33.4361111,35.5444444
ellie,34.05,35.7
el loubie,33.4333333,35.2833333
el lzaq,33.5791667,35.5472222
el machgharani,33.3958333,35.4597222
el machrah,33.5069444,35.5430556
el mahmoudiyah,33.3888889,35.55
el maide,33.4888889,35.5097222
el makhlouta,33.4013889,35.5583333
el malloul,33.5277778,35.7944444
el malloul,33.1736111,35.4666667
el mamlaha,33.3902778,35.7194444
el-manarah,33.2833333,35.2
el manatir,33.3361111,35.4361111
el manzale,33.5722222,35.5527778
el maqarde,33.2263889,35.4527778
el maqatle,33.4013889,35.4666667
el maqsaf,33.5644444,35.3758333
el mared,33.2069444,35.3986111
el marj,33.2333333,35.4791667
el massahib,33.3875,35.4944444
el matarih,33.3541667,35.4208333
el-mattariyah,33.3333333,35.2833333
el mayadine,33.4416667,35.5611111
el mayas,33.1833333,35.4416667
el mazraa,34.55,36.15
el mazraat,33.4666667,35.7666667
el mghariq,33.1875,35.4916667
el mghariq,33.5336111,35.4333333
el mhanbar,33.3652778,35.4069444
el mikhadah,34.1333333,35.8333333
el mlazeq,33.5611111,35.5583333
el mlekh,33.5152778,35.5555556
el mnazil,34.1333333,35.75
el mouassel,33.1861111,35.4444444
el moughraiqa,33.7375,35.5097222
el-moush,33.7333333,35.6166667
el mqacher,33.2277778,35.4888889
el-mrahat,34.55,36.2333333
el mraiqsa,33.5569444,35.8152778
el mrouj,33.1958333,35.4736111
el msahle,33.7138889,35.5430556
el-mseilih,33.4833333,35.35
el mtariyat,33.6166667,35.4666667
el mughr el ahwal,34.2891667,35.8733333
el mzahmah,34.6,36.1333333
el ouaqf,33.5661111,35.3791667
el ouata,33.5347222,35.5333333
el ouazzane,33.4166667,35.5083333
el ouazzani,33.2402778,35.4819444
el ouestani,33.5625,35.8513889
el oustani,33.3388889,35.4819444
el outaiyat,33.5625,35.7791667
el qacha,33.6819444,35.5083333
el qachaya,33.6736111,35.5638889
el qaiqoube,33.6680556,35.5375
el-qalah,33.9833333,35.8
el qaraa,33.2361111,35.3763889
el qassaa,33.3569444,35.65
el qataai,33.4138889,35.4791667
el qattiniye,33.4083333,35.4041667
el qilya,33.4361111,35.6558333
el-qneitrah,33.4833333,35.4
el qornah,34.4833333,36.1666667
el qoua,34.45,36.3666667
el qraai,33.1805556,35.4597222
el qraimiye,33.3486111,35.4861111
el qraiya,33.5316667,35.3772222
el rhaibe,33.8666667,36.15
el-wardiyah,33.4166667,35.5847222
el-waziyah,33.3944444,35.5694444
en naassi,33.1888889,35.3875
en naassi,33.5066667,35.4483333
en-nabi safi,33.4875,35.5569444
en nachabe,33.4152778,35.7472222
en naffakhiyah,33.2666667,35.3833333
en naffara,33.2097222,35.4069444
en naouabit,33.3361111,35.5875
en naqaai,33.2,35.4736111
en naqra,33.3930556,35.7277778
en nouqar,33.3361111,35.7416667
en nqiri,33.2430556,35.4555556
erkay,33.4625,35.4136111
er rabatiye,33.5625,35.3808333
er-reehaniyah,34.5833333,36.1166667
er rejem,33.3916667,35.4625
er ridm,33.5722222,35.5986111
er rikn,33.7222222,35.5861111
er-rmadiyah,33.2,35.2833333
er rmail,33.675,35.525
er rous,33.5425,35.3902778
er-ruhban,33.4930556,35.5513889
er-rweis,34.5166667,36.15
es-safa,33.75,35.7
es safha,33.4041667,35.4583333
es safha,33.7236111,35.5083333
es sahari,33.4388889,35.5597222
es sahra,33.2194444,35.4388889
es sahrij,33.3541667,35.4875
es salaa,33.1722222,35.4611111
es-samah,33.5,35.8
es saouaqi,33.5055556,35.5375
es sdoura,33.1861111,35.4666667
es sfente,33.5391667,35.3966667
es sfine,34.4666667,36.0333333
es sfouf,33.2277778,35.4930556
es shamat,33.3861111,35.7166667
es shounat,33.5394444,35.3775
es souane,33.2402778,35.4958333
es soueida,33.5763889,35.6013889
es soufia,33.8166667,35.5666667
es soummaq,33.1833333,35.4833333
es srour,33.2125,35.4597222
es sur,33.2711111,35.1963889
et tabl,33.5583333,35.5361111
et tachouni,33.2083333,35.4597222
et tayariyat,33.11,35.1511111
et terrach,33.4,35.575
et-tfeil,33.85,36.3666667
ezgharta,34.3997222,35.8933333
ez-zalloutiyah,33.1122222,35.2463889
ez zaoura,33.5152778,35.8069444
ez zayer,34.0666667,35.6666667
fadar al fawqa,34.1333333,35.7
falougha,33.8333333,35.7333333
faqous,34.3877778,35.9722222
farchaa,34.1333333,35.7666667
fisan,34.4833333,36.35
flaoue,34.0833333,36.05
fourate,34.0833333,35.7833333
fourn ech chebbak,33.8666667,35.5166667
frayj,33.95,36.0666667
froun,33.2963889,35.4288889
fulfariyah,33.555,35.4927778
gebrayel,34.5166667,36.1333333
ghazzah,33.6669444,35.8244444
habalin,34.1666667,35.6833333
habbouch,33.4083333,35.4861111
habchite,34.4666667,36.0833333
habrammoun,33.75,35.6333333
hadath al jubbah,34.25,35.9333333
hadchite,34.2522222,35.9844444
haddasse,33.1658333,35.3908333
hadtoun,34.2,35.8
haffoure,33.1916667,35.4777778
hai beit aazar,33.8833333,35.7833333
hai beit bou nader,33.9333333,35.7833333
haidaba,33.525,35.5305556
hai el bayader,33.8666667,35.75
hai el blata,33.9333333,35.8
hai el faouqa,34.1,35.7833333
hai el-fikani,33.85,36.0333333
hai el mathane,34.2,36.3166667
hai el ouata,34.2166667,35.6833333
hai hamdoun,34.4666667,35.9166667
hailane,34.4333333,35.95
hai mar estefane,34.1666667,35.7666667
hai sabra,34.3916667,35.9122222
haitoule,33.5219444,35.4736111
haitoura,33.5194444,35.5555556
haizouq,34.55,36.1333333
hakel,34.1666667,35.75
halbata,34.25,36.2833333
haliounet et tahta,33.6666667,35.4666667
halloussiyet el faouqa,33.3,35.3333333
haltaa,33.3,35.6666667
hamate,34.2833333,35.7
ham,33.8666667,36.2
hammadiyah,33.2833333,35.2333333
hammana,33.8275,35.7330556
hammara,33.6472222,35.8861111
hamoul,33.1233333,35.1652778
hamra abou jdid,33.5319444,35.55
haneen,33.1166667,35.3833333
haouch barada,34.0166667,36.1166667
haouche dahab,34.0333333,36.1166667
haouch ed dibs,33.7666667,35.8166667
haouch el harime,33.7191667,35.8536111
haouch el omara,33.8361111,35.9
haouch en nebi,33.9333333,36.0666667
haouche rafaga,33.9166667,36.0333333
haouch ez zaraane,33.8472222,35.9111111
haouch hala,33.8486111,35.9944444
haouch moch,33.8166667,36.0166667
haouch qaissar,33.7666667,35.8
haouch tell safiye,34.0166667,36.1333333
haour taala,33.9166667,36.1333333
haqlet el baida,34.3875,35.9636111
haql hammana,33.8666667,35.8333333
haql hasan,33.8666667,35.6333333
harat al arf,33.3972222,35.7138889
harat al ayn,34.3269444,35.8097222
harat al bayadir,33.1805556,35.4444444
harat al jadidah,34.4141667,35.8772222
harat al kanisah,33.6666667,35.4166667
harat ash sharafah,34.4166667,35.85
harat ash shaykh,33.8833333,35.5666667
harat bu awwad,34.1833333,35.8166667
harat jandal,33.6333333,35.6
harbata,34.2166667,36.2666667
hareess,33.1736111,35.3769444
haret el baklil,34.4111111,35.915
harf ardah,34.4022222,35.9072222
harf as sim,34.5666667,36.2166667
harf azir,34.3475,35.9391667
harf,34.335,35.9397222
harfush,34.2,36.25
haribi,33.1944444,35.4611111
harouf,33.375,35.4361111
hasbaiya,33.4027778,35.6930556
hasbaiya,33.8666667,35.7166667
hasroun ej jdaide,34.4,35.8666667
hasroute,33.6333333,35.5333333
hawrah,33.3,35.55
hay bir nasser,33.1166667,35.4666667
hay el ain,33.1166667,35.4
hay el maslakh,33.1166667,35.45
hazerta,33.8833333,35.8666667
hekr ed dahri,34.6333333,36.0166667
hekr el koussa,34.5833333,36.0333333
henaider,34.6166667,36.4333333
henouch,34.3,35.6666667
hiaiyati,33.1722222,35.4736111
hizzeen,33.9666667,36.0833333
hmairat,34.6333333,36.3833333
hmais,34.5666667,36.1333333
hmeilah,33.45,35.4666667
hosaya,33.8,36.0166667
houdj el hajar,34.2833333,35.6666667
houmeen el-fauqa,33.4430556,35.4961111
hqoul el mehdi,34.0666667,35.8333333
hraiqess,34.45,35.9333333
hrar,34.45,36.1166667
iskandarounah,33.1544444,35.1661111
jaba ash shawf,33.6125,35.6286111
jabal el botm,33.1833333,35.2833333
jabboule,34.2333333,36.3333333
jabla,34.25,35.7833333
jadra,33.6333333,35.4
jaide,33.85,35.5666667
jall bou haidar,33.7166667,35.45
jall en naml,33.525,35.3786111
jall jdid,33.5241667,35.3769444
jameaa ouadi zighrine,34.4166667,36.35
jamjim at tahta,33.3666667,35.2666667
janeen,34.6333333,36.1333333
jannah,34.0833333,35.8333333
janta,33.85,36.1
jarjouaa,33.4469444,35.5208333
jarjour,34.3516667,35.9375
jdaidet barqacha,34.3833333,35.85
jebb farah,33.5166667,35.7916667
jeness naye,33.5375,35.4305556
jengel,34.1333333,35.6833333
jennata,33.2833333,35.3166667
jernaya,33.4875,35.4711111
jibchit,33.3611111,35.4361111
jiblay,33.6166667,35.6
jijim,33.1233333,35.1925
jisr al asi,34.3833333,36.4166667
jisr al misri,33.7,35.6666667
jiwa al arab,34.6333333,36.3333333
jiwar al hashish,34.0333333,35.7333333
jiwar as sus,33.5486111,35.5666667
jmaijme,33.205,35.4430556
jorn el qataat,33.1722222,35.45
joun,33.5805556,35.4602778
jrabta,34.2,35.7
jran,34.2166667,35.7166667
judaydat yabus,33.6666667,35.9333333
jurat ad darb,33.8833333,35.8
jurat arsun,33.85,35.7166667
jwayya,33.2361111,35.3380556
kaabouch,34.405,35.9263889
kaf al mallul,34.3491667,35.9538889
kaffet el ghrab,33.5763889,35.7916667
kafra,33.1755556,35.3497222
kafr amam,33.3444444,35.6736111
kafr ammay,33.7666667,35.6
kafr aqqa,34.3033333,35.8366667
kafrayya,34.45,35.9666667
kafr bayt,33.5,35.4666667
kafr bibnin,34.4,36.0833333
kafr dabash,33.95,36.0333333
kafr danis,33.5477778,35.8519444
kafr dan,34.0166667,36.05
kafr dijjal,33.3402778,35.4388889
kafr dlaqus,34.3936111,35.9041667
kafr dunin,33.2416667,35.4
kafr falus,33.5436111,35.4744444
kafr faqud,33.7,35.5333333
kafr fila,33.4833333,35.5
kafr fu,34.3180556,35.88
kafr habou,34.415,35.9597222
kafr hata,34.2833333,35.75
kafr hattay,33.5077778,35.4463889
kafr hawra,34.3666667,35.8666667
kafr hazir,34.3113889,35.7744444
kafr hunah,33.4944444,35.5902778
kafr jarrah,33.5458333,35.4311111
kafr jawz,33.3972222,35.4777778
kafr khullus,34.2666667,35.6833333
kafr kila,33.2833333,35.55
kafr matta,33.7333333,35.5333333
kafr milki,34.55,36.0166667
kafr milki,33.5022222,35.4775
kafr mishki,33.5141667,35.7666667
kafr nabrakh,33.6972222,35.6305556
kafr nun,34.6333333,36.25
kafr quq,33.5325,35.8925
kafr rumman,33.3891667,35.5
kafr sghab,34.2797222,35.9608333
kafr shima,33.8152778,35.5333333
kafr shuba,33.3280556,35.6919444
kafr silwan,33.855,35.7788889
kafr sir,33.3166667,35.4
kafr tala,33.5736111,35.5847222
kafr tibnit,33.3541667,35.5111111
kafr tun,34.5666667,36.3666667
kafr yashit,34.3463889,35.8925
kafr zabad,33.785,35.9913889
kafr zayna,34.3669444,35.8758333
kaftoun,34.2661111,35.7669444
kamid al lawz,33.6188889,35.8225
kaoukaba bou aarab,33.5291667,35.7861111
kaoukaba,33.3958333,35.6472222
kaoutariet es siyad,33.4138889,35.3902778
karbaribah,34.2980556,35.8780556
karkha,33.5641667,35.4452778
karm al mahr,34.3655556,35.9847222
karm as saddah,34.3058333,35.8897222
katif wadi ar ruyan,34.15,36.3166667
kawkaba bu arab,33.5333333,35.7833333
kefraiya,33.5594444,35.4338889
kfardenis,33.5472222,35.8541667
kfar hata,34.3827778,35.8975
kfarmechki,33.5180556,35.7694444
kfar saroun,34.2988889,35.8388889
khalawat al bayyadah,33.3861111,35.6833333
khalawat ar ruaysah,33.7833333,35.5166667
khaldah,33.7833333,35.4833333
khan hayyat,34.5666667,36.0
kharaib al aqabah,34.2166667,36.2833333
khawja bustan,34.6166667,36.3
khazzan sawfar,33.8,35.7
khirbat ad duwayr,33.2833333,35.6333333
khirbat ar rumman,34.6166667,36.2833333
khirbat dawud,34.5833333,36.2166667
khirbat qanafar,33.6413889,35.7180556
khirbat ruha,33.5683333,35.8530556
khirbat silm,33.2291667,35.4208333
khirbet rouha,33.5736111,35.8569444
khurmatah,34.1,36.2666667
khzaz,33.4666667,35.4
kifrayya,33.6680556,35.7316667
klilay,33.7166667,35.5
kousba,34.2997222,35.85
ksara,33.5263889,35.3811111
ksarat dahr ash shir,34.25,35.7666667
kunayyisat wadi an nairah,34.3166667,36.3333333
kunin,33.1483333,35.4361111
kur al hawa,34.1666667,35.6666667
kurum ad dayah,33.8,35.8333333
lala,33.6,35.7666667
lasa,34.0833333,35.85
lebqa,33.5486111,35.4522222
libbaya,33.4802778,35.7236111
lusi,33.65,35.8333333
maasir ash shuf,33.6661111,35.67
maassarati,34.4072222,35.9941667
maateb el ain,33.5708333,35.5027778
machaaroun,33.225,35.4902778
machghara,33.5305556,35.6522222
machmouche,33.5791667,35.5694444
mafraq abu raghif,34.5166667,36.0166667
magharat ash shaykh,34.3463889,35.9727778
maghayer mahali,33.3916667,35.4930556
maghdouche,33.5222222,35.3858333
mahall an nab,34.2166667,35.8833333
mahrunah,33.2166667,35.35
maifadoun,33.3472222,35.4763889
majdala,34.5,36.0333333
majdal anjar,33.7066667,35.9033333
majdalayya,34.4166667,35.8666667
majdal balhis,33.5388889,35.745
majdal bana,33.7833333,35.6666667
majdal silm,33.2208333,35.4666667
majdaluna,33.6,35.4333333
majdalun,33.9833333,36.1333333
majdalyun,33.5613889,35.4102778
majdal zun,33.15,35.2252778
majdel zoun,33.1513889,35.2252778
makhadat nahr al kalb,33.95,35.6166667
maqnah,34.0833333,36.2
maqsus,33.9833333,36.2333333
marabun,33.85,36.1833333
marah abbas,34.4333333,36.4166667
marah abu hanziÂ§al,34.3166667,36.3166667
marah abu qamar ad din,34.3833333,36.35
marah ad dahr,34.3333333,36.3666667
marah ad dishar,33.9,35.8666667
marah al abd,34.2333333,36.2666667
marah al ahbas,33.5488889,35.4613889
marah al ahmar,34.05,36.0166667
marah al aqabah,34.2833333,36.2666667
marah al awja,34.1333333,36.0833333
marah al balatah,34.0666667,36.05
marah al ballut,34.3666667,36.3333333
marah al basatin,34.5833333,36.35
marah al ghamirat,34.3,36.2833333
marah al khawkh,34.1833333,36.2
marah al mashraf,34.4333333,36.3666667
marah al mir ali,34.15,36.1833333
marah al mishmishi,34.1666667,36.2
marah al mughr,34.3833333,36.3166667
marah al qati,33.55,35.4833333
marah al qulud,34.1333333,36.0666667
marah al utaybah,34.35,36.35
marah al wadi,34.1333333,36.1333333
marah an niwas,34.3333333,36.3
marah ash shib,34.2333333,36.2833333
marah ash shunayn,34.4,36.35
marah as sayyid,34.1,36.0833333
marah as siraj,34.4166667,36.0
marah as siyad,34.3666667,36.35
marah at tirkhin,34.3833333,36.3333333
marah azibah,33.5444444,35.6291667
marah bakdash,34.3,36.3666667
marah bayt al abd,34.4,36.3333333
marah bayt assaf,34.0666667,36.0166667
marah bu ibrahim,34.0666667,36.0333333
marah bu shahin,34.1166667,36.0833333
marah daas taan,34.3,36.3166667
marah haysun,34.0333333,36.0333333
marah husayn shamdin,34.3,36.25
marah husayn taan,34.3,36.3
marah juwar al qurrah,34.3,36.2666667
marah qirraytah,34.3666667,36.3
marah wadi al mallul,34.3833333,36.3
marah yasin,34.3333333,36.3333333
marah zuwaytinah,34.35,36.3166667
marakah,33.2716667,35.3094444
mar butrus,33.9333333,35.6833333
mar elias,33.8444444,35.8930556
marj aali,33.8569444,35.9611111
marj ali,33.6333333,35.4833333
marj biskinta,33.95,35.7833333
marj es samah,33.5041667,35.7972222
marjhin,34.4166667,36.25
markaba,33.2338889,35.5111111
marous el barraniye,33.5522222,35.4802778
marous el jouaniye,33.5591667,35.4802778
marqiye,33.1791667,35.4083333
mar tmura,34.5833333,36.2833333
marun ar ras,33.1,35.4333333
marwahin,33.1,35.2666667
mar yusuf,34.2666667,35.7
mar yusuf,33.8794444,35.5694444
mashta al izziyah,33.1833333,35.25
mashuq,33.2666667,35.2166667
masna az zuhr,34.0166667,36.0
mathanat al juaydiyah,34.5666667,36.0833333
maydun,33.4666667,35.6333333
mays al jabal,33.1686111,35.5241667
mazar,33.5833333,35.9666667
mazbud,33.6111111,35.4811111
mazraat aataya,33.7263889,35.5875
mazraat al abbudiyah,33.5,35.3666667
mazraat al juwayk,34.35,36.0333333
mazraat al khuraybah,33.4666667,35.45
mazraat al manhalah,33.4,35.2666667
mazraat al mathanah,33.5777778,35.5222222
mazraat al mushrif,33.2166667,35.3333333
mazraat al warah,34.1,36.2166667
mazraat al wasitah,33.35,35.2666667
mazraat al wisamiyat,33.3833333,35.3
mazraat ash shuf,33.65,35.5833333
mazraat ash shumayyisah,33.5158333,35.7263889
mazraat assaf,34.25,35.8666667
mazraat as sakaniyah,33.35,35.2833333
mazraat as suwayri,33.4111111,35.5791667
mazraat at tuffah,34.3230556,35.9486111
mazraat ayn al qantarah,33.4666667,35.3
mazraat ayn qaniyah,33.6166667,35.9
mazraat ayyah,33.1833333,35.3166667
mazraat aziÂ§ ziÂ§alil,34.0333333,36.05
mazraat azzah,33.6,35.8333333
mazraat az zaynati,34.35,35.8666667
mazraat az zururiyah,33.5833333,35.4166667
mazraat bani sab,34.25,35.8833333
mazraat bayt al faqih,34.35,36.3333333
mazraat bayt sulaybi,33.9666667,35.9833333
mazraat bayt taqsh,33.9333333,36.0333333
mazraat bsaffour,33.3930556,35.3791667
mazraat chal baal,33.3833333,35.3916667
mazraat dajaj,33.4833333,35.5916667
mazraat dayr al ashair,33.5833333,36.0166667
mazraat dmoul,33.3694444,35.3791667
mazraat ez zehzlane,33.7166667,35.5333333
mazraat islamiyah,33.3333333,35.6666667
mazraat kafra,33.4958333,35.5222222
mazraat kafr baddah,33.3702778,35.2658333
mazraat kawthariyat ar ruzz,33.3666667,35.3166667
mazraat khallat khazin,33.425,35.5777778
mazraat nahhulah,33.3833333,35.2666667
mazraat oum er robb,33.1425,35.1730556
mazraat qalat mays,33.35,35.35
mazraat qrouh,33.4263889,35.5722222
mazraat ras al baydar,33.4041667,35.6736111
mazraat sinayy,33.3833333,35.3666667
mazraat tayr samhat,33.3,35.4
mazraat tibna,33.45,35.35
mazraat toul,33.3875,35.45
mazraat yashu,33.9333333,35.6333333
mazraat zaghrine,33.4236111,35.5555556
mazraat zayta,33.5022222,35.3922222
mdukha,33.6052778,35.8763889
metrit,34.2605556,35.8425
midan az zir,33.7666667,35.4666667
mighraqah,33.3333333,35.2666667
mimis,33.4166667,35.7166667
miqyal al qalah,34.2166667,36.0833333
miyasse,33.4666667,35.5263889
miziara,34.3327778,35.9302778
mkatbe,33.5630556,35.3786111
mlazeq hreqta,33.6680556,35.5222222
mlikh,33.4694444,35.5527778
morh kfar sghab,34.3372222,35.9008333
mqoufti,33.7222222,35.6055556
mristi,33.6227778,35.6452778
msaijene,33.6902778,35.6180556
mshan,34.0833333,35.75
mshikha,33.8833333,35.75
mudawwarah,33.8333333,35.4833333
muhaybib,33.15,35.5
mumni,34.5,36.1833333
munjiz,34.6166667,36.2333333
muql al khaff,33.95,35.8333333
muta,34.2333333,35.85
nabay,33.9,35.6166667
nabha,34.1833333,36.2166667
nahlah,34.05,36.2666667
nahr adh dhahab,34.05,35.75
nahr al mawt,33.9,35.5666667
nahr niha,33.8933333,35.9666667
niha,33.2666667,35.4
niha,34.2333333,35.8833333
niha,33.595,35.625
nqar el gharbi,33.3736111,35.6277778
nurat al fawqa,34.6166667,36.1833333
nurat at tahta,34.6333333,36.1833333
ouadi baanqoudain,33.5455556,35.4391667
ouadi el aarayech,33.8611111,35.8958333
ouadi jezzine,33.55,35.5805556
ouadi qannoubine,34.2566667,35.9469444
ouadi zebdine,33.3736111,35.4666667
ouata fares,34.2608333,35.8122222
oudi el laimoun,33.525,35.4602778
qaa er rim,33.8819444,35.875
qabb ilyas,33.7955556,35.8205556
qabit,34.45,36.1
qabr chmoun,33.75,35.55
qabrikha,33.2458333,35.4638889
qabrin,34.5666667,36.0333333
qalaat aades,33.5033333,35.3775
qalaat ezzaitoune,33.3666667,35.4027778
qalat al burj,34.6166667,36.3666667
qalat nusayr an nimr,34.5166667,36.2333333
qalb as sab,34.0333333,36.0
qalhat,34.3666667,35.7833333
qallawiyah,33.25,35.4166667
qamar ed dine,33.8569444,35.9027778
qana,33.2080556,35.3002778
qanarit,33.505,35.3777778
qanat bakish,33.9666667,35.8166667
qannabat brummana,33.8833333,35.6166667
qaqaiyat al jisr,33.3166667,35.4166667
qaqaiyat as sanawbar,33.4333333,35.35
qarah bach,34.3852778,35.8927778
qarha,34.6166667,36.45
qarqafe,33.3680556,35.5402778
qarqaf,34.4833333,36.0166667
qarsita,34.3833333,36.0666667
qasr al lajuj,34.0333333,36.25
qasr naba,33.9125,35.9944444
qati bu murad,34.25,35.9166667
qatran,34.3833333,36.0
qinya,34.5833333,36.3666667
qirqrayya,34.0666667,35.8166667
qiyaah,33.5666667,35.3863889
qizet cheqaa,33.3694444,35.6444444
qizet es saoued,33.3777778,35.6444444
qnaiouer,34.2663889,35.9258333
qnat,34.2533333,35.8933333
qtalah,33.5722222,35.5138889
qtalah,33.8166667,35.6666667
qubayyat al bharbiyah,34.5833333,36.2666667
qurnayil,33.8519444,35.7252778
qushluq,34.6166667,36.15
rabaat ej jabal,33.425,35.5305556
rabb ath thalathin,33.25,35.5166667
rachaaine,34.3994444,35.9186111
rachaiya el foukhar,33.3541667,35.6722222
rachaiya,33.5011111,35.8394444
raisse,33.5722222,35.8416667
ramiyah,33.9,35.6333333
ramyah,33.1166667,35.3166667
raqliyah,33.2333333,35.2833333
ras al ayn,33.2333333,35.2166667
ras al marj,34.1333333,35.8666667
ras al matn,33.85,35.65
ras al misri,33.1141667,35.1711111
ras an naban,33.8666667,35.5
ras balabakk,34.25,36.4166667
rashkidah,34.2666667,35.7166667
rasiyah,33.8486111,35.8902778
ras kifa,34.3105556,35.8669444
rasm al hadath,34.1333333,36.2666667
ras masqa ash shamaliyah,34.4,35.8333333
ras nhash,34.2833333,35.7166667
ras qusta,34.1166667,35.7166667
rayak,33.85,36.0
rayfun,33.9766667,35.7022222
rechdibbine,34.2925,35.8591667
rimat,33.5291667,35.5111111
rishmayya,33.7361111,35.5980556
rmaich,33.0780556,35.3672222
rshaf,33.15,35.3666667
ruaysat an numan,33.75,35.6
ruaysat sawfar,33.8,35.6833333
rujum,33.8166667,35.6
sabbah,33.5666667,35.5694444
sadin,34.6,36.0833333
sad nayil,33.82,35.8758333
safad al battikh,33.2,35.4277778
safrah,34.15,36.1666667
saghbine,33.61,35.6958333
sahrat al qashsh,33.7833333,35.8166667
saida,33.5630556,35.3688889
saidoun,33.5222222,35.5138889
sakhrah,34.3605556,35.9188889
sanaallah,34.4077778,35.93
sannur,34.0333333,35.7833333
sarba,33.4655556,35.4752778
sarghoun,34.2952778,35.8105556
sayyidat an naja,34.25,36.1166667
sebaail,34.3147222,35.9086111
sejoud,33.4347222,35.5319444
semqaye,33.7222222,35.5388889
seraail,34.2897222,35.9111111
sfenta,33.5077778,35.4930556
shira,34.2722222,35.8647222
sila,33.25,35.3833333
sindiyanat raydan,34.5833333,36.25
sir al gharbiyah,33.3166667,35.3666667
sirin al fawqa,33.8833333,36.1
sirin at tahta,33.8833333,36.0833333
snaoubar el hache,33.4208333,35.5972222
snaya,33.5180556,35.5305556
sohmor,33.5188889,35.6841667
souq ain qbaia,33.5194444,35.6152778
srar,34.6166667,36.1333333
sribbin,33.15,35.35
srifa,33.2813889,35.3963889
suq al gharb,33.7925,35.5625
taaid,33.575,35.5430556
taailet,33.5819444,35.8527778
tahoun nahlous,34.4025,35.8955556
tair harfa,33.1272222,35.2186111
tall abbas al gharbi,34.5833333,36.0666667
tall al akhdar,33.7333333,35.8333333
tall bibi,34.6166667,36.0
tall birah,34.6166667,36.05
tall dhnub al jadidah,33.6666667,35.7666667
tall dhnub,33.6666667,35.7833333
tall humayrah,34.6333333,36.0833333
tall kari,34.6,36.0333333
tall kindi,34.6166667,36.0666667
talloussa,33.2347222,35.4875
talya,33.9333333,36.1
tanbourit,33.5161111,35.4147222
tannurah,33.4833333,35.8
taouahine ras en nahe,34.3947222,35.9241667
taray,33.2125,35.45
tarayya,33.9833333,36.0166667
tarshish,33.8758333,35.7963889
tartij,34.1833333,35.8333333
tawahin az zahriyah,34.3927778,35.8930556
tawfiqiyah,34.1666667,36.3166667
tayr dibbah,33.2666667,35.2833333
tayr falsayh,33.3166667,35.35
temnine el faouqa,33.9027778,35.9861111
temnine et tehta,33.8861111,35.9944444
thulthata,33.5,35.75
tibnine,33.1944444,35.4069444
tirmalikh,34.4333333,36.0666667
touline,33.2472222,35.4402778
tourza,34.2833333,35.8975
tuffahta,33.4375,35.3716667
tura,33.2833333,35.3
turbul,33.8122222,35.9786111
turbul,34.45,35.95
umm at tut,33.1166667,35.25
wadi al jamus,34.5,36.0166667
wadi al jurd,34.1666667,35.9166667
wadi at turkuman,34.3666667,36.3166667
wadi ayn al ullayq,33.9833333,35.7166667
wadi az zaynah,33.6333333,35.3833333
wadi fara,34.2833333,36.3
wadi jilu,33.25,35.3
wata al burj,34.2,35.6333333
yahfufah,33.85,36.1166667
yanta,33.6038889,35.9452778
yanuh,33.2666667,35.3
yarin,33.1066667,35.2316667
yarun,33.0811111,35.4225
yatar,33.155,35.3302778
yuhmur al biqa,33.4833333,35.6666667
yuhmur,33.4844444,35.6691667
yunin,34.0833333,36.2833333
zabbud,34.2333333,36.3166667
zaghlah,33.4055556,35.6861111
zahlah,33.8497222,35.9041667
zanbil,33.5233333,35.3758333
zaribat as subhah,34.0333333,36.0166667
zawtar al gharbiyah,33.3166667,35.4666667
zayta,33.5022222,35.4008333
zeghdraya el aatiqa,33.5261111,35.4013889
zeghdraya,33.5266667,35.3886111
zgharta al matawilah,34.2522222,35.8402778
zghartaghrine,34.3597222,35.9525
zhalta,33.5113889,35.5488889
zibqin,33.1644444,35.2688889
zifta,33.4425,35.3975
zighrin at tahta,34.4166667,36.3666667
zillaya,33.4577778,35.665
zuq mikhail,33.9716667,35.6161111
