aberdean,18.3833333,-77.3666667
aberdeen,18.2,-77.7
aberly,18.2666667,-77.3666667
abingdon,18.3833333,-78.3
aboukir,18.25,-77.3666667
accompong,18.2333333,-77.75
achendown,18.1166667,-77.9833333
acton,18.4333333,-77.65
acton,18.2666667,-78.1333333
adams valley,18.1166667,-77.6
adelphi,18.45,-77.8
admirals town,17.9833333,-76.8
aenon town,18.2166667,-77.4
aeolus valley,17.9,-76.5333333
agua alta vale,18.2666667,-76.8
airy castle,17.9166667,-76.3333333
airy hill,18.4,-76.9333333
albany,18.1333333,-76.6166667
albany,18.2833333,-76.85
albert arms,18.05,-77.7
albert town,18.2833333,-77.55
albion,18.4833333,-77.9166667
albion,17.8833333,-76.6
alderton,18.3,-77.2166667
aleppo,18.2333333,-76.85
alexandria,18.0666667,-77.2833333
alexandria,18.35,-78.0333333
alexandria,18.3,-77.35
allen hall,18.45,-77.4333333
allenton,18.15,-77.05
alley,17.8,-77.2666667
alligator pond,17.8666667,-77.5666667
alma,18.2833333,-78.2
almondsbury,18.15,-77.65
alps,18.3333333,-77.5166667
alscot,17.9666667,-77.7666667
alston,18.1833333,-77.4333333
altamont,18.0333333,-76.4
althorp,18.0333333,-77.9
alva,18.3,-77.3166667
amity,18.25,-78.1
amity hall,17.9166667,-77.05
amity hall,18.4,-77.8166667
amity hall,17.95,-76.25
anchovy,18.4,-77.9333333
andersons town,18.2166667,-77.3666667
angels,18.0333333,-76.9833333
anglesea,18.2333333,-78.0666667
annadale,18.3666667,-77.15
annatto bay,18.2666667,-76.7666667
anns castle,17.9166667,-77.1166667
antrim,18.4333333,-77.3
appleton,18.1666667,-77.7333333
arcadia,18.05,-77.4333333
arcadia,18.25,-76.9833333
arcadia,17.9166667,-76.3
arcadia,18.45,-77.5
arcadia club,18.0333333,-76.7833333
ardoch,18.25,-77.1
argyle,18.3166667,-77.9833333
armadale,18.3,-77.3666667
armstrong,18.1833333,-77.6333333
arntally,18.0166667,-76.6
arthurs mountain,18.4,-77.2333333
arthurs seat,18.1333333,-77.2333333
arthurs seat,18.3833333,-77.1333333
ashcott,18.1166667,-76.6
ashlers,18.0666667,-77.2666667
ashley hall,17.85,-77.2666667
ashton,18.05,-77.8666667
ashton,18.2166667,-77.9333333
asia,17.9,-77.4333333
askenish,18.3833333,-78.15
auchinbeddie,18.2333333,-77.65
august town,17.9833333,-76.7333333
babys corner,18.0666667,-76.9833333
bachams cottage,17.8166667,-77.3166667
bachelors hall,18.4333333,-78.2
bachelors hall,18.3166667,-77.0833333
bachelors hall,17.95,-76.3166667
bad times,18.3833333,-77.1166667
bagatelle,18.15,-76.6
bailleston,18.1666667,-77.4333333
balaclava,18.1666667,-77.65
balcarres,18.1166667,-77.4333333
balcarres,18.1666667,-76.7
baldwins cottage,17.7666667,-77.2333333
ballards valley,18.3166667,-76.9
ballintoy,18.3,-77.3
bally mony,18.2333333,-77.1833333
ballynure,18.1666667,-77.5666667
bamboo,18.4333333,-78.0333333
bamboo,18.3833333,-77.2666667
bamboo,18.0333333,-77.0666667
banana ground,18.0666667,-77.4333333
banbury,18.1333333,-77.05
banbury,18.2666667,-78.1166667
bandon,18.3666667,-77.8666667
bangor ridge,18.15,-76.6833333
banks,17.85,-77.3166667
banks,18.45,-77.2333333
bantam spring,18.4,-77.0666667
barbary hall,17.95,-77.7666667
barbican,18.45,-78.1166667
barbican,18.0166667,-76.7666667
bariff castle,17.95,-76.45
barking lodge,17.8833333,-76.2666667
barneyside,18.2666667,-77.95
barnstaple,18.4,-77.4666667
barossa,18.0333333,-77.4666667
barracks hall,18.0666667,-76.4166667
barrett hall,18.3,-77.1666667
barrys retreat,18.0666667,-77.0666667
barton,18.0333333,-77.1333333
barton,18.1333333,-77.7333333
batersea,18.2166667,-77.4833333
bath,17.95,-76.35
beacon hill,17.9833333,-76.95
beaston spring,18.1333333,-77.9666667
beckford kraal,18.0833333,-77.3
beckfords,17.9,-77.2833333
beckford town,17.8833333,-76.3666667
beecher town,18.3666667,-77.1166667
belcastle,17.9833333,-76.2666667
belfast,17.8833333,-76.3833333
belfield,18.0666667,-77.15
belfield,18.2666667,-76.8333333
belfield works,18.25,-76.8333333
bellas gate,18.05,-77.1666667
belleair,18.1,-77.45
belleair,18.45,-77.35
bellefield,18.0666667,-77.45
belle plain,17.9666667,-77.3166667
belle retiro,18.0166667,-77.4666667
bellevue,18.35,-77.0666667
bellevue heights,17.9833333,-77.0166667
belmont,18.0333333,-77.35
belmont,18.3166667,-77.1333333
belmont,18.05,-77.0833333
belmont,18.45,-77.9
belmont,18.15,-78.0333333
belmont castle,18.2666667,-77.7166667
bel renro,18.4,-76.9
belvedere,18.3166667,-77.9333333
belvedere,17.8666667,-76.4333333
belvedere,18.05,-76.8666667
belvedere house,17.8833333,-76.45
belvidere,18.2166667,-76.6833333
ben bow,18.2333333,-77.0166667
bengal,18.45,-77.45
ben lomond,18.2,-77.6833333
bennetsfield,18.3,-77.3333333
bennett,18.2166667,-77.0333333
bensonton,18.2333333,-77.2166667
berdoes,18.0666667,-76.8666667
berkshire hall,18.2,-77.0166667
berlin,17.9166667,-77.65
bernard lodge,17.9666667,-76.9333333
berridale,18.1333333,-76.4833333
berridale,18.4666667,-77.4166667
berry hill,18.2833333,-76.9333333
berwick,18.0166667,-77.4833333
berwick,18.15,-76.9833333
bethany,18.15,-77.5333333
bethel gap,17.9833333,-76.5833333
bethel town,18.3,-77.95
bethezra,17.95,-76.6166667
bethlehem,17.9666667,-77.7
bettys hope,18.05,-76.3
beverly,18.15,-77.6166667
beverly,18.45,-77.2833333
beverly hills,18.0,-76.7666667
bickerstaff,18.3666667,-77.9166667
bideford,17.95,-77.7166667
big bridge,18.2166667,-78.15
billy dun,18.0333333,-76.7666667
bindloss,18.15,-77.0333333
biscany,18.1833333,-76.6
bishop mount,18.3166667,-76.95
black heath,18.2833333,-78.1333333
black river,18.0166667,-77.85
black rock,18.1333333,-76.35
blackstone edge,18.2666667,-77.0166667
blair pen,17.9666667,-76.95
blakes pen,17.9166667,-77.5666667
bloomfield,18.0333333,-77.5333333
bloomfield,18.15,-76.5833333
bloxburgh,17.9833333,-76.65
bluefields,18.3833333,-77.35
bluefields,18.1666667,-78.0333333
blue hole,18.45,-78.1
blue hole,18.4166667,-77.2833333
blue hole,18.0333333,-76.9
blue hole,18.4833333,-77.8333333
blue mountain,18.1833333,-77.1333333
boca pen,18.0166667,-76.8833333
bodles,17.9333333,-77.1333333
bog,17.8166667,-77.2333333
bog,18.4,-77.1333333
bog,18.15,-77.95
bog plain,17.8833333,-77.2333333
bog walk,18.1,-77.0166667
boldness,18.0666667,-77.35
bonavista,18.4,-77.9166667
booth,18.2666667,-77.6166667
border,18.15,-76.8666667
borobridge,18.2,-77.4166667
boscabel,18.4,-76.9666667
bossue,17.8833333,-77.4333333
boston,18.15,-76.35
bounty hall,18.45,-77.7166667
bournemouth gardens,17.9666667,-76.7666667
bowden,17.8833333,-76.3166667
bowen crawle,18.05,-77.35
bowens,17.9,-77.2666667
bower hall,18.4,-78.1833333
box,18.4666667,-77.9333333
boxford lodge,17.9,-76.2833333
boxton,18.3666667,-78.1
boyne park,18.3166667,-76.9333333
braco,18.4666667,-77.5
brae head,18.2666667,-76.9333333
braema,18.2166667,-77.0166667
braes river,18.0833333,-77.65
braeton,17.95,-76.9
brainerd,18.2,-76.9
brampton,18.0666667,-77.8833333
brandon hill,18.15,-77.25
brandon hill,18.15,-76.8166667
brazalitta,17.8333333,-77.1666667
breadfruit,18.15,-76.5333333
breadnut bottom,17.95,-77.1833333
breadnut,18.05,-77.9
breadnut hill,18.3833333,-77.0833333
breastworks,18.15,-76.45
breezy hill,18.3666667,-77.1333333
breezy park,18.3833333,-77.2
bretts pen,18.0166667,-76.95
bridge pen,17.95,-77.0333333
bridge pen,17.9166667,-77.6
brighton,18.15,-77.8833333
brimmer hall,18.35,-76.9166667
brinkley,17.9333333,-77.6166667
brissett run,18.3,-77.25
bristol,18.2833333,-77.5333333
british,18.1166667,-77.2
brittonville,18.35,-77.2
brixton hill,18.0166667,-77.3166667
broadgate,18.2333333,-76.8166667
broadleaf,18.35,-77.0333333
broadstreet,18.3166667,-77.1666667
brokenbank,17.8166667,-77.2666667
brokenhurst,17.9666667,-77.45
bromley,18.3166667,-77.1
bronte,18.1333333,-77.9333333
brooklyn,18.3833333,-76.9166667
broughton,18.2166667,-78.2333333
brown hill village,18.2333333,-76.7333333
browns hall,18.0666667,-77.1333333
browns town,18.0333333,-77.45
browns town,18.4,-77.3666667
browns valley,18.2833333,-77.2
brucefield,17.9666667,-77.7833333
brunswick,18.3166667,-77.2
bryan,18.4333333,-77.4666667
bryans bay,18.1833333,-76.4666667
bryans,17.9666667,-77.2333333
bryans hill,18.1333333,-77.3
buckfield,18.4,-77.1
buckingham,17.9166667,-76.4833333
buckup,17.8833333,-77.5
buck up,18.2,-77.5166667
budley park,17.8666667,-77.3166667
buff bay,18.2333333,-76.6666667
bullards,17.9333333,-77.2833333
bull bay,17.95,-76.6666667
bullet hall,18.2166667,-77.7
bull savanna,17.8833333,-77.6
bunker hill,18.3833333,-77.6833333
burge,17.9333333,-76.65
burlington,18.2,-76.5166667
burnt ground,18.05,-77.7166667
burnt hill,18.3,-77.55
burnt savanna,18.0333333,-77.75
burton hall,18.1166667,-76.55
burts run,18.3833333,-77.3
bushy park,17.9833333,-77.25
bushy park,17.9333333,-77.05
buxton town,18.1166667,-77.0666667
bybrook,18.1666667,-76.6666667
bybrook,18.0666667,-77.6833333
cacoon,18.4166667,-78.2166667
cacoon castle,18.4,-78.0166667
caenwood,18.2,-76.5666667
caenwood,18.45,-77.6333333
cairn,18.2333333,-78.0333333
cairnie,18.2833333,-77.3333333
calderwood,18.2833333,-77.3
caledonia,18.3833333,-78.05
caledonia,18.05,-77.4833333
caledonia,18.3166667,-77.4333333
caledonia,18.3833333,-77.8666667
caledonia,18.2666667,-78.0333333
caley,18.3,-77.8166667
california,18.0166667,-77.5666667
cambelton,18.35,-78.2833333
camberwell,18.2333333,-76.8
cambridge,18.15,-76.4166667
cambridge,18.3166667,-77.9
cambridge,18.4333333,-77.6
cambrook,18.45,-77.2666667
camperdown,18.0166667,-76.8
camperdown,18.2166667,-77.15
camperdown,18.35,-77.8
camp savanna,18.2833333,-78.2333333
cane river,17.95,-76.7
carawina,18.25,-78.0833333
cardiff,18.45,-77.3166667
carey park,18.4666667,-77.55
carey town,18.3833333,-77.9333333
carisbrook,18.1333333,-77.7833333
carlette pen,17.9833333,-76.9666667
carlisle,17.7666667,-77.2833333
carlton,18.4833333,-77.7666667
carry hall,17.9166667,-76.3833333
carton,18.35,-77.1833333
cartwheel,17.95,-77.35
cascade,18.4,-78.1
cascade,18.1,-76.7166667
cascade,18.2166667,-77.45
cashew,18.0666667,-77.7833333
cassava,18.1333333,-76.8833333
castle dawson,18.0833333,-76.7166667
castle russel pen,18.1666667,-77.0333333
castleton,18.1666667,-76.8166667
cataboo,18.0333333,-77.8166667
catadupa,18.2833333,-77.8833333
cauldwell,18.3833333,-78.2333333
cavalier,18.1,-76.85
cave,18.3,-78.2833333
cave hill,18.4666667,-77.3833333
cave valley,18.3166667,-78.2666667
caymanas,18.0166667,-76.9
cedar valley,18.35,-77.1166667
cedar valley,18.0666667,-76.9333333
central village,17.9833333,-76.9166667
chalky hill,18.4,-77.15
chandlers pen,17.9833333,-77.2
change hill,18.2666667,-76.95
chantilly,18.1166667,-77.4833333
chapelton,18.0833333,-77.2666667
charlemont,18.1833333,-77.0666667
charles town,18.2166667,-76.6666667
charlottenburgh,18.25,-76.8833333
charlsworth,18.1333333,-76.5333333
charlton castle,18.4,-77.4
charlton,18.0333333,-76.8
charlton,18.1666667,-77.1
chateau,17.9666667,-77.2166667
chatham,18.4666667,-77.7666667
chatsworth,18.35,-77.05
chatworth,18.1,-77.1166667
cheapside,17.9333333,-77.4333333
cheapside,17.9333333,-77.6
chedwin park,17.9666667,-77.0
cheesefield,18.1833333,-77.0166667
chelsea,18.15,-76.5666667
chelsea,17.9333333,-77.7
chepstow,18.1666667,-76.6166667
cherryfield,18.4,-77.0333333
cherry garden,18.05,-76.7833333
chesler,18.4,-77.6166667
chesterfield,17.8,-77.25
chesterfield,18.3833333,-77.2166667
chesterfield,18.0333333,-76.6333333
chestervale,18.0666667,-76.6666667
chigwell,18.4,-78.05
chilton,18.2166667,-77.9666667
chovey,18.25,-76.8166667
christiana,18.1666667,-77.4833333
chudleigh,18.15,-77.5166667
cinnamon hill,18.5166667,-77.8166667
clair park,18.0333333,-76.9666667
clanden,18.15,-77.4666667
claredon park,17.9833333,-77.3833333
claremont,17.9333333,-76.6833333
claremont,18.3166667,-77.1833333
claremont,17.95,-77.1166667
claremont,17.9166667,-77.7333333
clarkes town,18.4,-77.2166667
clarks town,18.05,-77.5166667
clarks town,18.4166667,-77.5666667
clebe farm,18.0333333,-76.8166667
clermont,18.2666667,-76.85
clifton,18.3833333,-77.0666667
clifton,17.9,-76.3166667
clifton,18.4666667,-77.65
clifton,18.2333333,-77.9833333
coates,17.95,-77.2666667
cobblers,18.1333333,-77.4666667
cockburn gardens,18.0,-76.8166667
cockpit,17.8833333,-77.15
cocoa walk,17.95,-76.6
coco ree,18.15,-77.1833333
coffee grove,17.95,-77.4666667
coffee piece,18.25,-76.85
cog hall,18.1,-76.3166667
colbeck,17.95,-77.1333333
coley,17.95,-76.5
colon,18.1166667,-77.9166667
colonels ridge,18.1333333,-77.2666667
comfort castle,18.05,-76.4166667
comfort,18.4333333,-77.9333333
comfort hall,18.1833333,-77.6
comfort settlement,18.3,-76.9333333
comfort village,17.95,-77.3333333
commodore,18.1166667,-76.35
concord,18.2166667,-77.2166667
congress hall,18.1,-77.95
connors,18.0666667,-77.1666667
constant spring,18.05,-76.8
constitution hill,18.0,-76.7166667
content,18.3833333,-78.0166667
content,18.05,-77.4666667
content,18.05,-76.7
content,18.3666667,-77.1
content,18.0166667,-77.0666667
content,18.1,-77.9
content,18.2666667,-76.8833333
content,18.3833333,-77.6333333
content,18.15,-77.9666667
cool spring,18.1166667,-77.1166667
copse,18.3833333,-77.9666667
corby castle,17.9,-77.6666667
corner shop,18.1833333,-77.35
corn hill,18.1166667,-77.3833333
cornwall,18.2666667,-78.1
corrovants,18.05,-76.95
cottage,17.9666667,-77.4666667
cottage,18.25,-76.7333333
cottage,18.3,-77.9
cotterwood,18.0833333,-77.9
cousins cove,18.4166667,-78.2333333
coventry,18.4166667,-78.0666667
cowans,18.0666667,-77.1166667
coxheath,18.3666667,-77.6333333
craig head,18.2333333,-77.5666667
craigton,18.05,-76.7166667
crawle,18.0166667,-77.1666667
creighton hall,17.8833333,-76.4833333
crescent,18.05,-76.9833333
crescent park,18.3,-77.15
crooked river,18.1333333,-77.3166667
crosbie,18.2333333,-78.3
cross keys,17.9,-77.5
cross pen,17.95,-77.2
cross roads,17.9833333,-76.7833333
croyden,18.1333333,-77.9
cudioe hill,18.05,-77.0666667
cuffie head,18.1833333,-76.5166667
culldden,18.1,-77.9833333
cum see,18.2833333,-76.8833333
curatoe hill,17.95,-77.2333333
cypress hall,18.05,-76.8833333
cyprus,18.3166667,-77.3833333
dalentobur,18.05,-77.9333333
dallas castle,17.9833333,-76.7166667
dalvey,18.2166667,-76.95
dalvey,17.9166667,-76.2333333
danks,18.1,-77.2833333
darley,18.15,-76.5166667
darlingston,18.2333333,-77.9666667
darlington,18.35,-77.4
david wilsons village,17.9666667,-77.1166667
davis town,18.3833333,-77.1666667
dawkins smokey hole,18.0333333,-77.3
decoy,17.95,-77.3666667
decoy estate,18.2833333,-76.9833333
deep side village,18.3833333,-77.7333333
dee side,17.8833333,-77.35
defiance,18.4666667,-77.4
delacree pen,17.9833333,-76.8166667
denhigh plain,17.9666667,-77.2666667
devon,18.1666667,-77.55
devon,18.35,-77.3833333
diamond,18.0833333,-77.2
dias,18.4,-78.2
doctors cave,18.4833333,-77.9333333
doncaster,18.3333333,-77.4
donegal,18.1833333,-77.8833333
dorcas,17.9833333,-77.8166667
dorothy,18.2833333,-77.3833333
dove cole park,18.0166667,-77.0166667
dove,18.2666667,-76.7
dove hall,18.1166667,-76.95
downs,17.9333333,-77.5666667
drapers,18.1833333,-76.4166667
dressikie,18.3333333,-76.9833333
dromilly,18.3666667,-77.7166667
drummand orange grove,18.2,-76.7333333
drummonds run,17.8666667,-77.7
dry harbor cave,18.4666667,-77.3666667
dry river,17.8833333,-77.2666667
duanvale,18.4,-77.6
duckenfield,17.9333333,-76.25
duff house,17.8833333,-77.5666667
dumblane,17.8833333,-77.7333333
dumfries,18.4666667,-77.4666667
dump,18.1833333,-77.5
dunbar,18.1166667,-76.5666667
duncans,18.4666667,-77.5333333
dundee,18.45,-77.7333333
dunkeld,18.1166667,-77.5166667
dunkeld,18.1333333,-78.0333333
eardley,18.3,-78.2666667
easington,17.9166667,-76.6
east prospect,17.8666667,-76.35
eaton,18.4333333,-78.1666667
ebenezer,18.3833333,-77.2333333
ebony park,17.9166667,-77.35
ecclesdown,18.05,-76.3333333
edbury,18.0333333,-77.0333333
eden bowers,18.4,-77.1166667
eden,18.4,-77.9666667
eden,18.4,-76.95
eden gardens,17.9833333,-76.7666667
eden hill,18.3833333,-76.95
edinburgh castle,17.9,-76.5833333
edward piece,18.1166667,-76.9166667
effort,18.1333333,-77.3833333
eglington,18.0166667,-77.5833333
eldersley,18.2333333,-77.8
elgin town,18.4333333,-78.15
elgin town,17.8833333,-76.4
elgin town,18.3,-77.0166667
elim,18.1166667,-77.6833333
ellis caymanas,18.0333333,-76.9166667
endeavour,18.0833333,-77.3833333
endeavour,18.3333333,-77.35
endeavour,18.3666667,-77.05
enfield,18.0333333,-76.7166667
enfield,18.3833333,-77.3833333
ensom pen,18.0166667,-76.9666667
envey valley,17.9833333,-77.0333333
epping farm,18.0333333,-76.6166667
essex,18.2333333,-76.9333333
essling,18.2833333,-77.3666667
etingdon,18.45,-77.5666667
evergreen,18.1833333,-77.6166667
everton,18.1,-76.8666667
ewarton,18.1833333,-77.0833333
exeter,17.8333333,-77.3
fairfield,18.1833333,-76.7
fairfield,18.45,-77.9166667
fairfield,17.8833333,-76.2833333
fair prospect,18.1,-76.3333333
fairy hill,18.15,-76.3833333
falkeners,17.95,-77.2833333
falkland,18.1666667,-77.0666667
falmouth,18.5,-77.65
farenough,18.1833333,-77.2166667
far enough,17.95,-77.75
fellowship,18.1333333,-76.45
fellowship,17.9833333,-77.6166667
fellowship hall,18.1166667,-76.8
fellowship hall,17.9666667,-76.9666667
fellowship hall,18.3833333,-76.9833333
fernbrook,18.2833333,-77.9333333
fiddle hall,18.1166667,-77.05
fish river,18.3333333,-78.3
flagstaff,18.3333333,-77.7833333
flamstead cottage,18.0166667,-76.7
flamstead,18.3166667,-77.8166667
flat grass,18.0166667,-76.2833333
flatpaint,18.4666667,-77.2833333
flint river,18.45,-78.05
florence hall,18.4666667,-77.6333333
florida,18.4833333,-77.6166667
flower hill,18.4833333,-77.85
folly,18.0166667,-77.3666667
folly,18.45,-77.4166667
fontabelle,18.3666667,-76.95
fontabelle,18.2833333,-78.15
font hill,18.0666667,-77.9333333
font hill,17.9333333,-76.5
foremost,18.25,-77.7
fort charles,17.9166667,-77.8
fort george,18.2,-77.2166667
fort george,18.0833333,-76.8
fort george,18.2333333,-76.7833333
fort henderson,17.95,-76.8833333
fort william,18.3,-78.0666667
four feet,18.0,-76.3833333
four mile,18.0,-76.8333333
four paths,17.9666667,-77.3
four roads,18.0166667,-76.8166667
frankfield,18.15,-77.3666667
freefield,18.2,-76.7
freefield,18.4,-77.3833333
free hill,18.35,-76.9333333
free people,17.9333333,-77.2166667
freetown,17.9,-77.15
free town,17.9,-77.4166667
free town,18.15,-76.8833333
french land,18.3333333,-77.2833333
frenchman,18.0666667,-77.8
frenchmans hill,18.0166667,-77.0333333
french park,17.9833333,-77.55
french pen,17.95,-76.9666667
friendship,18.1166667,-77.2666667
friendship,18.2666667,-77.15
friendship,18.0166667,-76.9833333
friendship,17.9833333,-77.65
friendship,18.3166667,-76.85
friendship,18.0166667,-76.6166667
friendship,18.3,-78.1
frome,18.3,-78.15
frontier,18.3666667,-76.8833333
fruitful vale,18.15,-76.55
fullerfield chapel,18.2833333,-78.2166667
fullerswood beach,17.9833333,-77.8
fullerswood park,17.9833333,-77.7833333
gales valley,18.4166667,-77.75
galway,18.0833333,-77.6
garland grove,18.1,-76.4833333
garlands,18.3,-77.8333333
gayle,18.3166667,-77.0166667
gazeland,17.95,-77.6
geneva,17.9333333,-77.7333333
geneva,18.3,-78.1833333
georges valley,18.1,-77.6333333
georges valley,18.4666667,-77.7166667
georgia,18.4166667,-78.1333333
georgia,18.45,-77.5333333
giblatore,18.0833333,-77.0166667
gibraltar,18.2333333,-77.15
giddy hall,18.1,-77.8833333
gilnock,18.05,-77.65
gilsbro,18.4333333,-77.8166667
ginger hill,18.2166667,-77.8666667
glasgow,17.95,-76.4333333
glasgow,18.35,-78.2166667
glendevon,18.4833333,-77.9
glenfield pen,18.2666667,-77.2
glenisla,18.3166667,-78.0666667
glenroy,17.9666667,-77.2833333
gloster,18.25,-77.05
goat island,18.2666667,-77.55
gods well,17.8666667,-77.4
golden grove,18.2333333,-76.9666667
golden grove,17.9166667,-76.2666667
golden spring,18.1,-76.8
golden vale,18.1333333,-76.4666667
good design,18.2833333,-77.0666667
good design,18.3833333,-77.55
good endeavour,18.1,-77.35
good hope,17.9833333,-76.7
good hope,18.1666667,-76.9666667
good hope,18.4166667,-77.6833333
good hope,18.25,-78.35
goodwill,18.4666667,-77.75
gordons store,17.9666667,-77.1833333
goshen farm,17.95,-76.9166667
goshen,18.3,-77.05
government park,17.95,-76.9333333
gowrie,17.8333333,-77.2833333
grand cairo,18.3166667,-77.4
grandvale,18.1,-77.9333333
grange,18.3666667,-78.2333333
grange,18.3333333,-78.0666667
grange park,18.3333333,-77.1333333
grantham,18.15,-77.4
grantham,18.1166667,-76.8833333
grasmond,18.0666667,-77.65
gravel hill,17.9,-77.35
grays inn estate,18.2666667,-76.7833333
great valley,18.4,-78.0666667
great valley,17.8833333,-77.5166667
green castle,18.2833333,-76.8166667
green castle,17.9166667,-76.3166667
greenfield,18.45,-77.6166667
green hill,18.3166667,-77.35
green island,18.4,-78.2833333
greenland,18.4166667,-78.1833333
greenock,18.2,-77.3666667
green park,18.4666667,-77.7
green pond,17.9833333,-77.4333333
green pond,18.4666667,-77.8666667
green river,18.3666667,-78.25
green rossfield isle,17.9666667,-76.55
green vale,17.95,-77.45
green walk,18.3333333,-77.1
greenwich camp,18.0666667,-76.7333333
greenwich,18.1166667,-77.0166667
greenwich,18.2833333,-78.0833333
greenwich town,17.9666667,-76.8166667
greenwood,18.3833333,-76.9666667
gregory park,17.9833333,-76.8833333
grierfield,18.2666667,-77.1333333
grier park,18.2833333,-77.1833333
grossett,17.9333333,-76.35
grove,18.0333333,-76.7333333
grove town,17.8833333,-77.4666667
guava ridge,18.0166667,-76.6833333
guilsbro,18.4166667,-77.8
gunters hill,17.8833333,-77.3333333
gutters,18.0166667,-77.6
guys hill,18.25,-77.0
haddersfield,18.4,-77.0166667
haddington,18.4166667,-78.0
haddon,18.3,-77.1
hagley gap,18.0,-76.6166667
halberstadt,17.9666667,-76.6666667
half way tree,18.0,-76.8
halifax,18.15,-77.55
halifax,18.2833333,-77.0333333
hall head,17.9166667,-76.4666667
halls delight,18.05,-76.6666667
hallsfield,18.3666667,-77.0833333
halse hall,17.9166667,-77.25
hampden,18.4333333,-77.75
hampstead,18.3,-76.9166667
hampstead,18.4166667,-77.6333333
hampton court,17.9,-76.2666667
hampton,18.4666667,-77.3
hampton,17.95,-77.7
hanbury,18.0666667,-77.4833333
hanover,17.9666667,-77.55
happy grove,18.0,-76.2666667
happy grove,18.0333333,-76.8666667
happy grove,18.1333333,-77.8833333
harbour view,17.95,-76.7166667
hardley,17.95,-76.2666667
harewood hall,18.1833333,-76.95
harmons,17.9666667,-77.4333333
harmony hall,17.7666667,-77.2166667
harmony hall,18.4666667,-77.5166667
harmony hill,17.7833333,-77.2666667
harmony hill,18.3166667,-77.15
hart hill,18.2333333,-76.6833333
hatchfield,17.9833333,-77.2333333
haughton court,18.4333333,-78.2166667
haughton grove,18.3333333,-77.9833333
haughton hall,18.3833333,-78.2833333
haughton,18.1,-77.75
hayes,17.8666667,-77.2333333
hayfield,18.2,-76.5333333
hazard,17.95,-77.2166667
healthfield,17.8166667,-77.2833333
healthfield,18.1333333,-77.0333333
heart ease,17.8833333,-76.5833333
heartherfield,18.0333333,-77.3333333
heavitree,18.1833333,-77.5666667
hectors river,18.0,-76.25
helicon,18.45,-77.4
hermitage,17.9166667,-77.45
hermitage,18.2666667,-77.8833333
hesse cassel,18.2666667,-77.3
heywood hall,18.3166667,-76.8833333
hibernia,18.15,-77.5666667
highgate,18.0833333,-76.95
highland castle,17.9166667,-76.4333333
hillsborough,18.0833333,-76.8833333
hillside,17.8333333,-77.2166667
hillside,17.9666667,-76.4833333
hill top,17.95,-77.8166667
hodges,18.05,-77.8833333
hog hole,17.95,-77.4333333
holland,18.1,-77.8166667
holland,17.95,-76.2333333
holland moro,17.9666667,-76.2666667
holyland corner,18.1,-77.4
home castle,18.4166667,-77.4166667
hope gardens,18.0333333,-76.75
hope,18.0166667,-77.35
hope,18.0333333,-77.0166667
hope pastures,18.0166667,-76.75
hopeton,17.9666667,-77.6666667
hopeton,18.3833333,-77.8833333
hopewell hall,17.9333333,-76.3333333
hopewell,17.9333333,-77.3
hopewell,18.4333333,-78.1333333
hopewell,17.95,-77.7833333
hopewell,18.25,-78.3
huntley,18.0666667,-77.5833333
huntley,17.9333333,-76.4833333
hunts pen,17.9166667,-77.2166667
huntstown,18.35,-76.9666667
hutchensons hale,18.25,-77.2166667
hutchensons turret,18.2666667,-77.2166667
hyde and gibraltar,18.4,-77.55
hyde hall,18.4333333,-77.5666667
indian town,17.8666667,-77.55
industry,18.1333333,-77.4
industry,18.1666667,-76.5333333
industry,18.3833333,-77.25
industry,18.4333333,-77.8
inter boreale,18.2666667,-76.7333333
inverness,17.9166667,-77.1666667
inverness,18.2833333,-77.35
ipswich,18.2166667,-76.7
ipswich,18.2,-77.8333333
ironshore,18.5166667,-77.8666667
irwin,18.45,-77.8833333
isle,17.95,-77.5333333
islington,18.35,-77.1333333
islington,18.3,-76.85
iver cottage,17.9666667,-77.7166667
ivy mount,18.2,-77.0833333
jacks hill,18.05,-76.75
jacks lodge,18.2666667,-77.3333333
jacksons bay,17.7333333,-77.2333333
jacksons village,18.1,-76.9666667
jackson town,18.4166667,-77.4833333
java,17.9333333,-77.4666667
jefferey town,18.2833333,-77.0166667
jericho,18.3333333,-77.85
jerusalem,18.3166667,-78.2333333
johns hall,18.1666667,-77.3666667
johns hall,18.1166667,-77.5833333
johns hall,18.1,-76.45
johns hall,18.3,-77.4
johns hall,18.4166667,-77.8666667
johns lodge,17.9666667,-77.7333333
johnson mountain,17.9666667,-76.3166667
johnston village,18.4,-77.25
johns town,17.8833333,-76.35
jointwood,18.2,-77.7833333
jones pen,17.9833333,-76.9333333
jones pen,18.2666667,-78.3166667
junction,17.9,-77.6
kan pan,18.2666667,-77.9166667
katram castle,18.25,-77.0333333
keanwood,18.2,-77.6166667
keith,18.4166667,-77.4
kellets,18.15,-77.2333333
kemps hill,17.85,-77.2833333
kempshot,18.3833333,-78.1166667
kempshot,18.0666667,-77.8666667
kendal,18.0833333,-77.4833333
kensington,18.1833333,-76.5833333
kensington,18.3333333,-77.3333333
kensington,17.9,-77.65
kentish,18.1,-77.15
kent,18.4666667,-77.7333333
kent village,18.0833333,-76.9833333
kepham,18.25,-78.0333333
kilbies,17.95,-77.0666667
kildare,18.2333333,-76.65
kildare,17.9666667,-77.75
kings,18.0833333,-77.9666667
kingsvale,18.3833333,-78.2166667
kings valley,18.3166667,-78.2
kingswood,18.2333333,-78.1333333
kinloss,18.4,-77.5666667
kirklands,18.05,-76.8333333
kirkpatrick hall,18.45,-77.8333333
kitson town,18.0166667,-77.05
knapdale,18.4,-77.3333333
knibbs pen,17.9833333,-76.9833333
knights,17.7833333,-77.3
knockpatrick,18.0,-77.5166667
knollis,18.1166667,-76.9833333
knutsford,18.35,-77.3666667
koeningsburg,18.2333333,-76.8666667
kupuis,18.1166667,-77.3
lacovia,18.0666667,-77.75
lacovia tombstone,18.0666667,-77.7666667
lambs river,18.25,-77.9166667
lancaster,18.1166667,-77.6333333
lance wood valley,17.9333333,-77.1833333
langley,18.3166667,-76.9166667
las chorreras,18.4166667,-77.1166667
laughland,18.4666667,-77.2666667
lawrence tavern,18.1166667,-76.85
leagon,18.4666667,-77.8333333
leamington,18.2,-77.9333333
leeds,18.0166667,-77.7
leith hall,17.8666667,-76.3333333
lennansville,17.9333333,-77.1166667
lennox,18.2166667,-76.6
lennox,18.1833333,-77.95
lewis,18.4333333,-77.2333333
lewis store,18.2333333,-76.8333333
leyton valley,18.2333333,-76.6166667
lianrunney,18.3333333,-76.9
liberty castle,18.4166667,-76.95
lichfield,18.25,-77.5
lilliput,18.15,-77.6333333
lima,18.45,-77.7833333
lime hall,18.0666667,-77.2
lime hall,18.4,-77.2
lincoln,18.0333333,-77.5666667
lindale,18.3833333,-77.4
lionel town,17.8,-77.2333333
little angels,18.0666667,-76.9666667
little bay,18.2166667,-78.2666667
little london,18.25,-78.2166667
little mountain,17.9,-77.3833333
little park,17.9,-77.7333333
little river,18.5333333,-77.8166667
little spring garden,18.1833333,-76.5333333
lloyds,17.9,-76.55
lloyds pen,17.8666667,-76.5833333
lluidas vale,18.1333333,-77.15
lodge bush,18.3,-78.1166667
lodge,18.3833333,-77.05
logie green,18.15,-77.4166667
long hill,18.0166667,-77.65
long pond,18.4333333,-77.55
long pond pen,18.2333333,-78.2166667
longs wharf,17.8833333,-77.1333333
longville,18.0166667,-77.2166667
longville park,17.9,-77.1333333
lookout,18.1333333,-77.6333333
look out,18.3833333,-76.9
lottery,18.4166667,-77.8166667
lovers leap,17.8666667,-77.65
lower esher,18.2666667,-76.8666667
lowe river,18.2333333,-77.5
lower southfield,17.7,-77.6833333
lower warminster,17.95,-77.6333333
lowes pen,17.9666667,-77.3666667
lows mountain,17.9166667,-76.5333333
lucea,18.45,-78.1666667
lucky valley,18.1,-77.2
lucky valley,17.9666667,-77.5666667
lucky valley,18.2166667,-77.1833333
lumsdale,18.3666667,-77.2333333
macca tree,18.0333333,-77.1166667
macfield,18.3166667,-78.0166667
maddon village,18.35,-77.8166667
mafield,18.4666667,-77.6833333
maggotty,18.4166667,-78.1166667
maggotty,18.15,-77.7666667
mahoe garden,17.7333333,-77.1333333
mahoe hill,18.2,-76.8166667
mahogany hall,18.3833333,-77.4666667
mahogany vale,18.0166667,-76.6333333
maidstone,18.15,-76.5
maimsey valley,18.05,-77.2166667
malton,18.1833333,-77.55
malvern chase,17.8833333,-77.6833333
malvern well,17.95,-77.7333333
mambys,18.15,-76.8333333
mammee bay,18.4166667,-77.1666667
manchioneal,18.0333333,-76.2833333
manchioneal,17.8833333,-77.75
mandeville,18.0333333,-77.5
manningfield pen,17.8833333,-77.3
mannings town,18.3666667,-76.9
mantica bahia,18.4666667,-77.9166667
marches pen,17.95,-76.95
march town,18.3333333,-78.2666667
mari bank,18.0333333,-76.6666667
marlboro,18.0,-77.5666667
marlborough castle,18.1,-76.7
marley hill,17.8666667,-77.5333333
marley,18.3166667,-76.9666667
marshalls pen,18.05,-77.5333333
maryland,18.3833333,-78.1333333
mary village,18.1,-76.9333333
masemure,18.2666667,-78.2166667
mason,18.2166667,-77.5333333
mason river,18.1833333,-77.2666667
masters,18.0166667,-77.15
maverly,18.05,-76.8166667
mayfield,18.2333333,-77.05
may hill,17.95,-77.5666667
mears,18.05,-77.2333333
melrose,18.1666667,-76.6
mendes,17.9166667,-77.1
mendez hill,18.0666667,-77.0833333
merrywood,18.4666667,-77.6666667
mesopotamia,18.2833333,-78.1166667
meylersfield,18.25,-78.1833333
middle quarters,18.1,-77.8333333
middlesex,18.2333333,-77.0333333
mid leyton,18.2166667,-76.6166667
milbank,18.05,-76.4
mile gully,18.1333333,-77.55
miles town,18.3666667,-77.9833333
milk pen,17.85,-77.3666667
milltown,18.3666667,-77.2833333
minho,18.1333333,-77.3333333
mitcham,18.0666667,-77.6166667
mitchell town,17.8,-77.2
mocho house,18.0166667,-76.65
mocho,18.2833333,-77.8333333
mona heights,18.0,-76.75
moneague,18.2666667,-77.1166667
moneymuck,17.75,-77.2333333
monmouth,18.2166667,-76.7166667
montmorency,18.3333333,-76.8666667
montpelier,17.9833333,-77.5833333
montpelier,18.3666667,-77.9333333
moores,18.0166667,-77.2
moores pen,17.9,-77.1
moore town,18.0666667,-76.4333333
morant bay,17.8833333,-76.4166667
moravia,18.1833333,-77.4666667
moreland,17.8166667,-77.2166667
moreland,17.9833333,-77.5333333
morgans,18.1,-77.2666667
morley hill,17.8666667,-77.5
morris hall,17.9333333,-77.0666667
mosquito cove,18.4333333,-78.1166667
mountain river,18.0666667,-77.1
mountain spring,18.4666667,-77.5833333
mount airy,18.25,-78.3333333
mount belmore,18.1,-76.7833333
mount blow,17.95,-77.4833333
mount carey,18.4,-77.95
mount carmel,18.4166667,-77.4333333
mount dispute,17.9833333,-76.6833333
mount eagle,18.3,-78.2
mount grace,18.3166667,-78.1166667
mount hermon,18.3333333,-77.0666667
mount hermon,18.0,-77.6333333
mount horeb,18.35,-77.8833333
mount james,18.1166667,-76.7833333
mount lebanus,18.05,-77.3666667
mount lebanus,17.9666667,-76.5333333
mount morency,18.3333333,-76.85
mount moses,18.1166667,-76.7666667
mount nebo,18.0833333,-77.35
mount olive,18.4333333,-77.35
mount olive,17.8666667,-76.5666667
mount pleasant,17.9333333,-77.35
mount pleasant,18.1666667,-76.5166667
mount pleasant,18.0333333,-77.1
mount pleasant,18.0833333,-77.8833333
mount pleasant,18.3666667,-77.0333333
mount providence,18.05,-77.2833333
mount stewart,18.3,-78.0
mount terza,18.2833333,-78.0166667
mount vernon,17.95,-76.5666667
mount zion,18.1166667,-77.3166667
mount zion,18.4333333,-77.2833333
mount zion,17.9333333,-77.6833333
mount zion,18.5,-77.8166667
muir house,18.35,-77.3166667
mulleth hall,18.15,-76.7166667
myersville church,17.9666667,-77.6333333
nain,17.9666667,-77.6
natural bridge,18.15,-76.9666667
needham pen,17.9,-76.3666667
negril harbour,18.2666667,-78.35
negril spots,18.25,-78.2833333
ness castle,18.0,-76.6
newark,17.9833333,-77.5666667
new broughton,18.2,-78.2166667
newcastle,18.0666667,-76.7166667
new castle,18.2833333,-77.0833333
new colliston,18.35,-77.3
newcombe valley,17.9,-77.75
new england,18.3666667,-77.1666667
new forest,17.9833333,-77.1166667
new green island,18.3666667,-78.2666667
new hall,18.2,-77.1833333
new hall,18.1333333,-76.9666667
new kingston,18.0,-76.7833333
newlands,17.9666667,-76.8833333
newmarket,18.1666667,-77.9166667
newport east,17.9666667,-76.8
newport,17.9666667,-77.5
newport west,17.9833333,-76.8333333
new ramble,18.3666667,-76.9833333
new road,18.1833333,-77.9333333
newstead,17.95,-76.6833333
newton,18.1166667,-77.75
new york,18.25,-77.1833333
new york,18.1166667,-77.1333333
nightengale grove,18.4333333,-77.4833333
nonpareil,17.9333333,-77.45
nonpareil,18.25,-78.3166667
nonsuch,18.2833333,-76.9
norfolk,17.9,-77.6833333
norman gardens,17.9666667,-76.75
norris,17.9,-76.5666667
northampton,18.0333333,-77.6833333
norway,18.2166667,-77.5666667
norwich,18.35,-77.4333333
oakes,18.0833333,-77.2333333
oakes pen,17.95,-77.1666667
oberlin,18.1333333,-76.85
old barracks,18.3,-76.9833333
oldbury,17.9666667,-77.5333333
old england church,17.9833333,-77.4666667
old harbour bay,17.9,-77.0833333
old hope,18.2333333,-78.2333333
old lee gate,17.95,-76.4666667
old pera,17.8666667,-76.3166667
old rotherwood,18.1833333,-77.9833333
old shafton,18.1333333,-78.0166667
old yarmouth,17.8833333,-77.2833333
olympic gardens,18.0166667,-76.8333333
onslow,17.9333333,-76.45
orange bay,18.3666667,-78.3166667
orange cove,18.45,-78.2
orangefield,18.15,-77.0666667
orange hill,18.2333333,-78.3166667
orange,18.45,-77.8666667
orange valley,18.4333333,-77.3666667
orange valley,18.1333333,-77.1833333
osbornes,18.2333333,-76.7666667
outon,18.3666667,-77.3166667
owens,18.2666667,-77.3833333
oxford,18.2,-77.6333333
oxford,18.45,-77.5833333
oyster bay,18.4833333,-77.6333333
palm beach,17.9333333,-76.7
palmetto cottage,18.0333333,-76.95
palmira,18.4833333,-77.8
palm,18.2,-77.0333333
panton town,17.9166667,-76.35
papine,18.0166667,-76.7333333
paradise,18.1333333,-77.2166667
paradise,18.2166667,-78.0833333
park hall,17.9333333,-77.4
park head,18.2,-77.65
parks road,18.0833333,-76.8666667
parnassus,17.9333333,-77.2666667
parry town,18.3833333,-77.1
passage fort,17.9833333,-76.8666667
patrick town,17.9666667,-77.4166667
paul island,18.2666667,-78.2
pear tree grove,18.25,-76.9333333
pear tree valley,17.9833333,-77.4833333
peckham,18.15,-77.3833333
pedro cross,17.8833333,-77.7166667
pedro,18.45,-78.2166667
pedro,17.8666667,-77.7333333
pennants,18.1,-77.3
pennycooke,18.35,-78.1
pepper pen,18.0333333,-77.6
peppingford,18.15,-76.6166667
perrine,17.8166667,-77.25
perth,18.0166667,-77.5333333
perth town,18.4333333,-77.6333333
peru,18.3833333,-77.6666667
petersfield,18.1166667,-77.55
petersfield,18.2666667,-78.0666667
petersville,18.1166667,-77.9666667
phelps run,18.0833333,-77.1833333
philadelphia,18.3833333,-77.3166667
phoenix park,18.2833333,-77.1333333
phoenix park,18.2166667,-78.1333333
phoenix,18.3666667,-78.2833333
phoenix,18.4166667,-77.7333333
pisgah,18.2,-77.8833333
pleasant hill house,18.0833333,-76.6666667
pleasant hill,17.9166667,-77.4666667
pleasant hill,18.0666667,-76.2833333
pleasing prospect,18.1666667,-76.6833333
point hill,18.0833333,-77.1
point,18.45,-78.15
pondside,18.4,-78.0833333
pond side,17.9666667,-77.8166667
porters mountain,18.3333333,-78.05
port kaiser,17.8666667,-77.6
port mahon,17.8833333,-77.55
portmore,17.9666667,-76.8666667
port royal,17.9333333,-76.85
porus,18.0333333,-77.4166667
potosi,17.9333333,-76.3666667
prichards pen,18.3666667,-77.0166667
priory,18.45,-77.2166667
prospect park farm,18.3166667,-78.1
prospect,18.3833333,-78.25
prospect,17.8833333,-77.45
prospect,18.1166667,-77.8833333
prospect,18.4,-77.05
providence,18.05,-76.2833333
providence,18.4166667,-77.95
punchbowl,17.9666667,-77.6166667
pusey hall pen,17.75,-77.1666667
pusey hall,17.7833333,-77.25
quatre bras,17.9,-77.45
quebec,18.35,-76.8833333
queenhithe,18.4333333,-77.4166667
quick step,18.25,-77.7166667
ramble house,18.3333333,-78.0166667
ramble,17.9666667,-76.6166667
rat trap,18.2666667,-77.9333333
raymonds,17.85,-77.2333333
reach,18.0333333,-76.3
reading,18.45,-77.95
recovery pen,18.4333333,-78.0666667
rectory,18.05,-77.2666667
rectory,18.1833333,-76.6666667
redberry,18.0333333,-77.4333333
reddington,18.2166667,-76.7333333
redwood,18.2,-76.9833333
reeves wood,18.0,-77.4
refuge,18.4666667,-77.5666667
relford,18.05,-77.55
reserve,18.4,-77.6333333
resource,17.8833333,-77.4833333
resource,18.2166667,-77.1333333
rest,17.8666667,-77.35
rest store,17.8833333,-77.3666667
retirement,17.7666667,-77.25
retirement,18.3,-77.1333333
retirement,18.1833333,-77.7666667
retirement,18.4333333,-77.8833333
retirement,18.1833333,-78.05
retreat,18.05,-77.2
retreat,18.3833333,-77.4166667
retreat,18.3833333,-77.0166667
retreat,18.25,-78.2666667
retrieve,18.25,-78.2333333
revival,18.2166667,-78.2833333
rhine,17.95,-76.3333333
rhodes hall,18.3666667,-78.3
rhymesberry,17.9333333,-77.3166667
richmond,18.1333333,-76.5666667
richmond,18.3333333,-77.45
richmond,18.2333333,-76.9
riley village,17.9666667,-76.5666667
rio magna,18.2,-76.9666667
riswich,18.2833333,-77.05
ritchies,18.1333333,-77.4333333
riverhead,18.2666667,-77.0833333
riverhead,18.15,-77.1
river head,18.2333333,-78.05
riverside,18.3833333,-78.1833333
roaring river,18.2833333,-78.05
robins bay,18.3,-76.8
robins hall,18.2,-77.55
robinson run,17.95,-77.4
robins river,18.1333333,-78.0
rock hall,18.0666667,-76.8833333
rockingham,18.3833333,-78.1666667
rock river,18.0833333,-77.2166667
rock spring,18.2833333,-77.5666667
roehampton,18.3833333,-77.9
rome,18.4166667,-78.05
roseberry,17.9666667,-77.6833333
rose hall,18.4333333,-77.2666667
rose hall,17.9333333,-77.65
rose hill,18.2166667,-76.9333333
rosemont,18.4666667,-77.8833333
rosend,18.2833333,-76.8333333
rosetta,18.3166667,-77.3666667
rose valley,17.9833333,-77.15
round hill,18.45,-78.0166667
rowington park,17.9,-77.3166667
rowlandsfield,17.9666667,-76.2833333
roxbro,18.3666667,-77.8833333
rozelle house,17.8666667,-76.45
runaway bay,18.4666667,-77.3333333
russell pen,17.9666667,-77.2
russells,17.9833333,-77.6666667
saddlers hall,18.35,-78.0
saint anns bay,18.4333333,-77.2
saint christopher,18.0833333,-76.8333333
saint faiths,18.2333333,-77.1
saint helena,18.1,-77.4333333
saint helens house,17.95,-77.05
saint jago old works,17.9666667,-77.3833333
saint johns,18.2,-77.15
saint leonards,18.25,-77.9
saint marys,17.9166667,-78.6666667
saint peters,18.0666667,-76.6833333
saint toolies,17.9666667,-77.4
sally,18.1,-77.7333333
salt gut pen,18.4,-76.9833333
salt spring,18.3833333,-78.2666667
salt spring,18.4833333,-77.8833333
sandbury grove,18.0666667,-76.95
sandy bay,17.8166667,-77.1833333
sandy bay,18.45,-78.0833333
sawyers market,18.3666667,-77.4833333
scarborough,18.3,-77.3833333
scarlett hall,18.4666667,-77.3166667
schawfield,18.45,-77.6833333
scholefield,18.0,-77.7
schwallenburgh,18.2166667,-77.1
scotts pass,18.0,-77.3833333
seafield,18.4833333,-77.7
seamans valley,18.0833333,-76.4333333
sedburgh,18.15,-77.4833333
selington,18.0666667,-77.9
seniors,17.95,-77.4166667
serge island,17.95,-76.4833333
seven corners,18.0333333,-77.7
seven rivers,18.3333333,-77.9166667
seville heights,18.4333333,-77.2166667
shaws,18.1166667,-77.8166667
sheerness,18.3166667,-76.8
sheffield,18.2666667,-78.3
shettlewood,18.35,-77.95
shirehampton,18.0833333,-77.5833333
shirley pen,18.1833333,-76.6333333
shooters hill,18.0833333,-77.4666667
shotover,18.1666667,-76.4666667
shrewsbury,18.0833333,-77.9166667
siloah,18.1666667,-77.7166667
silver hill,18.1333333,-76.7166667
silver sands,18.4833333,-77.5333333
six miles,18.0166667,-76.85
skibo,18.1333333,-76.55
skipton,18.3166667,-77.4166667
slanmore,18.05,-76.85
sligoville,18.1,-76.95
slipe,18.05,-77.7833333
smithfield,17.9,-77.4833333
smithfield,18.1166667,-76.7166667
smithville,18.1,-77.3666667
somerset hall,18.0333333,-77.15
somerset,18.0666667,-77.55
somerset,17.9833333,-76.6333333
somerton,18.4333333,-77.7833333
sommers town,18.1666667,-76.4333333
sooky gal,18.1333333,-76.9
soursop turn,18.0333333,-77.2333333
southfield,17.8833333,-77.6666667
spaldings,18.15,-77.45
spanish well,18.0166667,-77.3833333
spa spring,18.0833333,-76.6833333
spot valley,18.5,-77.7833333
springdale,18.1333333,-77.85
springfield,17.85,-77.3333333
springfield,17.9833333,-77.0666667
springfield,18.1666667,-77.8833333
springfield,18.3666667,-77.85
spring garden,18.3666667,-77.8166667
spring garden,18.3,-77.5666667
spring mount estate,18.3833333,-77.85
spring,17.9666667,-77.0666667
spring vale house,18.3833333,-77.7666667
springvale,18.0833333,-77.0666667
spring valley,18.4,-78.25
sta apple grove,18.2,-76.6666667
stanmore grove,18.4,-77.0833333
stanmore,17.8666667,-76.4666667
steelfield,18.45,-77.55
steerfield,18.3333333,-77.15
stepney,18.2833333,-77.2833333
stewart town,18.3833333,-77.45
stirling castle,18.1,-77.5833333
stirling castle,18.1833333,-77.05
stokes hall,17.9166667,-76.2833333
stonehenge,18.2333333,-77.8666667
stony gut,17.9166667,-76.4166667
stony hill,18.1833333,-76.4833333
strawberry,18.4166667,-77.3333333
struie,18.2666667,-77.9666667
sturge town,18.4166667,-77.3166667
success pen,17.9333333,-77.75
success,18.3666667,-78.05
suffolk park,17.95,-76.2833333
sunflower,17.9666667,-76.35
sunning hill,17.95,-76.3833333
sussex,18.4166667,-77.2166667
suttons station,18.0666667,-77.2333333
swansea,18.15,-77.15
swift river,18.1666667,-76.5833333
tarentum,18.05,-76.9333333
tharp pen,17.9666667,-77.0833333
the alves,18.1166667,-77.1833333
thetford mountain,18.0833333,-77.1333333
thompson pen,18.0,-76.9333333
thornton,18.2,-77.7166667
thornton,17.95,-76.4
tobolski,18.3666667,-77.3833333
tom kings,18.0666667,-77.2166667
tom mount,18.4166667,-78.15
tomsfield,18.1333333,-76.5166667
top hill,17.8833333,-77.65
torrington,18.2333333,-78.1166667
tower hill,18.0,-76.65
town head,18.3166667,-78.1333333
trafalgar,18.35,-77.1666667
trafalgar,18.4333333,-77.9666667
treadlight,17.9833333,-77.2666667
trentham park,18.0833333,-76.9166667
trinity ville,17.95,-76.5333333
troja,18.2,-76.9166667
troy,18.25,-77.6166667
tryall,18.45,-78.0666667
trysee village,18.45,-77.3
tug hill,18.2,-78.05
tulloch estate,18.1,-76.9833333
tweedside,18.1833333,-77.4166667
tweedside,18.05,-76.6333333
tyre,18.25,-77.6
ulster spring,18.3166667,-77.5166667
unity hall,18.4333333,-77.9833333
unity,18.1333333,-76.8666667
unity valley,18.25,-77.1166667
upper white horses,17.8666667,-76.4833333
vale royal,18.4333333,-77.5333333
vaughansfield,18.3166667,-77.8
village of pilox,17.9166667,-76.4
virginia,18.1,-77.4666667
wait a bit,18.2333333,-77.5166667
wakefield,18.4166667,-77.25
wakefield,18.1,-77.05
wakefield,18.4166667,-77.7166667
wakefield,18.2166667,-78.1166667
walingford,18.2666667,-77.0
wallen,17.9666667,-77.25
warsop,18.2666667,-77.5833333
watchwell,17.9333333,-77.7666667
waterloo,18.0166667,-76.9333333
water valley,17.8666667,-76.3833333
watson town,18.45,-77.7666667
watt town,18.3,-77.4166667
wemyss,18.4,-77.7666667
westfield,18.35,-78.25
westfield,17.9,-77.55
westfield,18.2,-76.6333333
westlands,18.2666667,-78.3666667
weymouth,18.4333333,-77.4333333
wharton,18.0666667,-77.7333333
whitby,18.2,-77.5666667
whitehall,18.2,-76.7166667
white hall,18.1,-77.85
whitehall,18.3,-76.8833333
whitehall,18.2666667,-78.3333333
white hill,18.15,-77.8
white rock,17.95,-77.8
whitfield,18.05,-77.5666667
whitney,18.05,-77.3833333
wigton,17.9,-77.5333333
williamsfield,18.0666667,-77.4666667
williamsfield,18.4333333,-77.3833333
williams moreland,18.2833333,-78.2666667
williams town,18.2833333,-76.9666667
wilsons,18.2666667,-77.5666667
winchester house,17.9333333,-76.2833333
windsor castle,18.25,-76.95
windsor castle,17.9333333,-76.55
windsor heights,18.4166667,-77.2
windsor house,18.3666667,-77.6166667
windsor park,17.9666667,-76.9833333
windsor,18.1166667,-76.45
windsor,18.35,-77.65
woodberry,18.2833333,-77.15
woodhall,18.05,-77.1333333
woodside,17.9833333,-77.2833333
woodstock,18.15,-77.9
york street,18.1833333,-77.0333333
york,18.2833333,-77.95
y.s. estate,18.15,-77.8166667
zion hill,18.1166667,-76.9
