abaga,0.5666667,9.3666667
abam,1.1166667,11.7166667
abame,1.5333333,11.4
abana,1.5166667,11.4166667
abandou,-0.2666667,10.5
abang,0.6666667,11.2666667
abang-ayo,0.9333333,10.95
abang i,1.7833333,11.6333333
abang iii,1.8,11.6333333
abang-melem,0.9666667,12.05
abang-si,1.9666667,11.55
abas,1.0,9.7833333
abe,2.2666667,11.5333333
abebea,0.15,11.1333333
abega,2.0333333,11.5
abel,0.65,11.0666667
abelago,-0.9166667,9.45
abeme,1.9333333,11.4166667
abena,-1.1,13.1166667
abenelan,0.5833333,10.6166667
abenelang,0.2333333,10.0666667
abenelang,-0.3833333,10.4666667
abeng,0.3333333,12.0
abenilam,0.6,11.0833333
abenilang,1.0833333,10.4666667
abiane,0.4166667,11.3666667
abogotom,0.9333333,10.75
abong ahoun,0.9833333,11.65
abong-miang i,0.9,11.55
abong-miang ii,0.8833333,11.5666667
abor,0.7833333,12.9833333
abor-tikame,-0.6,10.35
aboto,-0.7833333,13.9333333
abou angoum,0.9,11.0333333
aboukoua,-1.0,11.45
aboume,0.8666667,9.8666667
abouna,0.25,9.6166667
abounaviri,-0.7,9.1
abouyi,-1.5833333,14.2166667
achanga,-1.2333333,9.0333333
achouka,-0.8666667,9.75
achouka,-0.0833333,11.7333333
achouka,-1.0333333,9.5166667
ackok,-0.3,10.5666667
acondjo,-0.2166667,9.9666667
adamenzork,0.6,10.7333333
adanhe,-0.5166667,10.2666667
adjouma,2.0833333,11.7333333
adole,-0.6833333,9.9666667
adoue,0.55,12.5666667
adouma,-0.6833333,10.2166667
adoume,-0.3166667,10.5
adza,0.3333333,10.2333333
adzabassi,1.7666667,11.7166667
adzabikat i,1.6833333,11.6333333
adzabikat ii,1.7,11.6333333
adzabikat iii,1.6833333,11.6166667
adzabilone,0.35,10.5666667
adzabilone,0.95,11.25
adzak,0.2,10.6833333
adzap,1.2666667,11.7
adzap i,1.8166667,11.4333333
adzap ii,1.8,11.4333333
adzebe,0.4,9.4666667
adzebe i,1.6166667,11.6666667
adzo,0.5833333,12.6666667
afagayong,0.5,9.7333333
afagenzork,0.4833333,9.7666667
afakazock,0.8833333,11.3166667
afakma,-0.0166667,9.9666667
afak-medzim,1.5333333,11.5
afane-mendone,0.4,9.4833333
afangombona,-0.8666667,9.6166667
afan nzogh,0.3666667,10.15
afavenzock mouelza,0.6666667,11.1166667
afema,1.6,11.5
afia,1.1,11.7166667
afogho bizi,-0.2833333,10.4666667
afouma-adzo,0.4833333,12.4
afouni,0.4,11.3833333
afrik,0.35,9.8833333
agonenzork,0.2166667,10.3166667
agonga,-1.5333333,9.25
agonzork,0.0833333,9.8833333
agouma,0.1,9.6833333
agouma,-1.5333333,10.1833333
ahdok fala,0.4,10.3
aijo,0.85,11.3833333
akaga,-1.15,13.9166667
akagakoa,0.3666667,9.7333333
akaka,-2.2333333,9.6666667
akak,1.3833333,11.4
akako mekak,2.2,11.8166667
akaktane,1.85,11.7666667
akalla,-1.45,14.0
akam,1.85,11.4333333
akam i,1.1333333,11.4833333
akam ii,1.0666667,11.4833333
akam iii,1.2833333,11.4333333
akamsi-effak,2.25,11.4
akana,0.4666667,12.3666667
akana-bour,0.35,9.9333333
akanabour,0.6666667,9.65
akan,0.9666667,10.8833333
akaraba,-1.05,13.8
akelayong,0.5833333,9.7
akelayong,0.8833333,10.55
akernengoule,0.3333333,9.8666667
akieni,-1.1833333,13.8833333
akighe nlam,-0.3,10.45
akighilam,-0.05,11.9666667
akigname,0.5666667,9.7333333
akineyon,0.6166667,11.2333333
akinitom,1.6,11.3666667
akoba,0.0166667,11.9
akobie,-0.55,10.0
akoga,0.8333333,10.5166667
akog-avop,1.55,11.8333333
akoghe,-0.1833333,10.6833333
akok,0.5166667,9.75
akok,1.6666667,11.6166667
akoki,-0.7,13.7833333
akolinem,0.8,9.9166667
akom,1.9166667,11.6166667
akomba,-0.8333333,9.6666667
akome,2.0,11.6333333
akome i,1.8833333,11.8166667
akome ii,1.8833333,11.8333333
akom essakotam,2.1666667,11.5
akonadem,1.6833333,11.5166667
ako-name,0.35,9.9166667
akore,-0.4666667,10.2833333
akoreyen,-0.1333333,10.5333333
akork,0.5166667,12.4666667
akouaka,-0.4,13.7
akou,1.9,11.85
akouata,-1.2833333,13.7166667
akougoubilye,0.5666667,12.7833333
akoul,1.5333333,11.8166667
akoulazork,2.1833333,11.95
akoum,1.5166667,11.4666667
akoumar,0.15,10.2333333
akoumassi,1.0833333,11.4833333
akoumouno,-0.9833333,9.1333333
akoumounou,-1.6666667,9.35
akountam,-0.95,10.0333333
akour-kok,0.65,11.2333333
akourman,0.0833333,9.8666667
akourman,0.65,11.1833333
akourmane,0.0833333,10.25
akourmar,0.7,11.1833333
akourname,0.3333333,9.5
alanga i,-0.8,13.8833333
alanga ii,-0.8166667,13.8666667
alang,1.5833333,11.9666667
alarmake,0.0833333,9.4166667
alarmakei,0.0333333,10.5666667
alarmintang,0.5666667,12.8333333
alarmitang,0.3666667,9.7666667
alarmitang,0.9166667,11.1833333
alat,0.1666667,10.7
alat,1.25,11.7166667
alembe,-0.0833333,10.9333333
alembetogo,-1.2833333,9.0333333
alen-abanga,0.2,10.1833333
alenakiri,0.5666667,10.0833333
alen,0.25,9.8166667
alen,2.0666667,12.0333333
alenass,0.9,11.1666667
alenassi,0.8166667,11.4666667
alen-como,0.2,10.2
alene,0.6,10.0833333
alene,-0.2,10.65
alene,0.6666667,12.9166667
alene,0.6666667,11.5166667
alene bissouma,0.65,11.5166667
alen effak,2.2166667,11.3833333
alene koraza,0.3166667,10.1333333
alene makora,0.3166667,10.25
alen esseng,2.2666667,11.4166667
alen nkogadza,0.3,10.15
alen nkok-aza,0.2833333,10.0666667
alieme,-1.7666667,14.1333333
allar mourkevock,0.35,12.1166667
allego,-0.8166667,9.6333333
allele,-1.2,13.75
allem i,1.2666667,11.55
allem ii,1.25,11.5333333
allem iii,1.2333333,11.5333333
alleum,1.6,11.55
allum,1.2833333,11.5833333
alomba,-1.0166667,10.2
alona,0.15,10.0833333
along,-0.6333333,9.9166667
alonha,-0.3666667,10.4833333
alos,0.35,10.3833333
alossi,0.6666667,9.6333333
alouma,-0.45,13.7
aloum,-0.0333333,9.7666667
aloume,2.0833333,11.35
aloun,-0.4833333,10.4166667
aloune,2.0833333,11.6666667
ambinda,-0.45,14.1
amboki,-0.8333333,9.9833333
amboki,-0.8833333,8.9833333
amboumi,-1.7333333,13.7333333
ambowe,0.4333333,9.45
ambroise,-1.5833333,9.4333333
amendje,-1.5833333,9.2833333
amengamona,-0.9833333,9.6333333
amengouingani,-0.8166667,9.85
amoin,0.7166667,9.6333333
amposso,-0.85,14.1666667
amvam,1.05,11.4666667
amvame,1.6166667,11.55
amvani,0.6833333,11.55
amveme,0.2833333,11.3833333
amyere,0.5833333,12.8666667
anameyong,-0.4833333,10.3833333
ancien andok,-0.3166667,11.35
ancien founa,-0.4,11.3666667
ancien kandjama,-0.2,11.7333333
ancien matica,-0.9333333,11.45
ancien metark,0.8833333,10.95
ancien mimongo,-1.1833333,11.6
ancien okaka,-0.6833333,11.55
ancien okala,-0.3666667,10.9333333
ancien poste des apindji,-0.0833333,11.2166667
andagh,-0.5666667,10.0666667
andem,0.3166667,9.9833333
andeme,0.3,10.0
andem i,-0.1833333,10.65
andem ii,-0.2,10.6333333
andem iii,-0.1833333,10.6666667
andjogo,-1.25,13.5333333
andock,-0.25,10.6333333
andoka,-0.2833333,10.5833333
andok,0.6333333,12.8833333
andok,1.7333333,11.6833333
andokas,2.1,12.0
andokasi,2.0833333,12.05
andokh nfang,0.1166667,10.05
andoma i,1.75,11.6833333
andoma iii,1.75,11.7
andom,1.7666667,11.5666667
andom,2.1166667,12.05
andome,2.1333333,12.0
andome i,1.8666667,11.8
andom i,2.25,12.1166667
andom ii,2.25,12.1
andon,2.2,11.8
andouako,0.6166667,10.7666667
andoume,0.4333333,10.6
andoumeze,1.4333333,11.4166667
anelakici,0.3,9.5166667
angale,0.9833333,11.7166667
angane,0.8666667,12.2
angare,0.2333333,10.2166667
angonde-abema,-1.0833333,13.1166667
angone,0.6,11.1666667
angone efira,0.6333333,11.6166667
angone i,1.6333333,11.5833333
angone ii,1.65,11.6
angone iii,1.65,11.6166667
angonogo,-1.2666667,13.5333333
angoss,0.9333333,11.4333333
angouane,1.0,11.3833333
angouma,0.65,12.8833333
angoum,1.0166667,11.4
angoune,0.25,9.8666667
angounesiste,1.2666667,11.5666667
anguie,1.6333333,11.4166667
aniane,0.6666667,11.6666667
aniane i,1.4333333,11.4333333
aniane ii,1.45,11.4333333
aniezok,1.6833333,11.45
aninghe,-2.1,9.5833333
anonebere,-0.2666667,10.5166667
anongomiani,0.45,9.4
anubi,1.4833333,11.6
anzem,0.6,10.5
anzogobe,0.5333333,11.6
aoua,1.9,11.6166667
aouega,0.7166667,11.5166667
aouela,0.9166667,11.15
aouta,-1.6,9.4666667
apari,-0.9166667,9.7
apinda,-0.3666667,13.7
apomande,-0.65,8.9833333
aranga,-0.8333333,8.8666667
aromba,-0.8166667,10.0166667
assan,0.4666667,11.6
assas,1.55,11.7666667
assen,0.9,11.05
assengama,1.4,11.6333333
assengasi,2.0833333,11.9833333
assengassi,0.9166667,10.9666667
asseng i,0.1333333,11.1166667
asseve,-1.5333333,9.4833333
assia,1.0,11.7166667
assi,0.9,11.0666667
assibouka,-1.4,9.9666667
asso,0.8166667,11.6833333
assoka,0.5666667,10.6833333
assok,0.7166667,10.3666667
assok-begue,1.05,11.6833333
assok-boleu,2.1166667,11.7333333
assok-ngoum,1.75,11.65
assok-ngoum ii,1.7166667,11.65
assok-nye,1.7,11.4666667
assok-seng,1.9333333,11.5833333
assongnive,0.95,11.85
assora-massona,0.7333333,9.7166667
assore,0.3666667,9.8
assougoula emo,0.4166667,9.4833333
assoum mabiala,0.2166667,10.35
assue,0.8166667,11.45
atale eloun,0.15,9.3666667
atem,0.6166667,9.6333333
atene,0.6666667,11.1666667
atengame,-0.6833333,9.9333333
atongo,-0.7833333,13.8666667
atongoouania,-1.6,9.3666667
atouk,0.7833333,11.55
atoumassi,0.9,11.0
atoum,0.1833333,10.2833333
atoute,0.95,10.7666667
atsombial,-0.1,11.95
atyglam,0.6833333,12.8666667
avane,0.9,10.5833333
avang,1.1333333,11.7166667
avang-biloug,0.0166667,9.8833333
avegombori,-0.95,9.7333333
avegoumbiri,-1.4,9.35
avelayong,0.8166667,9.9166667
aveng,0.7833333,11.25
averoma,0.6,9.3166667
avil-boumba,0.5333333,12.8666667
avil-chicago,0.5666667,12.8833333
avo,1.1,11.4833333
avom,0.25,11.3166667
avora,0.9666667,10.05
avore bamba,0.4833333,9.4
avormitok,-0.1166667,10.8166667
awegane,2.0166667,11.5166667
ayane,1.2833333,11.7
ayang,1.3,11.7
ayaya,0.3,9.5833333
ayebe,-0.2166667,10.6333333
ayeghe,0.3833333,10.2833333
ayeghele-mindock,-0.35,10.4833333
ayeghening,0.55,12.5833333
ayeguening,0.55,9.7333333
ayeguening,1.95,11.8833333
ayeguening ii,1.95,11.8666667
ayem,0.2666667,9.6833333
ayem,-0.0833333,11.3666667
ayeme,0.0333333,10.2833333
ayenabour,0.6,9.9
ayengueni,0.9333333,11.55
ayenguening,2.2166667,11.75
ayoeroebe,0.8,12.3833333
ayong,0.65,11.0166667
ayoumba,-0.8666667,10.3833333
ayoumba,-1.3333333,10.8333333
ayoumbi,-1.8833333,11.2333333
azap,0.75,11.55
azebe,0.0,9.5
azegue,-1.15,9.5166667
azeriba,-0.9833333,10.15
azo i,-0.8166667,10.15
azo ii,-0.85,10.1666667
azongho,1.2,11.7166667
babaousa,-0.8666667,12.8333333
babili,-0.7833333,13.5166667
babinga,-0.9833333,12.8166667
babini,-0.9833333,11.4666667
babongo,-1.3166667,12.1166667
badiabiki,-1.6833333,12.2833333
badi,0.3,13.2166667
badouma,-0.75,12.85
bafounou,-2.25,13.5833333
bafounou i,-2.2333333,13.5833333
bafounou ii,-2.3166667,13.6
bagny,-1.8833333,11.8166667
bai,-1.4166667,13.9666667
bakale,-1.6166667,10.2
bakamba,-2.3166667,12.2666667
bakoli,-2.0833333,10.1333333
balamboula,-2.3166667,12.2
balanganga,-1.9333333,10.1666667
balemba i,0.1166667,11.8833333
balemba ii,0.1,11.8833333
bama,-2.15,11.8833333
bambari,-1.55,10.6166667
bambaza i,0.8166667,13.4666667
bambecan,-0.9666667,12.7833333
bambera-biyoko,-1.1166667,12.9333333
bambila,-0.3,11.75
bambo,0.9,13.6666667
bambora,-0.8333333,12.6833333
bambous,-1.75,9.3666667
bamvomo,-0.1166667,10.9166667
bana,-3.45,10.6666667
banda namba,-3.1,11.7
bandangala,-1.3333333,12.5666667
bandegue,-1.0833333,13.55
bandoungou,-2.4,11.7
bangadi,-1.1666667,12.9833333
bangakie,0.6166667,12.9666667
bangassou,-1.5333333,13.1666667
bangassou,-0.95,12.65
bangene,-1.6333333,13.4833333
banginga,-2.3333333,12.4666667
bango,-1.85,9.3166667
bangodecahoye,0.2,13.4166667
bangola,-2.4333333,11.2
bangondji,-2.1166667,11.7333333
bangondo,-1.4,12.45
bangondzi-badouma,-2.1833333,12.05
bangou,-0.0666667,11.8166667
bangwegne,-1.6166667,13.5666667
baniati,-1.0166667,12.2166667
banoi,-1.8666667,11.25
baposo,-2.1,12.1833333
baposso,-0.6833333,13.0333333
bapouno,-0.95,12.6
baraka,0.6333333,9.6833333
bassegua,-0.8333333,12.8
bassitobalangoye,0.45,13.0333333
batanga,-0.85,9.9833333
batanga,-0.35,9.3
batenga,-1.6333333,9.65
batoala,0.8,13.45
baya,-1.5666667,13.4333333
baya,0.9833333,13.9
bayadi,-3.1333333,11.3166667
bayoukou,-1.9166667,12.0166667
beau village,-1.85,11.0
be,0.9333333,10.7
bedounou,0.8333333,13.9666667
bekaba-landji,-0.7666667,12.8
beka-beka,-1.9833333,13.55
bekomi,-1.6666667,12.8666667
bekou-bekou,0.4333333,12.3
bekouye,0.8166667,13.4833333
belakembe,1.0,13.9
bele,0.85,13.5166667
belem,-0.1,11.9666667
belinga,1.1333333,13.1166667
belleville,0.0333333,11.0333333
bellevue,-0.6333333,10.3833333
belliessi,0.65,11.1
bembelie,-0.7333333,9.6666667
bemve,0.35,11.45
bende passi mogno,-3.4833333,10.7666667
bendia,-1.5666667,13.4666667
bendje,0.2833333,11.3666667
benga,-2.9166667,11.5333333
benga,1.6166667,11.6833333
bengiaga,2.1166667,11.9833333
bengiyoe,0.65,12.6833333
bengoue,-0.9666667,9.1833333
bengoye ii,1.7333333,11.4166667
bengue mamba,-2.1333333,12.3166667
bengui,-1.9,10.15
beni bantou,-2.85,10.2833333
beniomi i,-1.6833333,13.6666667
beniomi ii,-1.6666667,13.6166667
benjiaga,2.1166667,12.0333333
benvaga,-0.05,11.5166667
benvelle,-0.15,10.7833333
benvoghe,-0.1666667,10.7166667
benza,-2.15,11.5
benze,-1.8,11.0
benzo,-2.0333333,11.6333333
benzork,0.95,11.8
bepila,-1.6166667,13.6
bere,-0.7333333,10.2833333
biamani,-1.8833333,10.6666667
biba,0.85,11.8333333
bibaga,2.2333333,12.1166667
biba melene,2.05,11.9333333
bibamvie,2.2,12.1333333
bibassa i,-1.6833333,13.6
bibassa ii,-1.6666667,13.55
bibasse,1.45,11.6166667
bibe,0.9166667,9.8166667
bibe,2.0166667,11.4333333
bibiara,0.2833333,10.6333333
bibioe,0.8166667,12.3666667
bibolo,0.6333333,10.8333333
bibolo,0.9666667,11.8
bibonga,-2.8,10.1833333
bibora,-3.2166667,11.45
biboulman,-0.2833333,10.6
bichouin,-1.0166667,11.4333333
bidiabiki,-1.2833333,12.5166667
bidzima,1.3333333,11.5833333
biello,-3.15,11.3333333
bienam,0.65,9.65
bifame i,0.9833333,11.8833333
bifame ii,0.9833333,11.9166667
bifoum,-0.3333333,10.3833333
bignendzi,-2.4166667,10.95
bigouenya,-0.85,10.35
bihindou,-2.55,11.1833333
bikamba,-3.35,10.7
bikang,1.9833333,11.6166667
bikas effek,2.2833333,11.4166667
bikas essangui,2.2,11.3833333
bikas esseng,2.2833333,11.4333333
bikele,0.4,9.5833333
bikendzi,-2.6666667,11.1
bikobizork,2.2,11.7833333
bikogo,-1.5333333,13.3833333
bikogo,1.55,11.6
bikondomo,2.2166667,11.7166667
bikoromama,0.6166667,11.5
bikouala,-1.1333333,12.4333333
bikougou,0.8666667,11.7833333
bikoumou,0.7666667,11.4166667
bila gouambi,-2.3666667,11.0333333
bilamba,-2.3666667,12.0666667
bilanga,-3.3666667,10.6833333
bilanzambi,-1.75,10.1833333
bilape-saint-pierre,-0.8833333,9.1333333
bilazambi,-1.5666667,10.0666667
bilebidoua,1.9166667,11.4
bilemba,-2.6166667,11.3
bilengui,-2.4333333,10.7166667
biliba,0.95,10.0333333
billanda,-1.4166667,12.1
billengue,-1.95,11.4666667
billengui,-1.95,10.6333333
billengui i,-1.8666667,10.9833333
billengui ii,-1.85,10.9666667
billengui iii,-1.8333333,10.9333333
billy i,2.1166667,11.4833333
bilo,2.1333333,12.0666667
bilolo,-2.0833333,11.6
bilombi,-2.9166667,11.25
bilombika keri,-2.25,11.0166667
bilossi,1.7666667,11.45
bimbin,2.1166667,11.4666667
bimbiole,-1.0,10.2333333
bimogon,-1.5166667,10.3333333
bimveme,1.15,11.5
bina-lttemba,-2.3166667,11.65
binambi,-2.15,12.05
binanga,-0.8666667,12.95
bindaba,-0.1166667,11.9666667
binda,-1.15,10.7
bindama,1.0,11.95
bindeli,-1.6166667,10.2166667
bindomo,2.0666667,12.0
bindoumessang,2.0166667,11.5
bine,-0.2666667,10.3833333
bingamingami,-0.1833333,10.8166667
bingamingami i,-0.1666667,10.7666667
bingoungou,-0.3833333,10.9833333
bingui,-2.05,10.0666667
binguilinguen,0.8166667,10.3833333
binienzi,-2.0,11.0833333
binong,0.4666667,12.35
biogou,-1.1333333,10.7833333
birenki,-2.6,10.85
birouki,-2.4333333,11.05
bisobilam,2.2666667,12.0833333
bisono,2.15,12.1166667
bissam,0.6,11.1166667
bissaninane,0.65,11.05
bissiba,-1.7,12.2666667
bissobilam,0.2833333,9.8333333
bissobilam,0.05,11.05
bissobilam,1.9833333,11.9166667
bissobilan,0.4833333,12.4333333
bissobimane,0.0166667,9.4666667
bissobinam,0.25,10.3166667
bissobinam,0.1333333,10.6833333
bissobinam,0.7833333,11.4333333
bissobiname,0.3666667,9.75
bissok i,1.2666667,11.5833333
bissominam,0.5666667,11.1333333
bissoubilam,-0.6166667,10.3666667
bissoubilam,-0.0166667,11.9166667
bissoubinlam,-0.2666667,10.5333333
bitam,2.0833333,11.4833333
bitan,0.2166667,10.2333333
bitom,0.7166667,11.6333333
bitono,-1.7166667,13.5833333
bitouga,2.1333333,12.05
bitsabanga,-1.5833333,12.7666667
bittolo,-1.8166667,12.6333333
bivanga,-2.8833333,11.1333333
bivebinzogh,0.0,9.5333333
bivene i,1.7333333,11.5166667
bivene iii,1.7166667,11.5166667
bivinde,-1.1666667,12.1833333
biyemane,0.9166667,11.55
biyen,1.9,11.6333333
biyene,0.9333333,11.1166667
bizang,2.25,11.5333333
bizango-bibere,0.3833333,9.55
boali,-1.5,10.2
bogno beazini,0.55,11.65
bogofala,1.0,9.6
bogotang,0.75,9.7
boka,-1.7166667,9.4333333
bokaboka,0.8666667,13.65
bokolo,-2.6166667,10.1666667
bola-pessou,-1.9166667,12.2
bola pessou,-1.15,12.4833333
boleko,-0.05,11.6166667
bolendjo,0.1833333,9.7666667
bolobilembe,-2.3166667,12.05
boma,-1.5333333,13.65
bomo komo i,-0.7833333,13.6166667
bomo komo ii,-0.8,13.55
bonda,-0.8166667,12.7
bondji,-0.8166667,12.55
bongo-badouma,-1.1666667,13.25
bongo,-1.65,13.4333333
bongo,-0.8666667,10.0
bongo,-2.1666667,10.2
bonneville,-0.5833333,10.0
bonneville,2.0666667,12.05
booue,-0.1,11.9333333
bordeaux,-1.65,13.6
bordeaux,-0.85,10.1833333
bordou,-1.5166667,10.5166667
bouala,-0.7833333,13.9666667
bouale,-0.75,10.1
bouali,-1.5166667,11.8166667
bouatou,-1.65,11.9833333
boubapobo,-1.0833333,11.25
bouboulou,-1.9833333,11.8166667
boucama,-1.3666667,12.9
boucanga,-1.9166667,10.65
boucimbi,-1.1333333,11.85
bouda,-2.8333333,10.3
boudela,-1.0333333,12.0166667
boudianguila,-2.0166667,11.6166667
boudiombi,-3.0833333,11.6333333
boudouga,-1.1833333,12.15
boudoumbou,-0.8166667,12.7833333
boudzoumba,-0.7166667,13.0166667
boueca,-1.3833333,12.6333333
bouggou,-3.75,11.2
bougoulou,-2.45,10.7333333
bouhoulou,-2.1166667,11.1833333
boukagni,-3.2166667,11.4333333
boukandi,-2.1666667,11.5166667
boukena boumounou,-3.7666667,11.0166667
boukou,-1.4166667,10.2166667
boulamba,-2.25,11.9
boulamboula,-2.3,11.9166667
boulemba,-1.0833333,13.1333333
boulembi,-2.6166667,10.8666667
boulembo,-1.4333333,12.0
boulongo-bouangani,-1.5166667,10.1833333
bouloula,-2.2333333,11.8
bouloulou,-1.9166667,11.8
boumabango,-0.95,12.95
boumaga,-2.35,12.45
bouma-makaya,-1.55,13.5
boumango,-2.2333333,13.6166667
boumbakari,-0.3666667,12.3833333
boumbazokou ii,0.8333333,13.4833333
boumi,-2.3,12.1166667
bounbinda,0.6833333,13.0333333
boundgi,-1.0,11.85
boundzoukou,-1.65,11.9666667
bouneni,-2.85,11.3
boungaloundou,0.85,13.5666667
boungolo,-2.2333333,11.5166667
boungou bouliba,-2.75,11.1166667
boungou,-1.85,10.5333333
boungou,-1.8166667,12.5166667
boungoumana,-2.1666667,11.7333333
boungounga,-1.5166667,10.5
bounzoukou,-1.1,12.9166667
boupounza,-1.2666667,11.9833333
bouroumba,-2.2,11.55
boussa,-0.55,12.4166667
boussimbi,-1.5333333,12.1833333
boussoka,-1.1833333,12.5833333
boussouka,-1.2333333,11.0833333
boussouniabamba,-1.2333333,12.6166667
boutala,-0.85,12.9
boutemba,-0.7666667,12.5333333
boutica,1.05,9.6833333
boutombi,-1.4666667,11.8833333
bouvinga,-1.0333333,12.2
bouyanga,-2.6166667,11.2333333
bouyangoula,-1.4,12.2166667
buey,0.75,11.4166667
bumba,0.1666667,9.9833333
byemane,1.7666667,11.4833333
byene,-0.3,10.55
camba mongo,-1.8666667,12.15
cameroun,-1.5333333,10.55
camp de banga,-1.4166667,11.7333333
camp de doungo,-1.4,11.7166667
camp de ekoua,-1.5,11.4833333
camp de massima,-1.45,11.7
camp de moumba,-1.3833333,11.6833333
camp de mouramda,-1.4666667,11.6
camp de obaka,-1.5166667,11.5
camp de pounga,-1.5333333,11.4666667
campement bakiesso,-0.7166667,12.6333333
canca,-0.15,12.15
canda,-1.2666667,11.75
caye,-2.9166667,11.5
chinchoua,0.0166667,9.8
clainbanego,-0.8333333,9.8833333
cocoabeach,0.9833333,9.6
cocofili,0.95,13.7666667
cocomacala,0.1166667,13.5833333
comi,-1.2666667,11.3
comi,-0.8333333,12.85
comilog,-1.55,13.2
commanda,-0.8333333,12.8333333
condafala,-1.65,9.45
congona,0.15,10.1333333
coniquet,0.2666667,9.5333333
cougni,-2.05,11.6166667
cougny,-1.6666667,11.85
counda,-1.3166667,12.6833333
coundou,-1.2,10.9333333
coungou,-1.0833333,11.2166667
dakar,-0.7,10.2166667
dambi,-0.7,13.2333333
dambo,-0.7833333,12.5333333
dame,0.2666667,10.0833333
dangui,-1.7,10.9166667
debiang,0.55,12.5166667
degueli,-1.6833333,10.7333333
degueri,-2.1166667,10.85
dekabalandji,-0.7,12.9833333
dend,-3.7666667,11.15
dende,-3.3,10.6166667
denis,0.3166667,9.3666667
dessima,-0.6666667,9.7833333
diaba,-1.2833333,9.2
diabeta,-1.4833333,9.9666667
diamongo,-1.7166667,9.8333333
dianga,-1.9666667,11.6
diangui,-1.7833333,10.4
dianza,-2.3166667,12.45
dibagni,-1.5333333,11.9166667
dibamba,-1.1333333,11.6833333
dibandi,-1.25,11.7333333
dibangama,-0.9833333,13.05
dibimba,-1.5333333,10.6833333
dibotinafouala,-1.3,9.9166667
dibotinefata,-1.6,9.95
dibouangni,-1.6666667,11.95
dibouangui,-2.1,11.6
dibouengui,-1.5333333,12.0833333
diboueta,-2.7166667,11.4166667
diboufou,-2.9166667,10.5166667
dibouka,-1.3,12.2666667
diboumba,-2.3,11.45
diboumba,-2.6833333,10.9166667
diboundi,-1.4333333,11.7666667
diekoke,-1.5666667,10.5
diela vievi,-2.3666667,10.15
dienga,-1.8666667,12.6833333
diengue,-1.9166667,12.1166667
diere,-1.5,13.95
difounda,-2.9833333,10.85
digaba,-2.0,11.25
digambo,-1.8666667,11.7833333
digayi,-2.5666667,10.9166667
dignietoumba,-1.45,10.5833333
digoba,-2.7666667,10.3666667
digondji,-2.8666667,11.0833333
digongo,-2.9833333,10.5666667
digoumbi,-1.6333333,11.8833333
digoungou,-2.85,10.6166667
diguela,-1.5833333,10.1
dikassa i,-2.85,11.6
dikoka,-1.9,11.1833333
dikouka,-1.2,11.6333333
dikoulou dimossi,-2.6666667,11.1833333
dikoundou,-3.0,11.2
dikouta,-2.2666667,11.05
dilalou,-1.95,11.1166667
dilalou,-1.6166667,9.8833333
dilanda,-1.45,12.1
dilemba,-3.0166667,10.85
dilieliga,-2.7666667,10.4
dilolo,-2.0333333,11.6166667
dimba,-2.2333333,11.6166667
dimbou,-1.4833333,11.8666667
dimbou,-1.0833333,11.9666667
dimbougui,-1.55,10.1666667
dimina,-1.9333333,11.0
dingui,-0.6,10.3333333
dingui,-0.9166667,11.8333333
dinguilila,-2.5833333,11.15
diolo,-2.4,11.5
diombi,-1.6,10.8833333
dipouya,-1.45,11.9333333
dirembo,-1.65,11.8333333
disofou,-2.8833333,10.4666667
dissala,-2.3166667,10.6166667
dissango,-1.15,10.75
dissegui,-2.0,10.8333333
dissengui,-1.9833333,10.8333333
dissiala,-2.3166667,11.0833333
ditadi,-1.85,11.6666667
ditoumba nzambi,-3.2666667,10.6833333
divangui,-1.1666667,10.5833333
divangui,-2.7166667,11.15
divangui,-1.95,9.9833333
diveia,-2.5666667,11.1666667
divelo,-1.65,11.8166667
divevi,-2.2333333,11.2833333
divevi,-2.9833333,11.7833333
divina,-2.4833333,10.9166667
divinda,-1.1,11.7166667
divinda,-1.3,11.9833333
divinde,-1.25,11.4833333
divinou,-2.0666667,10.1
divoko,-2.6,10.95
divolo,-1.7,11.8833333
djabeta,0.8666667,14.0
djamiti,-1.5666667,13.6666667
djangatebe,-1.6833333,13.1166667
djaouri,-2.8833333,11.45
djassone,0.85,13.5833333
djema,-2.9333333,10.35
djiba,-1.3333333,13.15
djiba i,-1.35,13.15
djiba ii,-1.3666667,13.15
djima,-1.65,12.9333333
djoakaye,-1.7,13.7
djoakaye i,-1.7166667,13.7166667
djoconamoye,-0.7833333,12.75
djogeboat,0.1666667,10.1666667
djokala,-0.8166667,12.7166667
djokoloudja i,0.75,14.05
djokoloudja ii,0.7333333,14.0666667
djokonamoi,-0.2833333,12.3
djokonamoyo,-1.05,12.2833333
djokoroundja,-1.4666667,13.2833333
djokossana,0.8833333,14.0
djondi,-0.8833333,12.7333333
djongo,-1.5833333,12.5
djongo ii,-1.5166667,12.5166667
djoukou,-1.75,13.5833333
djoum,2.2833333,12.0666667
djoum ii,2.1333333,12.15
djoutou,-1.6666667,13.3166667
doan,2.2666667,11.5833333
dogo,-1.65,9.6666667
dola,-3.0833333,10.6
dolle,-0.0833333,11.7
domassi,-1.0,11.9333333
dondo,-1.4666667,11.55
dondo i,-1.2,11.05
dondo moucoubango,-1.2166667,11.0666667
donghila,0.2166667,9.75
doua,1.4166667,11.4
douanga,-3.0,10.3833333
douaniang,0.2833333,10.0333333
doubagni,-2.2666667,11.4666667
doubagni,-2.75,10.8333333
doubambi,-1.9666667,10.9
doubani,-1.8833333,11.0666667
doubi,-1.65,11.75
doubogno,-2.8166667,11.05
douboumo,-3.2166667,10.5333333
doufouma,-2.3833333,11.0
dougalou,-3.1333333,11.7166667
dougandou i,-2.7166667,10.95
dougandou ii,-2.7166667,10.9333333
dougayi,-2.1,10.9166667
dougou mamba,-2.9333333,10.4833333
douigny,-3.1,10.7833333
doukaki,-2.9166667,11.0166667
doukanga,-2.1333333,11.1833333
doukanga,-2.5833333,11.3333333
doukendema,-2.3,11.0666667
doukoumou,-2.9,11.15
douli,-3.3,11.65
doumai,-1.5666667,13.15
doumamango,-0.0333333,12.9333333
doumanzo,0.6333333,11.0833333
doumassi,2.25,11.5
doumatsengue,-1.2166667,12.4166667
doumboukombi,-1.2333333,12.4
doum,0.8166667,11.5166667
doume,-0.85,12.9333333
doungou,-2.7833333,10.4166667
dounguila,-2.7,11.5
dounvou,-3.3833333,10.7166667
douradzum,0.05,12.0
doussala,-2.6333333,11.6333333
doussoundzi,-2.6833333,11.1666667
douzanza,-2.7666667,11.5666667
dovan,0.3166667,12.1666667
dovoyi,-3.0166667,11.1166667
dubendji,-1.0166667,11.9
duma,0.2,10.15
duradzoma,-0.0333333,11.9166667
dyanga,-1.3333333,11.8
dyelessi,-0.9666667,10.0333333
dyenza,-1.9666667,12.25
dzibe,0.2333333,9.8333333
dzoguengone,0.1333333,10.6
ebamayong,0.3666667,9.7166667
ebamou,0.35,10.4666667
ebandaga,0.55,12.4833333
ebandan,1.0333333,13.0166667
ebandje,0.8666667,9.6
ebando,-1.5833333,11.5833333
ebang,2.1166667,11.4166667
ebango,2.2333333,11.65
ebaredo,0.3,11.6666667
ebea-akork,0.55,12.5333333
ebea,-0.2166667,10.5666667
ebea,0.7333333,11.4
ebe,0.2833333,10.0166667
ebegnakok,0.8,9.7166667
ebei,1.1666667,11.5
ebel,0.1166667,11.0833333
ebeneyong i,0.65,11.6166667
ebeneyong ii,0.6666667,11.5666667
ebengon,2.2166667,11.6833333
ebengone,1.8166667,11.5666667
ebiane,0.5666667,10.6666667
ebiani,1.5666667,11.5166667
ebobogo,1.5833333,11.9333333
ebolahon,0.7166667,13.9
eboman,2.1666667,12.0666667
ebon,0.9,11.3
ebor,0.7,11.5166667
ebori,-1.5666667,13.6
eboro,2.2833333,11.4666667
ebot,1.8,11.3666667
eboundji,-1.25,11.5166667
ebounfaga,0.7166667,11.4
ebsame ii,0.9333333,10.7166667
ebyegn,0.6,12.7333333
echira,-0.9833333,9.3833333
econe,1.6333333,11.55
ecoukou,-1.35,11.3166667
edabour,0.2,11.9
eda,2.2,11.8666667
edouangani i,0.4666667,9.4166667
edouangani ii,0.45,9.4333333
edouma,0.0666667,9.3333333
edoume,0.9166667,10.65
edoung alangha,0.8,11.5166667
effande,1.3,14.1
efot,0.95,10.9
efoulane,2.0333333,11.6666667
egmounga,-1.8833333,11.25
egnounga,-1.5833333,10.8833333
ego,1.2666667,14.1
egoumbi,-1.8166667,11.5
ehanzo,0.8666667,13.6333333
ehong,2.25,11.4833333
ekala,-0.7333333,13.75
ekan,0.6833333,11.6
ekarelon,0.6,11.5
ekarelong,0.2,11.8833333
ekata,0.6666667,14.3
ekatangaye,1.0166667,13.9666667
ekaye,-1.0333333,13.8666667
ekeka,-1.5166667,11.7833333
ekengue,-1.1833333,11.0833333
ekeoua,-0.7166667,9.1666667
ekika,-1.0666667,11.7333333
ekododo,0.9333333,9.9666667
ekohong,2.0666667,11.4833333
ekok,1.3333333,14.0833333
ekong,1.7833333,11.4333333
ekoniedoume,2.0333333,11.3666667
ekoredor i,-0.7,10.15
ekorekie,2.1333333,11.65
ekorridou,-0.15,10.55
ekoua,1.0666667,13.05
ekouass,1.25,11.6833333
ekouata,-0.2166667,9.3
ekoui,1.9833333,11.55
ekoumaniambi,0.6333333,13.0
ekoum-ebel,0.3166667,9.85
ekoungou,-1.2833333,13.6666667
ekowong,0.5833333,12.8166667
ekwy,-1.7833333,14.05
elane,0.35,9.6166667
elanh-bemvoum,0.6333333,12.7
elarmilon,0.4833333,11.4666667
elarmitang,2.1666667,12.1333333
elata bakota,0.35,12.1833333
elebe,-1.4833333,13.4666667
eleko,-0.2666667,13.7166667
elelem,0.4666667,10.6666667
elelem,0.0166667,10.6166667
elibere,0.8166667,12.4333333
eliva,-0.7333333,8.9666667
ellela,0.95,13.7833333
ellelem,0.9,10.9833333
ellem,1.2166667,11.7166667
elomba,-1.4333333,9.35
elombe,-0.8,9.95
elong-eko,0.2333333,9.7666667
elong eko,0.5666667,10.9
elong-eko,-0.2,10.5166667
elong-eko,0.9666667,10.7333333
elope,1.4666667,11.6
elouma,0.8666667,13.9833333
eloum,-1.1166667,10.0333333
elouzanzoko,-0.2166667,12.7833333
emanagouga,-0.7166667,9.1333333
embadaga,-0.1,11.9833333
emone,0.8333333,9.6
empoussa,-1.2166667,13.7833333
emvouhna,-0.7166667,10.2166667
endjoumou,-1.5666667,13.1333333
endoma,1.6,11.4666667
endome,1.6166667,11.65
endome i,1.65,11.5833333
endome ii,1.6833333,11.5666667
engang,1.6666667,11.55
engeng,0.9166667,11.65
engo effak,2.2666667,11.4833333
engogone,1.5833333,11.5166667
engong,0.6,10.1
engong,1.3666667,11.6833333
engoumou,-0.7166667,13.7666667
engoung,0.7666667,9.7666667
enguengang-medzim,0.6833333,10.0
enieng,1.1833333,11.7166667
eniengmelene i,0.9666667,10.8333333
eniengmelene ii,0.9666667,10.8666667
enientang,0.7333333,10.3833333
enkassa,-1.2666667,13.6166667
entsaka,-1.1333333,13.9166667
enworedule,0.7333333,9.95
enyonga,-0.9833333,9.3666667
eourouzork,0.55,11.6333333
eparga,-0.6666667,10.1333333
erogoue,-0.65,8.7166667
esende,-0.9166667,9.5833333
esong,2.1,12.0333333
essa,1.8666667,11.7833333
essamvegne,-0.0333333,9.6
essanang,0.05,9.4333333
essangui,2.15,11.4
essogongone,0.7166667,11.3666667
essomilang,2.05,11.6666667
essone,0.65,11.25
esson,1.3333333,11.4166667
essong abam iii,1.3166667,11.4166667
essong,1.55,11.4
essono,1.65,11.4833333
essoua,0.9333333,9.9166667
essoun-alem,0.9666667,11.45
etaba,-1.7666667,11.5333333
etakaniabe,0.5166667,13.0
etamayen,0.25,9.6333333
etchougou,-1.1833333,13.5333333
eteing,-0.1833333,10.7
eteke,-1.4833333,11.5833333
etiala,0.7333333,13.9166667
etogo,2.1833333,12.0333333
etoughi,-1.3,11.6166667
etouk,-0.4833333,10.0
etouk,0.8,11.4333333
etsame i,0.7666667,10.4
evamba,0.9333333,9.7166667
evameyonga,-0.45,10.45
eves,-0.3,10.4333333
eves,1.85,11.6166667
eveula,2.1166667,12.1666667
eviename,0.5833333,9.4666667
evinayong,0.2833333,10.05
evone,1.55,11.7833333
evoredoule,0.1666667,10.1166667
evoredouleux,0.35,9.8166667
evormakok,0.3,10.2
evormakok,0.9,11.75
evormitok,0.0833333,11.8666667
evoula,0.1,9.8166667
evoung-voung,-0.3666667,10.45
evouta,-1.1166667,11.7
evouta ii,-1.25,11.3166667
eweme,2.1333333,11.4833333
ex-case boyer,-0.15,9.6166667
eyamayong,0.6666667,10.9
eyamayong,0.5666667,12.6333333
eyamayong,0.95,10.8166667
eyameyene,0.8833333,11.2166667
eyameyong,0.1833333,10.35
eyameyong,0.2166667,11.7666667
eyane,0.8666667,11.6
eya nioy,-1.2833333,11.4333333
eyeme,0.2833333,10.2333333
eyene,0.1333333,11.8833333
eyene,0.85,11.5833333
eyinane,0.95,11.55
eyouga,-1.5333333,13.7666667
eyouga ii,-1.6166667,13.7
eyoumbi,-1.2833333,11.45
ezango,-1.9333333,9.3333333
falaba,-1.0333333,9.0666667
fala,-0.95,10.6166667
febezok,1.5333333,11.8
feme,2.2,11.5
feng,1.9666667,11.35
fera,-2.3,11.3166667
fernand-vaz,-1.5666667,9.25
fernan vaz,-0.45,10.4666667
foloe,0.9,12.2666667
fone,1.45,11.6
fortifie du lekoni,-1.5833333,14.2333333
fouanga,0.25,10.5166667
foubenzok,0.2333333,11.95
foubenzork,0.2666667,11.9666667
fouelou,-2.1833333,11.1166667
fougamou,-1.2166667,10.6
foula fieng,0.2,11.7833333
foula,0.95,11.4166667
foulamayong,-1.2,9.4833333
foulameyong,-0.5166667,10.3333333
foulassi,0.8166667,11.4833333
foulayong,0.85,9.8833333
foulebeng i,1.05,11.4833333
foulenzem,-0.0166667,9.5833333
foundou,-2.65,10.0333333
foundou nzambi,-2.4333333,10.9666667
fouramouanga,-1.1166667,10.6333333
fouroumanga,-2.2,11.5333333
franceville,-1.6333333,13.5833333
gabeta,-1.0333333,10.2166667
galoua,-1.0833333,10.8
gamba,-2.65,10.0
gangoue,-0.5333333,9.2
ganzi,0.7,13.1333333
gazo,0.7166667,13.1666667
ghebida,-1.2166667,11.2666667
gikiba,-1.2,10.6833333
gnali,-2.5666667,11.3
gnazang,2.1666667,11.65
gnienzi,-1.65,12.1833333
gnyoungou,-1.45,11.1666667
gobini,-3.0333333,10.45
gondzi,-2.9666667,11.5166667
gouale,0.9166667,10.0166667
gouamba,-0.8,12.6833333
gouassa,-1.4,12.0666667
goudou-fouala,-0.7333333,10.3166667
goudoumayou,-1.3333333,9.95
goulougai,-2.1,10.55
goumbou,-3.1833333,10.75
gounda,-2.1333333,13.65
goundiman,-0.6833333,9.7666667
goungui,-1.0666667,12.3333333
grand lekolo,-1.6166667,13.2
grand massengo,-1.3833333,13.15
grand village,-0.1666667,10.75
guaviri,-1.1,9.3666667
gueme,-1.1333333,13.2166667
guiabeta,-1.05,11.3833333
guidouma,-1.6166667,10.6833333
guiessebe,0.95,13.8166667
guilingono,-2.35,11.6833333
guisse,-1.6333333,10.2666667
hublin,-1.6166667,9.5333333
huy i,0.5333333,11.4666667
huy ii,0.5166667,11.4666667
iantsi,-3.15,11.3166667
ibaga,-1.65,11.7666667
ibakodia,-0.0666667,11.9333333
ibamba,-2.2333333,11.1166667
ibamba,-1.0,12.5666667
ibanga,-2.7333333,10.7333333
ibega,-1.3833333,9.2833333
ibela,0.6833333,14.1
ibembo,-1.8833333,11.65
ibinga,0.6833333,13.05
ibomo,-0.1,11.45
iboundji,-1.45,11.95
icoumba,-1.9,11.1666667
idamba,-1.3333333,12.8833333
idema,-1.3666667,11.7833333
idemba i,-1.5666667,11.5833333
idembe,-2.2166667,11.6833333
idiata,-2.0166667,11.5666667
idiba,-1.2833333,12.9
idimba,-1.0833333,11.9
idokogo,0.5833333,9.3166667
idolo,0.8,9.9666667
idouma,-1.9,10.9333333
idoumi,-1.3833333,10.6166667
idounda,-2.0,11.5833333
igela,-1.9166667,9.3166667
igning-melene,0.4833333,9.4166667
ignol,0.9166667,11.4333333
igolani,-1.4333333,10.2
igouba,-1.6666667,11.55
igoudi,-2.3833333,11.2333333
igouma,-1.0,11.8166667
igoumbi,-1.1,11.85
igouna,-1.9,11.0833333
iguendjo,-0.8333333,9.8
iguene,-1.4833333,9.2666667
ikanga,-1.1,11.8833333
ikassa,-0.95,9.7166667
ikembele,-1.0166667,11.75
ikembele,-1.0166667,12.0666667
ikengue,-1.5166667,9.4666667
ikeoue,-1.2166667,9.0333333
ikeri issiana,-2.7833333,11.0833333
ikie,0.9166667,13.6833333
ikika,-1.6666667,11.8833333
iko,0.9,13.65
ikoli,-3.1333333,11.3333333
ikone,-2.2666667,11.6333333
ikongo,-1.65,9.65
ikore,-1.3,9.0166667
ikouka,-2.1166667,11.5
ikoya,-2.2166667,11.5833333
ilala,-2.2666667,11.3
ilande,-1.5833333,9.55
ilelo,-2.45,11.3333333
ilendo,-1.9666667,11.1333333
ilendo,-3.1,11.5
ilendou,-2.1333333,10.8666667
iloba songui,-2.6333333,11.2166667
iloga magounga,-2.45,11.1
iloneyon-sekioni,0.5833333,9.4833333
ilongo,-1.8,9.3666667
ilou,0.3833333,9.5166667
iloumi ilongo dibora,-2.8,11.0833333
imboko,-2.9666667,11.0833333
imbong,1.0333333,13.9833333
imeno,-1.5833333,11.95
imono,-0.3,12.7833333
inanga,-1.7166667,10.35
inanga,-2.8166667,10.3166667
inanie,-1.55,9.2833333
indamba,-1.0166667,11.3333333
indende,-1.1333333,10.7333333
indimba,-1.2,11.6833333
indombo,0.9333333,9.5666667
indombo,0.3166667,13.15
indoue,0.9333333,13.7166667
indoume,0.65,11.0333333
ineni magno,-2.4,11.1166667
ingasse,1.6166667,11.4333333
ingolandjondjo ii,0.85,13.6
ingolandjondjo i,0.8666667,13.6
ingonda,0.8166667,13.9666667
ingong,1.5833333,11.3666667
ingou,0.6333333,10.8166667
ingounda,-2.3166667,11.85
inguele,-2.6333333,11.6166667
iniounga,-1.7,10.3
inominomio,-2.85,11.4833333
inongo-aile,-1.3833333,9.35
inongo,-1.5333333,9.4333333
intogo,-1.1833333,13.7666667
inzamba,-1.0166667,12.1166667
inzambo,-1.0,11.8
inze,0.7666667,13.3166667
inzombo,-1.0666667,11.95
iouasso ii,-1.0333333,11.9333333
iouasso i,-1.05,11.9333333
iouatsi,-2.05,12.4666667
ipamboua,-1.9166667,11.4666667
ipedie,-1.4,9.3333333
ipoungoa,-1.3666667,12.1333333
ipoungou,-1.55,11.8833333
irandou,-2.6166667,11.6333333
irandou,-3.2,11.7166667
irendi,-2.5833333,11.6166667
irendou,-2.7166667,11.0833333
ireva,-1.55,9.4333333
irogo,-2.3833333,11.4166667
irougou,-2.2333333,11.45
iroungou,-2.9166667,11.6666667
isogni,-2.8,10.1666667
isogni salou,-2.4833333,10.9
issac,-0.5,9.9666667
issadoumongo-ignizok,1.7833333,11.7166667
issala,-2.0166667,11.6833333
issangafoum,0.35,10.3666667
issiamboula,-1.85,11.85
issiapi,-2.3666667,11.6833333
issiari mandifou,-2.1166667,10.1333333
issibou,-2.7,11.1666667
issigou,-2.85,11.2333333
issinga,-0.9,10.4333333
issinga,-1.7,11.4333333
issinga,-1.1666667,9.5166667
issohingon,0.8166667,11.5
issoloue,-0.8166667,9.9833333
issoung ii,-0.1166667,10.7833333
issoung i,-0.1333333,10.7666667
itala,-1.9,10.8333333
italatala,-1.3,12.45
itava,-2.0166667,12.0333333
itebe iii,0.8666667,13.5833333
itebe ii,0.85,13.55
iteke,-0.4333333,11.75
itogo,-2.1833333,11.5166667
itoko,-1.4166667,13.0166667
itougou,-2.0,11.5
itougui,-1.75,11.55
itsanga,-1.6166667,11.7333333
itsango,-1.6333333,11.75
itsigou,-1.7166667,11.5666667
itsila,-2.2166667,11.8333333
itsouadi,-1.65,12.45
ivanga,-1.5333333,9.9833333
ivete,-1.5333333,12.65
ivicou,-1.1333333,11.9666667
ivoumounou,-2.8166667,11.0666667
ivoundou,-2.9,11.5
ivouti,-1.25,11.1
iyantzi,-3.0,11.1166667
izamba,-0.6166667,9.1166667
joctane,-0.8333333,10.1
junckville,-0.0833333,11.1666667
kabaga ii,-1.3833333,13.9166667
kabaga i,-1.3666667,13.9
kabala,-1.6666667,14.4
kabi,-2.9833333,11.1
kabo nzambi,-2.7333333,11.5166667
kafele,0.0833333,10.2
kaga ii,-2.4,11.35
kaga i,-2.4166667,11.35
kaka,-2.4666667,10.9333333
kaki,-2.9333333,11.0333333
kalami,-1.8166667,13.9833333
kaleton,0.3333333,10.7166667
kamalete,-0.7166667,11.8166667
kamba i,-2.35,11.35
kamba,-2.25,11.45
kamba,-3.1166667,11.7166667
kambala,-2.7666667,11.3166667
kam,0.4166667,10.6166667
kanapo,-2.6,11.25
kanda,-1.4666667,11.9333333
kandjama bika,-0.2666667,11.7333333
kandjama simba,-0.1166667,11.7333333
kandouo,-1.55,14.1333333
kanga,-2.3,11.6166667
kangala,0.6666667,14.1833333
kantsaga,-1.7166667,14.3333333
kara,-1.0,13.85
karamaien,0.15,10.2833333
kassetchoui,-1.4166667,12.6666667
kassiami ii,-1.3,13.9
kassiami i,-1.2833333,13.9
katamoba,0.8833333,14.0166667
kaya-kaya,-1.5333333,13.4666667
kayes congo,-3.7333333,11.0333333
kaze,-0.9166667,9.6166667
kebili,-2.8833333,11.6166667
kedi,-1.9833333,10.6166667
kekele,0.0,11.95
keleba,-2.8,10.1
kelili,-2.65,11.1833333
kelle ii,-1.6,13.7166667
kelle i,-1.6,13.75
kembele,-1.6833333,11.45
kemboma,0.6666667,13.5333333
kendje,-0.8166667,9.15
keng-akok,1.6,11.5833333
kenibei,-0.9833333,10.5
keno,-1.7333333,9.9
kenze,-1.9333333,11.4833333
kenzo,-2.0666667,11.7166667
kepa,-1.05,9.1333333
kera-kera,-0.8666667,12.65
keri ii,-1.9833333,11.0333333
keri i,-1.95,11.0166667
keri,-0.7666667,10.35
kerye,-0.6166667,9.9333333
kessala,-1.8166667,13.9333333
kessipougou,-0.9166667,12.7666667
kewaga,-1.8333333,13.9
kiagui,-1.6333333,10.15
kika,-1.8166667,14.2833333
kimene,0.6166667,10.8
kobekobe,-0.0333333,9.35
kogh-ebele,0.65,9.9666667
koho-bono,-0.4833333,10.3
koko,0.9833333,13.95
kokolo,-1.7,10.75
koko magoma,-2.5833333,11.2666667
koko maguema,-2.0666667,11.0
kokomingheli,-0.7166667,12.9333333
kolimboung,-0.9166667,10.6
komadeke,-0.85,10.55
koma,-2.0666667,11.15
kombani,0.3333333,12.2
kombitoumba,-1.6,9.9
kombo,-0.3333333,12.3666667
komi,-1.05,10.8
konako,-1.7,9.7666667
konanadembe,-1.0,12.1833333
kondakoko,-1.6,12.2833333
konda,-1.2,12.8666667
kondiri,-2.2166667,11.6
kondzi,-2.3833333,10.6833333
kong,2.2333333,11.7333333
kongo boumba,-0.0833333,11.4666667
kongo-godafala,-0.9166667,12.6333333
kongou,-1.6833333,12.6666667
kono,1.8833333,11.65
kos,1.7333333,11.3833333
koto,0.7,13.05
kotto,-2.1,11.9166667
kouagna,-0.7333333,10.35
kouagna,-2.2333333,11.5
kouala,0.9833333,10.7166667
koualessis,1.4166667,11.6333333
kouame,0.1833333,10.1333333
kouangata,0.8666667,14.0333333
kouango,-2.4833333,10.75
kouangou,-2.0666667,11.1333333
kouanou,-1.3,12.2833333
koubala,-1.3666667,12.2333333
kougoule,0.3666667,9.9166667
kougouri,-2.45,11.5333333
koulamotou,-1.1333333,12.4833333
koula-moutou,-0.7166667,10.25
koula-okak,0.2,11.8166667
koumala,-1.7833333,12.0
koumamala,-1.4,12.4
koumamayong,0.1833333,11.85
koumaniabe,0.85,14.05
koumassi,1.85,11.6333333
koumatza,0.9333333,10.9166667
koumba,-1.8,11.9833333
koumbanou,-2.1,10.6333333
koumiki,0.1166667,10.55
koumoue,-1.6333333,9.6166667
koumougani,-2.3166667,11.0666667
koumougari,-2.8166667,10.95
koumou,-1.6333333,12.7333333
kounadembe,-1.4333333,12.3833333
kounamoutou,0.7,14.0833333
koundakoua,-1.4333333,9.2333333
kounda,-1.55,13.1333333
koungoua,-0.5333333,10.25
kouri,-3.35,11.6333333
kouroussou,-1.5333333,10.2666667
kousou,-2.4,12.25
kouta,-1.3333333,12.25
kouya,-2.3833333,11.75
kringer,0.4166667,9.4166667
kwaben,0.4,9.4333333
kwangou,-2.3166667,11.75
laboka,0.3166667,11.5333333
lafond,0.15,10.1833333
lalala,0.3666667,9.4833333
lalara,0.3666667,11.4666667
lama,0.2,9.8333333
lamba,0.2166667,10.1833333
lambarene,-1.1,11.7333333
lambarene,0.65,13.0333333
lambarene,-1.2,12.5
lambarene,-1.6833333,9.4333333
lasiko,-1.6666667,9.4166667
lassonie,-1.6666667,9.4333333
lata-bengoue,0.6333333,12.9833333
latanda,-1.4666667,10.6666667
latsa,-2.5166667,11.2
lebagni,-1.8,11.9333333
lebagni,-1.3833333,12.6
lebaladouba,-0.7666667,13.85
leba,-1.7333333,14.3
leba,-2.3333333,11.9
lebamba,-2.2,11.5
lebasa,-2.4166667,12.0666667
lebaye,-1.7333333,13.7666667
lebba iii,-1.7166667,14.2666667
lebba ii,-1.7166667,14.2833333
lebe,0.1833333,9.8666667
lebengo,-2.0666667,11.85
lebiayou,-1.6,12.25
lebinga i,-0.6833333,13.7833333
lebingue,-1.8166667,13.7
lebiri,-0.9833333,13.85
lebongui,-1.1,12.5166667
lecagna,-1.2,13.05
lecole,-1.1333333,12.7833333
legala,-2.1833333,11.85
lehou,-1.9,14.2833333
lekaba,-1.3833333,12.7333333
lekadouba,-0.55,14.05
lekala,-1.9833333,12.3166667
lekala,-1.5166667,12.6333333
leka,-0.8,12.7166667
lekamba,-1.5166667,13.0166667
lekamba,-1.3,12.9666667
lekegni,-1.5,12.5
lekei iii,-1.4833333,13.8833333
lekei ii,-1.4833333,13.9
lekei i,-1.4833333,13.95
lekengue,-1.0,10.65
lekindou,-2.2833333,11.8
lekoka,-1.8333333,12.6666667
lekolo,-1.5666667,13.2
lekori,-0.8333333,14.1333333
lekoumba,-1.4666667,13.0
lekoussaga,-1.3833333,13.5166667
lelende,-2.05,12.15
lelongo,-2.1666667,11.85
lemagna,-1.2666667,12.6666667
lemba,-2.0,12.3166667
lembayoungou,-2.3166667,11.15
lembe,-3.0833333,11.1833333
lembodouma,-1.4,10.2
lemboudouma,-1.7,10.7666667
leme,5.9833333,9.6
lemingue,-1.4333333,12.7166667
lendabengui,-2.3666667,11.75
lendama,0.2,10.0666667
lendoundoungou,-2.15,13.65
lengori i,-1.6,13.6666667
lengounga,-1.45,13.0
leniombi ii,-1.85,13.7
leniombi i,-1.8666667,13.7
lenzongo,-2.05,11.6333333
leoinga ii,-0.65,13.7666667
lepaka,-1.6833333,13.55
lepepe,-2.1833333,12.2166667
lepouya,-1.55,13.4
les bambous,0.4333333,9.55
lesoka,-1.55,12.7666667
lessabou,-1.8833333,11.9333333
lessasso,-1.0166667,12.0333333
letamba,-1.35,12.4166667
letembe,-2.15,11.6833333
letoubou,-0.3833333,13.7
levama,-2.3333333,11.65
levayou,-1.7666667,11.9
leveve,-2.1166667,11.6166667
levika,-1.4833333,12.7333333
lewai,-1.5166667,13.8333333
leyassa,-1.2666667,12.5
leyimba,-1.4833333,12.6333333
leyounga,-2.15,12.2333333
liandza,-0.7833333,13.4
libaladouba,-0.6833333,13.1
libamba,-1.2333333,12.1666667
libela,-1.6166667,12.3833333
libena,-0.8333333,12.5666667
libreville,0.3833333,9.45
licocodjiba,-0.6833333,13.1666667
licoko-kaliakali,-1.4,12.8833333
lidenha-sica,-1.2,13.1166667
lidiambou,-1.4,12.2333333
lidiembo,-0.9666667,11.4833333
lieben,1.5666667,11.9
liembo douma,-2.1333333,10.8333333
lifouta,-1.05,13.0833333
lihouma,-0.8,12.7833333
lihouvima,-0.8833333,12.85
likeka-paoumandja,-1.1833333,12.9833333
likila,-0.9,10.6
likoko,-0.2,12.8
likouala,-0.8,12.7
likoye,-2.0833333,11.9166667
limbenga,-0.8333333,12.7333333
lindeba-combi,-1.2166667,13.0833333
lindembe,-1.6333333,12.2
lingara,-0.7833333,12.7333333
lingomo,-0.8166667,12.6833333
lingoye,-1.9,11.8833333
lingoye,-0.85,12.7
lingoy,-1.1666667,12.8
lipopa,-1.1666667,12.8333333
lissoka-mabeka,-1.4166667,12.8833333
lissoka-micouca,-1.0666667,12.7666667
lissouca,-1.1,12.7166667
litouga,-2.3833333,11.3666667
litsegue,-0.8666667,12.5666667
little denis,0.2333333,9.3833333
livikou,-1.9,11.9333333
liyami,-1.45,13.3333333
liyembi,-1.1833333,12.8333333
loanda,-0.9166667,9.0
lobo,0.35,12.0833333
londe,-1.7166667,9.4166667
londen,-0.4666667,10.45
londo,-0.9333333,12.8166667
longa,-0.3,13.7166667
longoue,-0.7,9.8166667
louango,-1.9833333,11.1666667
louango,-2.6333333,10.9
louba,-2.2333333,11.8833333
louba,-1.55,12.0833333
louis,0.4166667,9.4333333
loukaba,-1.9666667,11.15
lounalou,-1.1333333,11.55
loundzou,-2.15,11.75
lounga,0.7166667,13.8666667
loungou zambi,-3.75,11.0333333
lvouta,-1.9833333,11.3166667
mabala,-2.35,11.0833333
maba,-1.6333333,13.55
mabana,2.1,11.7
mabanga,-2.45,11.2666667
mabang ii,1.8166667,11.7333333
mabang i,1.8333333,11.7333333
mabang,1.8833333,11.85
mabangui,-1.3833333,11.7833333
mabele,-0.45,10.5166667
mabemandouma,0.95,13.95
mabenda,-1.6166667,12.8166667
mabendj,0.9666667,9.7833333
mabengo,-1.95,10.9666667
mabey,-1.5166667,10.4666667
mabili,-3.2666667,11.55
mabinga,-1.5,13.1666667
maboka,-3.3333333,10.7
mabonkori,-0.9333333,12.8833333
mabou,-3.0166667,11.5166667
mabouma,-2.7166667,11.0
mabounda,-1.3333333,12.3333333
mabounga,-2.8666667,11.0166667
mabouriga,-2.7333333,11.1333333
maboussou,-2.9833333,11.7166667
mabouya,-1.4666667,12.5
mabvounoungou,-1.8166667,13.5833333
macadioum,-1.85,12.6833333
macadium,-0.3166667,12.3666667
macadium,-0.5666667,12.4166667
macanda,-1.9333333,10.9666667
macouma,0.3833333,9.5333333
macoungouloa,-1.2166667,12.7333333
macouti,-1.9666667,11.9166667
macouzca,0.05,13.65
macwi,-1.3833333,11.6333333
madangou,-1.2166667,10.6166667
madankogo,-0.5333333,10.3
madekele,0.8,9.6166667
madianza,-0.8666667,12.5833333
madiba,-1.9666667,13.55
madiba,-2.25,12.35
madiela,-1.5833333,10.05
madioumba,-2.15,11.6166667
madjaye,-1.15,13.0166667
madjingo,1.3666667,14.0666667
madonga,-2.4666667,10.9166667
madzaya,-1.6833333,13.2666667
mafak,1.8,11.7333333
mafa,0.1833333,10.05
mafouka i,0.8333333,13.5
mafouka,0.7666667,12.9666667
magabica,-2.9166667,11.3666667
magabiga,-2.5666667,11.6
magabiga,-2.8,10.95
magabika,-2.5833333,10.8333333
magagana,-1.65,11.65
magama,-1.6166667,13.45
magname,2.1,11.6666667
magnigma-mbomo,-0.9666667,13.0166667
magnima,-1.6166667,12.85
magnimba,-0.4833333,11.7666667
magnon,0.7333333,12.95
magombolala,-1.8166667,12.6666667
magonga,-3.2833333,11.7166667
magoumba,-2.35,11.05
magounga,-1.55,11.7333333
magounga,-2.4333333,11.0833333
magueni,-2.3166667,11.4166667
maguidou,-2.3,11.4666667
mahengyedi ii,0.7833333,13.4
mahibore,-0.0666667,11.9166667
mahina bouissi,-3.35,11.65
mahinda,0.1666667,13.5
mahouna,-0.8666667,12.6666667
mahounda,-2.2,11.5666667
mahounda,-1.3833333,12.1166667
mahounga,-2.3333333,11.3333333
maila,-1.4,13.3333333
makaa,2.2,12.0333333
makabana,-2.5,10.9
makaba ndilo,-3.0666667,10.8166667
makaga,2.0833333,11.95
makakou,-0.1833333,12.2
makala,-0.1833333,10.7666667
makana,-1.6333333,13.5333333
makana,0.8833333,13.9833333
makanana,-2.9333333,11.7
makaneni,0.5333333,11.4333333
makanga,-3.2166667,11.4666667
makanga,2.1833333,11.9833333
makangonio,-1.9166667,11.4833333
makao,0.7333333,13.2166667
makatamagoye,-0.2833333,13.7
makebe,0.0666667,13.6333333
makegni,-2.1,11.8833333
makiena,-3.35,10.6833333
makoko,-1.35,12.5833333
makokoue,-0.4833333,10.4333333
makokou fortifie,0.5666667,12.8666667
makombo,-2.2166667,11.5
makondzi,-2.3,11.7666667
makoui,-0.2333333,12.2666667
makoungoulou,-1.1833333,12.85
makounou,-3.3666667,11.65
malaba,-1.9166667,11.1
malaba,-2.3333333,11.0666667
malabilila,-2.75,11.5333333
mala,0.6,10.3
malanga,-2.3833333,12.25
malanga,-3.1666667,11.4333333
malanga,-1.1333333,12.9666667
malare,-0.05,11.8833333
malari,-0.5166667,10.3
maleba,-0.3166667,10.55
maleba,0.6833333,14.1333333
malembe,0.7666667,13.3333333
malembe,-0.9,12.65
malembo,-1.4166667,12.45
malende,-0.8,12.5
malene,0.9833333,11.9833333
malengo,-1.5666667,12.1166667
malenzi,0.75,13.3166667
malessi,-2.2,11.8833333
malimba,-0.85,10.3666667
malimba,-1.7333333,10.8166667
malimba,-2.6833333,11.05
malinga,-2.4166667,12.2333333
mallebe,-1.2,11.2666667
mallembe,-3.5666667,10.8833333
malolo,-2.45,10.8666667
malondo,0.9166667,13.9666667
mamania,-1.2666667,11.8
mamaososi,-2.05,12.1333333
mambaza,0.75,13.9333333
mambi,-1.6,10.1166667
mamboukou,-1.35,10.2333333
mamboungou,-1.9333333,11.9333333
mameni i,2.2166667,11.4833333
mamidi,-1.5333333,13.0666667
mamidi,-0.7833333,13.3166667
mamondo,-0.9666667,12.7
mandaganga,-1.4166667,9.3166667
mandilou,-1.2833333,10.6166667
mandi,-1.2666667,10.9833333
mandji-kili,-1.6,10.4333333
mandji,-0.6833333,9.9833333
mandji,-1.4166667,10.6333333
mandji,-2.0833333,9.85
mandombo i,0.65,14.2333333
mandzi,-2.0333333,12.3333333
manega,-2.0833333,10.1166667
manenga,-1.0166667,13.0666667
mangama,-0.2,10.7333333
mangara,-0.8,12.5333333
mangoma,0.2333333,13.3333333
mangono,0.9,9.6
mangoubou,-2.0666667,12.3333333
mangoumbou i,-1.6333333,9.8833333
mangoungou,-1.6333333,13.5666667
manguene,-0.2,10.6
manguikoume,-0.3333333,10.5166667
manin-manin,-1.0166667,12.8666667
manioc,-0.0333333,10.9833333
manogo,-1.5,13.3666667
mantoua,-0.0833333,11.7666667
manyal,0.9833333,12.9833333
manzilo,-1.8,9.8333333
maoukafan,-0.0666667,11.9
maoumba,-2.55,10.8166667
mapaka,-1.8,13.8333333
mapapa,-1.6333333,12.65
mapfongui,-1.25,12.9833333
mapika,-1.4333333,12.8833333
mapinga-vouvou,-1.3166667,12.9
mapouti,-0.4666667,10.4666667
maranda,-1.7833333,12.6666667
maremba,-1.9833333,11.7166667
masoucou,-1.4,12.0833333
masoukou,-0.8666667,12.7333333
massaa,0.7333333,13.2
massaba ii,0.6666667,13.0333333
massai,0.9666667,9.8
massako,-0.0333333,11.9666667
massama,0.4333333,11.4666667
massa,-1.7,9.8666667
massana,-1.6833333,10.1666667
massandze,-1.7666667,11.8166667
massanga iii,-2.8333333,11.0333333
massanga ii,-2.8333333,11.05
massanga,-2.65,11.3166667
massaya,-2.1333333,10.85
massayi,-2.1166667,10.15
masseb,0.65,12.9166667
massegue,-2.0333333,11.5166667
masse,0.9333333,9.8166667
masse,0.3333333,12.0666667
massendjo,-1.6833333,11.9333333
massengo iii,-1.4166667,13.15
massengo ii,-1.4333333,13.1666667
massengo i,-1.45,13.1666667
massika,-0.8166667,10.35
massika,-1.8166667,11.5166667
massimangouandja,-0.7333333,12.8833333
massi-massi,-0.35,12.7833333
massimbou,-1.45,10.2333333
massiya,-1.0166667,11.95
massombo,1.3,14.0833333
massoro,0.5666667,10.6
massoti,-2.4833333,11.2
massouka,-0.7,10.25
massouka,-1.6166667,9.9333333
massoukou,-0.4166667,12.7166667
matchimanangani,-1.0,12.15
matchiti,-3.4666667,10.75
matembele,-2.3666667,11.7333333
matemo,-0.8166667,12.75
matete,-0.2833333,10.5166667
matongo,-1.2166667,12.6
matora,0.2666667,11.6833333
matote ii,0.85,13.5333333
matoulou,-0.25,10.5333333
matoumba,-1.25,12.4666667
matoungou,-2.6833333,11.3666667
matsanfou,-3.0666667,11.6
matsingou,-2.2833333,11.8833333
matsioumba,-2.0333333,11.9166667
matsoumba,-3.2333333,11.5
mavaco,-1.2833333,11.3
mavouama,-1.6,13.5666667
mavoula,-2.4,11.4166667
mavoul,-0.0166667,9.7666667
mavou,-1.5666667,10.0333333
mavumba,-3.4166667,10.65
mayabi,-1.1,11.9833333
mayamba,-2.9666667,10.5666667
mayamba,-1.25,12.6666667
mayani,-1.6833333,11.85
mayani,-1.6666667,12.15
mayazaipepa,0.9,13.9666667
mayebout,1.1,13.1166667
mayeguede,-1.4833333,12.8666667
mayela,-0.8666667,12.8166667
mayeliga,-0.7333333,10.3
mayemba,-0.9833333,12.75
mayene ii,-0.1,10.8166667
mayene ii,0.0,11.9
mayenga,-2.2333333,11.4666667
mayengone,0.1166667,10.3166667
mayengue,-0.7333333,10.3333333
mayengue,-1.2833333,11.8166667
mayiga,0.5666667,12.85
mayingue,-1.2166667,11.9166667
mayoba,-0.8166667,12.7666667
mayombo,-2.7333333,10.8166667
mayumba et lebe,-2.3166667,11.9
mazinga,-2.4,12.2333333
mbadi,-1.1666667,10.9166667
mbafane,0.6166667,9.6666667
mbafane,2.0833333,11.5
mbalene,0.4166667,10.1
mbama,-1.9,11.9666667
mbamayong,0.55,9.7833333
mba,1.75,11.5
mbam,1.3666667,11.6666667
mbas,2.15,12.0833333
mbe ayo,0.9,10.5666667
mbebengui,0.5833333,12.75
mbekila,-3.0333333,11.7166667
mbela,0.9666667,13.85
mbelatem,0.8833333,11.35
mbeligui,1.95,11.35
mbembam,-0.0833333,11.95
mbengue,-2.0333333,11.1166667
mbey,0.6833333,13.8333333
mbeza,0.6,12.9333333
mbia,-1.2333333,14.2
mbidiga,-2.6666667,11.35
mbie,-1.85,14.2
mbighou,-1.4,12.3833333
mbigou,-0.9,10.4
mbigou,-1.6333333,10.7
mbigou,-1.1,11.95
mbilatem,-0.3333333,10.5
mbimba,-1.95,11.7833333
mbinda,-1.0,9.0666667
mbingal,-0.9833333,11.9333333
mbinga,-1.9333333,11.8166667
mbira ii,-2.1,10.2666667
mbira i,-2.1333333,10.2666667
mbissa,0.6833333,10.9833333
mbissi,-2.9333333,10.3833333
mbizo,0.6666667,14.1666667
mboa,0.5833333,12.7
mboga,-1.0,9.3833333
mbogha,0.1833333,9.9333333
mbojo,-2.05,11.7333333
mboki,-2.0666667,13.65
mbolendzork,0.9333333,11.2833333
mbolen-nzork,0.1833333,9.75
mbolenzo,0.65,11.1166667
mbolonzok,1.4833333,11.45
mboma-makama,-1.3333333,13.35
mboma,-1.7666667,14.0833333
mboma,-2.9833333,10.8833333
mboma,0.3333333,11.4666667
mboma,1.3833333,11.5833333
mbomao,0.3333333,11.4833333
mbo,2.0166667,11.3666667
mbomo ii,2.0666667,11.95
mbomo,-0.3166667,13.7
mbomo,0.3166667,11.55
mbomo,1.8333333,11.4833333
mbonde,-0.6333333,8.7
mbondo malonge,0.3,11.6833333
mbondo,-0.0333333,12.9833333
mbone,0.5833333,9.8
mbong-ele,1.5333333,11.8333333
mbonha,-0.85,12.6666667
mbon mogel,0.3333333,9.6333333
mboua,-2.1333333,13.7333333
mbouda,-2.2833333,11.6
mboudou,-0.6333333,9.1166667
mbougou,-1.0833333,11.9166667
mboukou,-1.7166667,10.8
mboula,-2.6833333,10.6166667
mboula,0.6166667,12.8833333
mboulet,1.1833333,14.1166667
mboumba,-0.9,9.6166667
mboum,0.7666667,11.65
mboundou,0.3666667,13.0833333
mbounga,-0.9333333,13.55
mboungou,-2.0833333,11.15
mebang,0.3333333,12.15
mebaza,2.0333333,11.4333333
mebba ii,0.4333333,9.7833333
mebeu,0.6333333,11.5
meboko,2.1666667,11.3666667
mebolo ii,0.9333333,11.1
mebolo,0.9166667,11.0833333
mechui,0.6166667,10.5166667
meconga,0.1166667,13.5666667
medegue,0.6166667,10.1333333
medjong,2.15,12.1
medoumou ii,1.7666667,11.6333333
medoumou,1.9333333,11.5166667
medouneu,0.95,10.7833333
medoung,2.0333333,11.6333333
medzem ii,1.4666667,11.45
medzui,0.75,11.5166667
mefana,1.5333333,11.6
mefia,0.8,9.6833333
mekaga,1.6166667,11.5666667
mekak,2.0833333,11.5166667
mekambo,1.0166667,13.9333333
meka,0.55,11.1833333
mekina,1.0166667,9.6666667
mekob,0.6833333,12.9166667
mekoga,1.85,11.45
mekok,1.7833333,11.4833333
mekomo esseng,2.1833333,11.3833333
mekomo iii,2.2166667,11.4
mekomo i,2.2333333,11.4
mekongo,0.95,11.65
mekoue,2.2333333,11.5
melagni,-0.5166667,11.7833333
melane,0.3333333,12.0166667
meleme,1.9666667,11.6166667
melene ii,1.8333333,11.75
melene i,1.8666667,11.75
melene,1.5666667,11.3833333
melen,0.2166667,10.0666667
melen,2.0166667,11.6
meli,-1.6833333,10.4
melole,-0.65,12.6333333
melongo,0.7166667,13.8833333
memba,-1.3166667,11.3333333
membang,2.1,11.4833333
memboum,1.0666667,11.7833333
mempolo,-0.8333333,10.1333333
memveme,-0.2666667,10.6166667
menai,-1.6166667,13.6166667
mendock,1.5666667,11.45
mendomo,1.9833333,11.4333333
mendouga,0.6333333,10.1
mendoum,1.4166667,11.6
mendoung,1.7833333,11.5666667
menenga,-0.9166667,12.8833333
mengang ii,1.85,11.75
menguele,-2.0166667,9.5
mengue-miloba,-1.25,12.9166667
mengui,-1.9666667,10.1666667
menkoga,2.2333333,11.6333333
menoue,0.9166667,11.7
mesonkore,-0.5166667,10.3166667
messama,2.0,11.4833333
messami ii,-2.1166667,13.7166667
messami i,-2.15,13.7
messana,-1.5833333,10.1333333
messang,0.2666667,10.25
messang,2.05,11.4833333
messoum,0.4166667,10.0
metala,1.0333333,9.6666667
methui,1.5,11.6
metomo iii,1.7166667,11.5666667
metomo i,1.7,11.5666667
metou,2.1166667,12.15
metui,2.0833333,11.3833333
metunga,0.7666667,13.35
mevang,0.0666667,11.0666667
meyo ii,2.25,11.6166667
meyo i,2.25,11.6
meyong,-0.1,10.85
meyos ii,2.0,11.9166667
meyos i,2.0166667,11.9166667
mezata,2.2,11.7666667
mfagne i,1.9166667,11.8666667
mfang,0.25,10.1
mfaye,0.7,11.2333333
mfeme,0.1166667,10.1666667
mfoa-arebe,0.3666667,10.2166667
mfoua,-0.3666667,10.4666667
mfoubou,-1.7333333,11.9
mfoukoualou,-2.5666667,10.8333333
mfoulayong,0.5166667,9.9333333
mfoulenzem,-0.05,9.6
mfoul mengoma,0.4166667,10.2166667
mfoul,1.5666667,11.5833333
mfoume,-0.1833333,10.7166667
mfoumou ii,2.1666667,11.3833333
miare,0.45,11.4666667
mibaca,-1.1,12.3833333
mibang ii,1.2666667,11.6
mibang i,1.3,11.5833333
mibene,1.3166667,11.7
mibeng,1.3333333,11.6833333
mibili,-2.9333333,11.25
miboko,-1.1333333,12.4
mibouka,-2.2666667,11.9166667
micouca,-1.0333333,12.8833333
micouma,-2.1,11.7833333
micoungala,-1.0,12.7333333
midimba,-1.1833333,12.4333333
midouma,-2.75,11.4333333
midouma,-1.4333333,12.0333333
midzik,0.7833333,11.5666667
migamba,-2.5333333,11.1833333
migele,1.7166667,11.4666667
migola,-2.1333333,10.8166667
migoma,-2.8,11.05
miguengui,-3.0333333,10.8333333
mihoumbi,-2.3166667,11.3333333
mikaga,1.5833333,11.5333333
mikanda,-2.9166667,11.6833333
mikanga,-2.7333333,11.35
mikengue,-1.65,11.6
mikengue,-0.8333333,12.8666667
mikidou,-2.35,11.5333333
mikoko,-2.4666667,10.8
mikolongo,0.75,9.65
mikongo,-0.3833333,11.7666667
mikonibe,0.85,11.55
mikoro missong,0.0333333,11.0166667
mikouagni,-1.5666667,12.9666667
mikouandza ii,-1.9166667,12.2166667
mikouandza le petit,-1.95,12.2333333
mikouka,-0.05,12.95
mikouma,-1.7666667,12.0333333
mikouma,-0.9,12.7333333
mikouya,-0.8833333,12.65
milando,-2.65,10.6833333
milandou,-3.0333333,10.4333333
milembie,0.6833333,9.65
mimbale-mibe,-0.2333333,10.55
mimbalimbe,-0.8833333,10.15
mimba,-2.0,11.5666667
mimbanda,-0.9333333,10.6
mimbi,0.5833333,10.7
mimongo et kembele,-1.4666667,12.35
mimongo,-1.6333333,11.65
mimvoul,-0.05,11.9
mimvoul,2.15,12.1333333
mina,-0.4333333,13.7
mina,0.7666667,13.3
mina-mina,-0.85,12.5666667
mindala,-2.3,11.4333333
mindara,-0.2666667,10.7833333
mindemba,0.6833333,14.15
mindili-elebe,-1.4666667,13.45
mindomo,2.0666667,11.9666667
mindoube,0.3666667,9.5
mindoubi,-2.65,11.45
mindzi,0.5666667,11.4666667
mingala,-1.6333333,13.5
minganga,-2.4666667,11.3333333
mingola,-2.1166667,10.9
mingondza,-0.7833333,13.4666667
mingouni,-1.6833333,13.5666667
minkebe,1.7666667,12.8
minkene,2.1,12.05
minko mibe,0.8833333,11.6333333
minkone,2.1,11.9833333
minte,0.4666667,12.3833333
mintoum,0.45,12.2666667
minziandzi,-2.7666667,10.8833333
minzimitome,1.95,11.4333333
miporapoussa,-0.9333333,12.7833333
mipoundi iii,-1.7666667,13.15
mipoundi ii,-1.7833333,13.15
mipoundi i,-1.7666667,13.1833333
mipoundi,-1.7666667,13.2
mirendi,-3.25,10.6833333
misonyi,-2.3666667,12.4
missala,-0.85,12.7333333
missassa,-2.45,11.1833333
missele,0.7833333,11.7666667
missigou,-2.1833333,11.6
mission sainte-anne,-1.65,9.4
missoti,-2.5,10.7666667
missouli,-2.9666667,11.8
mitende,-0.6333333,11.8
mitingo,-1.95,11.4833333
mitingou,-1.8333333,11.5
mitoundoulou,-1.8833333,12.1333333
mitounga,-1.6833333,12.8
mitsandzale le grand,-2.25,12.3
mitsang,0.7666667,12.55
mitsangou,-2.35,11.8
mitsangui,-1.4833333,10.5666667
mitsiengui,-2.1666667,11.6833333
mittone,-0.6166667,10.2166667
mivengui,-2.7833333,11.2833333
mivoka,-2.8,11.0666667
mivoue,1.6,11.45
miyanga,-2.1833333,11.7666667
miyoumba,-1.25,11.8
moabi koudou,-2.5666667,11.2833333
moabi,-2.4,10.9833333
mobigou,-1.35,11.6
mobouka,-1.6666667,10.9166667
modjoko,0.8,14.05
mogabo,-1.05,12.3
moghoumou,-1.3666667,11.3833333
mogombofala,-1.2166667,12.4666667
mogondzo,-0.9,11.8166667
mogoudi,-1.5166667,12.1333333
mokaba-ngaou,-1.3166667,13.35
mokomo-sanvogo,1.7833333,11.7333333
molessi-lekegni,-0.9833333,12.7666667
molito,-3.2666667,11.5
mombaza,0.75,13.25
mondo ii,-1.7833333,10.9833333
mondo,-0.0666667,11.5166667
mondorobe,-0.8833333,8.9333333
mondzeye,-1.45,13.3166667
mongadi,-1.25,11.9833333
mongo milando,-3.05,10.4833333
mongos,2.0333333,11.4833333
mongoungou,-2.5166667,11.5666667
monkendjoko,-1.65,12.85
monzogh,0.3,9.85
mooba,0.2833333,13.2333333
mopia ii,-1.8333333,13.5833333
mopia,-1.8833333,13.5833333
mopoumba,-1.1333333,12.0333333
mopounga,-1.7666667,13.8166667
mopounga,-1.1833333,10.9333333
mora,-0.9833333,10.25
mossete,-1.6666667,13.3333333
motobo ii,-1.3,13.4666667
motobo i,-1.55,13.4833333
motobo,-1.5,13.55
mouamba,-2.4666667,11.5333333
moubaga,-1.7666667,10.4
moubana,-1.8833333,11.7
moubassi,-0.95,12.7333333
moubidou,-0.7833333,12.7666667
moubighou,-1.2,10.8666667
moubili,-0.9833333,13.0166667
moubongou,-1.55,11.2
mouboumboulou,-2.25,11.7166667
moubou,-2.5333333,10.6
moucouagna,-2.3,12.3166667
moucouagna,-1.5166667,12.5833333
moucouagnou,-1.2333333,12.15
moucoudangoy,-1.6666667,12.4
moucouna,-1.6666667,11.3
moucwagna,-1.9833333,11.65
moudimba,-1.6666667,10.35
moudjina,-2.4,11.45
moudouma,-1.7666667,12.0666667
moudoungou,-0.8666667,12.7833333
moueke,-2.3666667,12.1333333
mouenda,-2.9166667,10.5
mouetji,-2.65,11.1666667
mougambi,-2.1333333,11.5
mougando dimbo,-2.7666667,10.9
mougandza,-2.7666667,10.9666667
moughiba,-1.9333333,11.6666667
mougnegou,-1.3,11.7833333
mougnigou ii,-2.8833333,11.6
mougnigou,-0.7833333,10.35
mougnigou,-2.9,11.6333333
mougnimbou,-3.0833333,10.8
mougnygou,-1.6,11.7666667
mougoko,-1.2833333,10.8833333
mougombo,-2.15,12.4166667
mougombo,-1.15,12.1833333
mougomou,-1.35,12.0333333
mougonga,-2.0166667,11.6333333
mougongo,-1.4166667,12.1833333
mougonzo,-1.2666667,12.1
mougouango ii,-2.05,13.65
mougouango,-2.0,13.5666667
mougoubou,-1.2166667,12.1333333
mougoudi,-2.7166667,10.7
mougouma,-2.35,10.6333333
mougoumou,-1.0333333,11.75
mougounda,-2.25,10.6333333
mouila,-1.8666667,11.0166667
mouila,-1.3166667,12.25
mouinga,-1.6666667,13.35
moukaba,-1.3333333,10.8
moukaba,-1.6166667,12.2
moukaba neny,-2.4333333,10.9333333
moukabou,-1.5666667,10.0166667
moukakala,-2.6166667,11.3833333
moukama,-2.1333333,12.05
moukandi,-1.4666667,11.9166667
moukangi,-2.8833333,10.4833333
moukanza,-2.2,11.6
moukiba ii,-1.9833333,10.8666667
moukidi,-2.1,10.9666667
moukimbi,-1.9666667,12.4
moukinga,-1.4833333,11.7333333
moukombo,-1.9,12.1833333
moukondo,-3.0333333,10.4833333
moukongo ndende,-2.8666667,10.2666667
moukoro,-2.5333333,11.5833333
moukouagna,-1.9166667,12.1833333
moukouagna,-1.1833333,12.4666667
moukoua,-2.1,11.5
moukoumamadi,-2.2166667,11.8833333
moukoumbi,-1.2166667,12.8833333
moukoumou,-1.5,11.7833333
moukoumou-nangadi,-2.2333333,12.0333333
moukouna,-1.6833333,9.8666667
moukoundou,-2.1833333,11.6166667
moukoundza,-2.2666667,11.7333333
moulaba,-2.1833333,11.2333333
moulagasiala,-2.6666667,10.6833333
moulamba,-1.0333333,10.6833333
moulamba,-2.65,10.9833333
moulandou fouala,-1.9833333,11.05
moulandou,-2.6166667,11.1333333
moulemba,-1.95,10.1666667
moulessi,-0.8833333,12.75
mouliangoula,-2.1833333,11.3166667
moulobi,-1.2666667,12.3666667
moulombo,-0.3666667,12.75
moulondo,-3.0833333,10.45
moulongo ii,-1.8666667,13.4666667
moulongo i,-1.8333333,13.5
moulounda,-1.95,12.0666667
mouloundou,-1.0166667,12.1
moumba,-1.1666667,11.6833333
moumbou,-1.6666667,10.4166667
mounana ii,-1.6,12.9666667
mounana i,-1.6166667,12.95
mounanga,-1.9166667,11.3
mounanga,-2.4833333,10.5833333
moundouma,-1.5166667,10.6833333
moundou,-1.4166667,11.05
moundounga,-0.9833333,10.6333333
mounenga,-1.9333333,11.4666667
moungale,-2.5166667,11.3
moungoundi,-2.95,11.4166667
mounguembi,-1.9166667,11.9333333
mounianga,-2.1666667,11.1166667
mouniegou,-1.7166667,10.95
mounongo,-1.3,11.8833333
mounongo,-1.1666667,11.9833333
moupaka,-1.2833333,11.3833333
moupata,-2.3166667,12.0
moupata,-1.3166667,12.45
moupeyou,-1.0666667,12.8833333
mouponou,-1.3833333,10.6333333
moupossi,-1.65,10.4
moupoundi,-2.3666667,11.8166667
moupoungou,-2.1333333,11.8333333
moupoupa,-1.0666667,10.7166667
moupoupa,-1.2,11.8833333
mourambo kata,-2.7333333,10.9666667
mourima,-2.6666667,11.0333333
mouroussi,-2.2,11.85
mouseye,0.2666667,13.25
moussakoumou lekala,-1.2166667,12.6666667
moussamba,-2.1666667,11.3333333
moussamba,-2.95,11.7166667
moussambo,-2.1,11.0833333
moussamo niambi,-2.7833333,10.0833333
moussamoukogo,-1.15,9.4833333
moussa-moukougou,-0.65,10.2166667
moussamou,-1.5666667,10.15
moussamou ygoyo,-3.2833333,11.6
moussangala,-2.6,10.6666667
moussemo,-1.5,12.0666667
moussigue,-1.7166667,11.35
moussima,-1.4666667,11.75
moussitoulela,-2.8,11.4666667
moussitou,-2.4833333,10.8333333
moussombi,-2.2,11.6833333
moussonga,-2.3666667,11.4666667
moussoudou,-2.0333333,10.75
moutambi,-1.3,10.6666667
moutassou,-2.0333333,11.0166667
mouteti,-1.4666667,10.3
moutoumba,-2.4,10.9666667
moutsima,-1.9833333,11.1833333
mouvanga-panza,-2.5833333,10.65
mouvangue,-1.6,12.65
mouvindou,-1.8166667,11.9
mouyamba,-1.8166667,11.75
mouyamba,-3.3166667,10.7
mouyamba,-2.5,9.8666667
mouyiamba,-2.6166667,11.6166667
mouyombi-tali,-2.5333333,10.8
mouyomfi,-2.5,10.1166667
mouyondzi,-2.35,11.4
mouyoumbi,-1.5666667,11.8833333
mouyoungou,-3.1666667,10.7666667
mouzoume,-2.0666667,11.05
movous ii,2.1833333,11.9166667
movous i,2.1666667,11.9333333
moyabi ii,-1.9,13.5833333
moyabi i,-1.9,13.5666667
moyabi,-1.6833333,13.3
moyenou,-1.5333333,10.2833333
mpaga,-0.9333333,9.45
mpana,-1.6833333,9.2333333
mpere,-1.6833333,9.6833333
mpfoubi,-2.0,14.3166667
mpiala,0.6833333,10.9666667
mpilou,0.45,9.6833333
mtom,-0.3,10.4833333
mvaddi,1.2166667,13.2
mvagne,1.5666667,11.4666667
mvam,-0.2166667,9.65
mvanayeme,0.6,10.1333333
mvanayong,0.5333333,10.1833333
mvane i,1.75,11.45
mvane,1.35,11.6833333
mvang-ayong,-0.0166667,9.8833333
mvang,0.8,9.85
mvang,-0.3,10.5
mvanha,0.85,11.8166667
mvan,1.8666667,11.3666667
mvanzama,-0.9166667,10.1666667
mveign,0.9166667,10.6833333
mve metol,1.0166667,11.75
mvemezok,2.0666667,11.6666667
mveng,0.6666667,11.0
mvengue,-1.6666667,13.4
mveyassi,-0.2,10.7166667
mvolo,2.0666667,12.0166667
mvomayop iii,1.5333333,11.5833333
mvomayop ii,1.5166667,11.6
mvomenzogh,0.75,9.8333333
mvomo,0.55,10.6333333
mvone,0.9166667,9.5833333
mvoua mitana,0.6166667,11.55
mvoulenzogh,0.6833333,9.85
mvoulessi,0.6833333,11.15
mvoulie,-0.2333333,10.6333333
myana,0.2166667,11.2333333
myanga,-1.9833333,11.9
myang,0.85,9.7666667
nabigou,-1.1833333,9.5166667
namba,-1.7166667,10.9333333
na,0.85,11.6666667
nanga,0.1,9.7333333
nangha,-2.1666667,11.2166667
nchoulou,-1.8166667,14.0166667
ndama,-2.4166667,9.7333333
ndambi,-0.5333333,12.6666667
ndame-bene,0.45,11.6
ndanda,-1.2666667,12.2
ndangang,2.1333333,11.7166667
ndende,-2.3833333,11.3833333
ndende,-2.4833333,10.7666667
ndendi gabon,-0.8,10.35
ndendi,-3.1833333,11.7166667
ndenga,-2.8166667,11.25
ndengue,-1.2833333,11.75
ndindi,-1.7833333,12.0666667
ndingui,-1.0833333,11.7333333
ndjakonamoye,-1.0333333,12.5333333
ndjambalika,-0.8333333,10.1833333
ndjanga,-1.0666667,13.8666667
ndjole,-0.1833333,10.75
ndjole,-1.65,10.7166667
ndjole,-1.5833333,9.4
ndjoue,0.25,9.3833333
ndjouli,-1.2833333,12.3333333
ndogo,-1.2333333,11.65
ndomba,0.3333333,9.4833333
ndondzi,-0.3166667,12.7833333
ndong-guema,-0.15,10.8
ndong,-0.7,10.1666667
ndouami,-2.0666667,10.3166667
ndoua,0.35,10.4
ndoubi,-1.4166667,12.9833333
ndoubi,-1.5333333,11.7166667
ndougou,-1.9833333,11.5
ndoumala,0.3666667,12.2
ndouma,-2.35,11.55
ndoumantana,-0.5833333,10.2833333
ndoumba,-0.9666667,9.6
ndoumbou,-0.8166667,12.6666667
ndoundouma,0.9333333,13.7333333
ndoungou,-1.3666667,11.5666667
nendja,-0.5833333,9.9333333
nendja,-0.9333333,9.7166667
nenga bembe,-1.95,9.4
neumbedouma,-0.9166667,10.0333333
nfagne,1.9166667,11.5666667
nfigou,-2.55,10.9
nfoulameyong,0.2166667,9.7166667
ngaina,-0.4833333,13.7
ngalipana,0.2,13.4333333
ngamemzorek,0.7333333,11.65
nganda,-1.7666667,13.5833333
nganda,-2.0333333,10.7833333
ngando,1.0833333,14.05
nganga,-2.2666667,11.1333333
ngoguina ii,-1.8166667,11.0
ngoguina i,-1.8333333,11.0
ngola ii,0.8833333,11.6166667
ngola i,0.8666667,11.6166667
ngola,-0.9666667,9.0333333
ngole,-0.8333333,10.0666667
ngomane,2.1833333,11.9
ngomane-sele,2.1666667,11.9
ngoma,-0.5166667,13.8333333
ngoma,-0.9833333,12.7166667
ngombi,-1.6166667,10.9
ngomessi,1.0,11.6666667
ngomgom,0.1666667,11.1666667
ngomo boulango,-1.9833333,11.6166667
ngomo,-0.8166667,9.95
ngomo,-1.9833333,11.6333333
ngondo,-1.5,11.8833333
ngondzi,-2.2666667,11.45
ngoneki,0.9333333,10.6833333
ngone,0.9333333,11.65
ngonga,-0.8333333,12.6666667
ngoreki,0.3166667,12.2
ngorondzaye,0.3833333,10.3
ngossi,-2.1666667,11.5
ngoss,-0.5,10.3666667
ngosso,0.7,13.1166667
ngota,-0.2666667,12.7666667
ngoua bikoka,-1.9166667,11.1333333
ngouabilaga,-0.4,10.4666667
ngouanie,0.55,9.7
ngouassa mabounda,-1.45,11.5166667
ngouassa,-1.2666667,11.3666667
ngoubessi,0.9,11.3166667
ngouengoue,0.8333333,13.5166667
ngoulabona,-1.8166667,9.35
ngoula,-2.95,11.45
ngoulemve,0.5666667,10.45
ngoumbi ii,-1.9,11.2
ngoumbi i,-1.9,11.2166667
ngoumbi,-0.95,9.6
ngoum,0.6666667,11.2833333
ngoumou,-1.65,10.3166667
ngoundou,-1.75,10.9666667
ngou,1.5,11.4333333
ngoungou,-2.5166667,10.9
ngoungou,-1.5166667,12.3333333
ngoyo,-2.4,11.4333333
ngueke,-0.25,12.7666667
nguenda,-2.3833333,11.4833333
nguenda,-2.4666667,11.1833333
nguenza,-1.6,10.6333333
nguiabeta,-1.0166667,9.0666667
ngwoni,-1.5166667,13.8
niali,-2.4166667,11.5333333
niallabe,0.2166667,11.9333333
niamambaye,-0.4333333,11.7666667
niamba,-1.0,12.0666667
niambipanga,-1.6,10.1333333
niamigodi,-0.2166667,12.5166667
nia name,0.2333333,10.1166667
nianam ii,0.95,9.6166667
nianam i,0.9333333,9.6666667
nianam,0.2833333,10.15
nianga,-1.9833333,11.6833333
niavangina,-0.95,12.8333333
nieguianou,-2.1166667,10.7166667
niendze,-1.5,12.1
niengo,-2.9,11.3833333
niffangou nkam,0.6333333,10.3333333
ningoranga,-1.3333333,9.0166667
nintouma,-0.1833333,10.7333333
niole,-1.0333333,11.5166667
niolokoue,-0.8666667,8.9333333
niongo,-2.5166667,9.75
niongue,-1.6166667,11.5833333
niongui,-1.3833333,11.35
nioungou goumbi,-2.1833333,9.6666667
nioungou,-2.2833333,9.7166667
njobermitang,0.3833333,9.7666667
njole,-0.1166667,12.0
njole,-1.25,12.2
njoukou,-1.3833333,12.45
nkane,0.9333333,11.2166667
nkang,1.6,11.7
nkangue,-0.8666667,10.0166667
nka,2.1333333,11.3666667
nkan,0.7166667,9.6666667
nkarenzork,1.5833333,11.7333333
nkar i,0.8166667,11.5833333
nkenga-mbya,-0.9833333,10.0333333
nkey,1.15,11.7166667
nkin,0.8333333,12.35
nkogakom,2.1833333,12.1333333
nkogalene,2.1166667,12.0
nkogassie,2.0666667,11.9833333
nkog ebel,0.4333333,9.4833333
nkogo-bessek,0.85,11.65
nkogomang,2.1833333,12.0166667
nkogomesseng,1.9333333,11.8666667
nkoguebe,2.2666667,11.5666667
nko ii,0.8833333,11.4
nko i,0.8666667,11.3666667
nkok ngem,0.7,11.35
nkok,0.3833333,9.6333333
nkolabona,1.2333333,11.7166667
nkolayop,1.2166667,11.5166667
nkolessong,2.15,11.3833333
nkoltang,0.35,9.6833333
nkombeguinoguia,-2.0666667,9.5666667
nkomi,0.3666667,10.2666667
nkomo,1.8833333,11.55
nkong,0.45,10.6
nko,1.25,11.5
nkoto ii,1.8666667,11.8166667
nkouara,1.2,11.5166667
nkougou,1.0833333,11.7
nkoulamvan,0.9333333,9.8
nkoulengong,0.8333333,9.7833333
nkoule,-0.4,10.4833333
nkoumadza,2.0333333,11.9166667
nkoumazo,-0.2,10.7666667
nkoumeti,0.35,10.5166667
nkoum,1.5666667,11.8833333
nkoung,2.0166667,11.65
nkourneki,0.5666667,9.9166667
nkourou,0.6166667,9.9
nkouta,0.25,13.2833333
nkout,1.3166667,11.6833333
nlang-mbeng,-0.0166667,9.6333333
nlan,2.2666667,11.6
nlovila,-1.0666667,9.9833333
nnifala,0.9666667,10.7833333
noayong,0.7333333,9.6833333
nombo,-2.15,9.5166667
nouako,0.35,10.55
nsakalano,-2.05,10.35
nsang,0.9,11.6333333
nseng-mitang,0.4166667,9.5
nseng-mitang,0.9166667,11.1666667
nsimi,2.15,11.3666667
nsiono,-1.65,12.4333333
nsogubefame,0.65,9.8666667
ntambe,-1.0333333,10.1333333
ntanha-tele,0.8,12.4833333
ntchengue,-0.8166667,8.8166667
ntian,0.9166667,13.0
ntom ii,1.2666667,11.6833333
ntom i,1.2666667,11.6666667
ntong,1.3666667,11.4
nto,1.8666667,11.5833333
ntoua,-0.0666667,11.9666667
ntoum,0.3666667,9.7833333
ntoum,0.8166667,10.4833333
ntsangou-dimbou,-0.75,10.35
ntsap,-0.4333333,10.4666667
ntsibelong,0.5833333,12.7666667
ntsimbi,0.0333333,9.35
ntsini,0.6,9.55
nvanayeme,0.3666667,9.5166667
nyamegong,1.75,11.5666667
nyanga ii,-2.0,11.7333333
nyanga moubighou,-1.9,11.3833333
nyanga,-2.6166667,10.6833333
nyanga,-1.1,9.05
nyembo,-1.9666667,11.5833333
nzafieng,0.0666667,11.8833333
nzakoumenga,-1.9333333,11.1166667
nzamakelene,-0.4166667,10.4833333
nzamalighe,0.0333333,9.45
nzamaligue,0.3166667,9.7666667
nzamalique,0.2833333,10.3
nzamanene,0.2833333,10.25
nzamata,0.5,9.4
nzamba,0.7,13.0833333
nzambi-minongo,-1.9333333,11.7666667
nzambi,-2.1,13.65
nzambi,-2.1333333,10.75
nzamene,-0.8833333,9.6666667
nzamou,0.2166667,9.8333333
nzang-ayong,0.5333333,9.7166667
nzanza,-2.7333333,11.4166667
nzao,-1.9166667,11.7333333
nzebe,-0.6,10.3166667
nzebere,-0.0166667,9.7833333
nzeck,-0.2333333,10.6166667
nzeck,0.8666667,11.2333333
nzeik i,0.9166667,11.4666667
nzela,0.7666667,13.9333333
nzela,-0.9666667,12.5833333
nzembi,-2.25,11.85
nzeng-bour,0.0833333,10.2333333
nzeng-meyong,0.1166667,10.1833333
nzeng-miana,0.3666667,9.9
nzenzele,-2.2,11.7666667
nzenzele,-1.3,12.5333333
nzenzila,-2.75,10.9666667
nzila-kala,-2.0833333,11.8166667
nzimayong,0.6666667,10.3333333
nzinga,-2.9666667,11.5666667
nzinga,0.8166667,12.3166667
nzinga,-1.3666667,12.4166667
nzinga-nzinga,-1.0833333,12.9
nzinga tchi,-2.9833333,11.6
nzing-ayong,0.3,9.8333333
nzingayong,0.6166667,9.6833333
nzoghebour,0.2166667,9.85
nzoghe-mintang,0.5833333,9.7166667
nzoghengom,0.0166667,11.0
nzoghengone,0.7333333,9.9833333
nzoghengone,0.5666667,12.6833333
nzoghi,-0.5333333,10.0166667
nzogho-mintang,0.25,10.2333333
nzognimintana,-0.6166667,10.3166667
nzogobeyork,0.5166667,9.3833333
nzome,-0.2166667,10.6166667
nzomo,0.0166667,9.4833333
nzong bour,0.3666667,9.65
nzong-meyond,0.1,10.2666667
nzong,0.3833333,9.8833333
nzongomintangui,-1.05,10.2166667
nzorengone,0.9166667,11.7666667
nzork,0.3,10.0166667
nzork,0.8,11.5666667
nzoro bindzene,0.4166667,10.0666667
nzoro bissone,0.45,11.5333333
nzoro mitang,0.45,10.1
nzoua,0.35,10.35
nzoudi,-2.3333333,12.3333333
nzoum,0.45,12.3166667
nzourk,0.85,11.4666667
obala,-1.1333333,13.7833333
obana,-1.4666667,14.4
obando,-1.1166667,9.2666667
obang,2.2666667,12.0666667
obaye,-1.0666667,10.8166667
obegue ii,-1.1333333,13.9333333
obegue i,-1.15,13.9333333
obelo,0.1166667,9.4166667
obenzi ii,-0.8833333,10.3666667
oberting,-0.3666667,9.7666667
obia ii,-1.25,13.9166667
obia i,-1.2666667,13.9166667
obidi,-0.35,11.75
obili,-0.7,13.8166667
obinamboum,0.4333333,10.7
obiro,-1.9333333,9.5
oboi,-1.3,11.3166667
obori-lekoussa,-1.5,13.6
obori,-1.25,13.7666667
obour,0.9,9.8166667
obout ii,1.7166667,11.5833333
obout i,1.7333333,11.5833333
obwo,-1.2166667,13.8833333
odende,-1.65,9.3666667
odimba,-1.1333333,10.0
odimba,-2.0333333,9.55
odowo,-1.6333333,9.4833333
odowwenga,-1.0,8.95
odzala,-0.3333333,13.7
ogoga,-1.8333333,9.3666667
ogoumalanga,-0.7166667,9.7166667
okala,-1.7,14.35
okala,1.0333333,11.6666667
okam,0.6833333,10.0333333
okano,-0.05,11.8666667
okara,-1.5,13.75
okila,-1.0166667,13.5666667
okogayo,0.9166667,11.1333333
okok,2.1166667,11.6666667
okola,0.8333333,10.0166667
okolo,-0.9166667,9.5333333
okondja,-1.2833333,11.1
okouba i,-1.25,13.5833333
okouba,-1.45,13.7333333
okouma,-1.2,13.5333333
olago,-1.55,9.45
olam-nze,2.1166667,11.3666667
olina,-1.6,14.2666667
olonga,-1.15,13.5333333
olongo ii,-0.5833333,14.0
olongo,-0.6166667,13.9666667
olounga,-0.9333333,13.8833333
olounga-omvouri,-1.1666667,13.5333333
omanga,-1.7,13.5666667
ombala,-0.1166667,11.9333333
ombelle,-1.6333333,13.4
ombila,-2.8,11.25
ombili,-1.5166667,13.7166667
ombou,-1.5666667,13.45
omengo,-1.5666667,9.9666667
omoana,-0.35,13.7
omoi ii,-1.3833333,13.0333333
omoi i,-1.4166667,13.0333333
omoi,-1.3,13.7666667
ompomouena,-0.85,10.15
ompouyi,-1.5666667,14.2333333
omvane,0.65,10.6333333
ondama,-1.5166667,13.6833333
ondili,-0.5166667,13.7166667
ondouama,-1.65,13.5666667
ondouma,-1.45,9.2833333
ondzeye,-0.75,13.6833333
ongam,0.6333333,9.65
ongongo,1.1666667,11.7166667
ongouangoubou,-0.85,13.8833333
ongouendjo,-1.3833333,9.0833333
onguia,-1.1,13.9
onia,-0.9666667,13.55
onie,2.2166667,12.1166667
onkara,-1.4833333,14.05
onkoua,-1.7666667,13.8
opakelle,-0.3333333,13.8666667
opoungou,-0.8833333,13.9166667
ossagui,-1.7666667,14.1833333
ossala,-1.55,13.6333333
ossamoudembou,-0.9,9.75
ossa,-0.3166667,10.5333333
ossele,-0.95,13.55
ossiandjobo,-0.5333333,13.7166667
ossinga ii,-0.6833333,13.9166667
ossouele,-1.1,14.3333333
otala,-1.1,13.7833333
otana,-2.05,14.35
otanda,-0.65,10.0833333
otcouandjoko,-0.4666667,13.7
otouma,0.9,13.0166667
otoundou,-0.8666667,13.5166667
ottouma,0.2333333,11.2833333
ouaka,-1.9666667,11.5333333
oualla,-2.0666667,13.7333333
oubendji,-1.4833333,12.15
oucha,-0.1166667,10.9
oueliga,-2.1333333,10.8833333
oueliga,-2.7166667,11.3833333
oueligha,-2.85,10.4666667
oukoussa,-1.1166667,13.1333333
ouniongo,-1.1,13.1333333
ouo ii,0.9166667,10.95
ouol,0.95,11.2333333
ovane bibang,0.6166667,10.5666667
ovel kol,0.1,10.3833333
ovena,-0.2833333,10.85
ovendo,0.2833333,9.5
oveng abe ii,1.3,11.4166667
oveng i,1.9666667,11.9
oveng-mendong,0.3833333,11.4666667
oveng,0.5833333,11.1666667
ovine,1.4,11.4
ovolondzam,0.3166667,9.5166667
oyabi,-0.6166667,14.0833333
oyali,-1.6,13.6333333
oyam,-0.2,10.6833333
oyane,-0.1833333,9.3166667
oyan,-0.0166667,10.3166667
oyanza,-0.8,14.0
oyem,1.6166667,11.5833333
oyendze,-0.7166667,13.8333333
oyingo,-0.8,9.6666667
oyoma,-1.5833333,13.6166667
oyouga,-1.2833333,13.5
oyou,-1.35,13.75
ozomboua,-0.75,8.8666667
ozouri,-1.0166667,8.8833333
pabo nzambi,-2.4833333,10.8166667
paga-dianzi,-1.3166667,10.6166667
paga,-1.5833333,10.6666667
paguignambi,-1.55,10.25
paguilou,-1.2,9.5166667
pahilou,-2.8,10.9833333
pahon-pira,-0.8,12.7333333
pahou nzambi,-2.75,10.8666667
pananga,-3.0333333,11.1333333
pana,-1.6833333,12.65
panepo,-1.6666667,9.7333333
pangani,-1.2,12.4666667
panga,-2.3833333,11.4666667
panga,-3.2333333,10.5666667
papatsegue,-1.6666667,12.6666667
papero,-1.9833333,10.1666667
paris,-0.5666667,10.0
paris,-1.2833333,12.45
passeur,-2.7666667,10.05
pata,-0.9833333,11.7833333
pegny ivolo,-2.0166667,10.8166667
pegny-sampana,-2.0333333,10.8
pekie,-2.1833333,11.7166667
pemba-niambe,-1.9,9.45
pembimbe,-1.15,12.5
pemo,-3.1166667,11.2666667
petialongo,0.7,13.85
peti,-2.2333333,11.6833333
petit dondo,-1.2,11.0
petite elise,-0.8,9.9166667
petite silang,-0.6666667,9.7333333
petit loanga,-2.2666667,9.5833333
petit mandilou,-1.35,10.6333333
petit mapfoungui,-1.2833333,12.9833333
petit masango,-1.55,11.3
petit mobigou,-1.4,11.6833333
petit ndambi,-0.5,12.7
petit paris,-0.7166667,10.2333333
pingou,-1.5333333,12.1166667
piti massango,-1.7,11.3666667
plustard,-0.7333333,9.75
pointe claire,-2.0166667,9.4666667
poka,-2.9333333,11.3166667
polombya,-2.45,10.95
popa,-1.5833333,12.3833333
porro,-2.5666667,11.6166667
porro,-2.4,10.7
port gentil,-1.1666667,11.85
port-gentil,-0.7166667,8.7833333
posso,-1.5666667,13.75
poubi,-1.2666667,12.95
poudi,-3.1,11.65
poumbou,-1.5,11.5
pounga-nganda,-2.9666667,10.85
pounga,-1.2333333,11.7833333
poungo,-1.6166667,12.3
poungou ii,-1.5166667,10.5666667
poungou i,-1.5666667,10.6333333
poungou,-1.2166667,12.0333333
poungui,-1.6,11.6666667
ramba,-1.0666667,11.9166667
randi ii,-2.9666667,10.95
randi i,-2.9833333,10.9333333
rechenman,-0.6833333,10.4
regnault,0.1666667,9.8166667
rigoho,0.3166667,9.5833333
rima nzala,-2.4666667,10.95
rinanzala,-0.7,10.0
rinanzala,-3.1166667,11.7
riranzala,-2.75,10.8
roungassa,-1.0166667,12.5333333
saguinanga,-2.1833333,10.2
sahoue,0.6166667,9.3333333
saille,-1.6,9.35
sainte benoit,-0.8333333,10.1666667
sainte-croix,-0.55,10.3
sainte-marie,-3.8,11.0166667
saint-francois,-0.75,9.7
saint-louis,-1.15,10.0166667
saint-paul,-0.7,9.7333333
saint-thomas,-2.15,10.2
saira,-0.8666667,9.7833333
sakamikanda,-1.0333333,12.75
sake ii,0.7333333,11.5166667
sake i,0.75,11.5333333
salamou,-1.5833333,10.0833333
salangoue,-0.9166667,10.0166667
salano,-1.55,10.3166667
salanou,-1.9,10.0
sallanou,-1.5666667,9.4833333
salo,0.8166667,14.05
sambinanga,-1.3666667,9.35
sam ii,0.95,11.2833333
samouganga,-1.75,10.25
sam,0.8666667,11.5666667
sanda,-2.3666667,11.0166667
sandoundou,-0.7,12.5
sanga foret,-3.05,10.8333333
sanga ii,-2.15,11.1166667
sanga i,-2.1333333,11.1166667
sangala,-1.7,10.4
sangatane,-0.2,10.75
sangatanga,-0.4666667,9.25
sanghalam,0.3833333,12.2
sangoua boma,-0.8333333,10.15
sangoue,-1.8,13.5833333
sangouronda,-2.1333333,10.1833333
sapina-wata,-2.2,12.0333333
saye,-1.75,14.1833333
seme,1.55,11.85
sengui,-2.1666667,11.7666667
sette banda,-3.8333333,11.0333333
sette-cama,-1.7166667,10.7833333
sette cama,-2.3333333,11.1833333
sette cama,-2.5333333,9.75
seyiang,2.1,11.7166667
seyland,2.2,11.7
seylang,2.1666667,11.7333333
sibang,0.4166667,9.5166667
siba,-2.1333333,11.9
sibbi,-1.8666667,13.5666667
sibi,-1.7,13.6833333
sifala,0.5833333,9.45
silakout,2.2166667,12.1333333
simane,-0.6833333,8.9333333
simintang,0.5833333,12.8
sindara,-1.0333333,10.6666667
singna,-2.9,11.1833333
siran-zangou,-0.7,9.7166667
soangui,-2.2833333,11.4666667
soangui,-2.4166667,10.9666667
soga ii,-1.2333333,11.55
soga,-1.5833333,11.7666667
sola,-1.55,12.65
sosotsanda,-0.9666667,12.6
soubba,-1.5,14.0833333
sougalam-fekele,0.3,11.9666667
sougoudzap,1.7333333,11.65
souka,-2.55,11.6
souka,-0.8333333,12.8166667
soulfane,0.1166667,10.6166667
sounga,-1.9,11.95
takamondzikou,-1.95,11.9333333
taki,-1.55,11.5166667
tamba,-1.55,11.7666667
tandou filou,-1.9,10.6833333
tarangone,0.4333333,11.5666667
tassi,-2.0833333,9.4333333
tchad,-0.95,10.45
tchangombini,-0.9833333,9.6666667
tchatamba,-1.95,9.4666667
tchengue-paga,-2.0666667,10.6166667
tchibanga,-2.85,11.0333333
tchibanga,-1.1333333,9.55
tchibenda,-3.9,11.1333333
tchigana,-3.7333333,11.05
tchimazok,2.0,11.5333333
tchimbia,-3.8166667,11.0166667
tchingondo,-3.5166667,10.8166667
tchioumbi ii,-2.1166667,11.6666667
tchioumbi i,-2.1,11.6833333
tchouka,-0.8333333,10.35
tebe ii,-0.1833333,13.7166667
tebe i,-0.2166667,13.7166667
tebe,-0.0833333,13.8
tegha,-0.25,10.6166667
tem,-0.1,9.9
tendi,-1.25,10.95
thol,-0.35,10.5
tho,1.9333333,11.6166667
tia,-3.6,10.9666667
tietie,0.4166667,13.0333333
tinga-tsenge,-2.1333333,12.4166667
tonokamba,-2.65,10.6333333
tono sangana,-2.7,11.3833333
tornebeim,0.0333333,9.9666667
touassi,-1.2166667,11.9666667
toubaganga,-1.7,10.9333333
toubaghengui,-1.5333333,10.45
toukoue,0.7166667,13.1833333
toulo,0.6666667,12.8666667
toulougaba,-2.6833333,10.7
toumba,-2.55,11.1666667
toumbi ii,1.1666667,14.1
toumbi i,1.1,14.0833333
toungounamba ii,-1.5666667,9.4166667
tourouvaya,0.1333333,13.55
tsambalingue,-1.0166667,12.05
tsamba,-1.15,11.6833333
tsamba,-0.9166667,12.6166667
tsambo,-1.2666667,11.8666667
tsanda,-0.95,12.85
tsandi,-1.0666667,12.5166667
tsanga,-1.7333333,13.75
tsangui,-2.4666667,11.2666667
tsati,-0.9833333,12.85
tsegnou bila,-2.7666667,11.1166667
tsenguenabela,-1.5833333,12.8166667
tsengue,-1.2166667,11.9833333
tsengui,-1.3,11.85
tsienguifala,-1.5833333,10.6333333
tsiengui panga,-1.5,10.6666667
tsifala,-1.5,10.5333333
tsimbili,0.95,12.0833333
tsingue,-0.8666667,12.7166667
tsogui,-3.05,10.4333333
tsongo malongo,-2.1,10.1333333
tsotonzala,-1.45,12.8666667
tsouka,-2.3333333,11.05
tsoumbi,-2.1333333,11.6166667
tumba,-2.8666667,11.6666667
vanayeme,0.2666667,10.1166667
vandarene echira,-1.6666667,9.5666667
vandarene pahouin,-1.65,9.5166667
vanguenengue,-1.1166667,9.55
vedi,-1.4,11.7833333
vengue,-1.55,13.1
vera,-2.6166667,10.1166667
veyrie,-0.9666667,9.7166667
viafe,-0.6,10.2333333
viafe,0.3333333,11.4166667
ville,-1.7,12.1333333
viong,0.4833333,12.4166667
vivane,0.9166667,12.15
vodvi,-2.3333333,12.2666667
vombie,0.95,9.5666667
voulougandou,-2.6333333,11.1333333
voumvou,-3.2333333,11.7333333
welle-leboung,-1.6333333,13.3666667
yabala,-2.85,11.2666667
yaffa,1.6333333,11.5
yamba boualou,-1.9666667,11.7
yamba iii,-1.8166667,10.9166667
yamba i,-1.8166667,10.8833333
yamba,-2.0166667,13.7166667
yamemve,2.0833333,11.6333333
yameyang,0.05,10.5833333
yandji,-3.0833333,11.2333333
yanibour,0.4833333,11.5166667
yaraka,-0.2333333,10.5
yello,-2.4,11.2333333
yelo,-2.6,11.3666667
yembi,-1.4333333,10.6166667
yendji,-2.8166667,10.0666667
yene,-1.65,13.55
yengue,-2.2333333,11.2666667
yengui,-1.9833333,11.3
yeng,0.3166667,11.6
yeno,-1.7,11.55
yeno,-1.35,9.3333333
yen,0.9,11.7
yetsou ii,-2.15,10.6666667
yetsou i,-2.1333333,10.6833333
yetsou,-2.1333333,10.7
yeye,-1.4333333,13.35
yianamassok,0.8166667,11.4
yinanessogo,0.8666667,11.4333333
yinassessogo,0.9166667,11.2
yobomamba,-1.0,12.85
yoko,0.5333333,12.9166667
yombe ii,-0.9666667,9.4333333
yombe i,-0.9833333,9.4333333
yombe,0.6,9.4833333
yombe,-0.7333333,8.8833333
yongodoulongo,-1.0,9.6833333
yongo,-2.6166667,11.4166667
yongulssa,-2.15,11.7333333
yong,0.8166667,9.85
yosse,2.0833333,11.5833333
yoss ii,1.8333333,11.4666667
yougou,-1.9,9.4166667
youko,0.7,12.6666667
youlandzambi,-1.05,12.75
youlou,-1.5333333,13.15
youlou,-0.9,12.6
youma,-0.8,14.0333333
youmbou,-3.15,11.3
younga-younga,-0.95,12.6833333
yoyo,-3.6833333,11.1
zalakouka,-0.4666667,12.4166667
zamanene,0.1,10.1833333
zamata,-0.1166667,10.8833333
zambi zanza,-3.4166667,10.7
zambounie,-1.6833333,9.4166667
zamelen i,1.8666667,11.6333333
zanangoue,1.3833333,11.5666667
zangame,0.95,10.75
zangui mamba,-2.8833333,10.2
zembi-zanza,-3.5,10.8333333
zilmac,-1.6666667,9.75
zoanki,-0.0666667,11.6833333
zobete,1.8,11.5666667
zogogone,1.6166667,11.5333333
zogomitang,0.9,11.1833333
zogueloumou,2.2,11.8333333
zokokota,0.8666667,13.6166667
zokoma,0.7833333,13.35
zokosoa,0.6833333,13.1
zoolende,0.1833333,13.4666667
zorengone,0.8,10.45
zoua,1.1833333,11.5166667
zougouani,-1.0333333,13.1
zoulameyong,0.2333333,10.1666667
zoula,1.0833333,14.0666667
zoungui,-1.6333333,12.4
