aakae,-9.05,161.2
aama,-8.35,160.6333333
aama,-9.0833333,160.15
aanosusura,-8.6666667,160.8666667
aarai,-8.7833333,160.9333333
aarite,-9.8333333,160.8333333
abalolo,-8.9,160.7666667
abe,-8.6833333,160.9666667
abiraadoa,-8.6666667,160.8833333
abu,-8.7666667,160.7
abungari,-9.1833333,160.9333333
adou,-8.5666667,160.9666667
aeakwato,-8.4166667,160.8166667
aena,-8.1166667,156.6
aenaaiwasi,-9.25,161.0166667
aenaangingi,-8.4166667,160.65
aenakaro,-9.0833333,161.15
aenariki,-9.2,161.1166667
aenathaia,-8.35,160.65
aerotoro,-9.3,161.2
afudodo,-8.5833333,160.75
afufu,-8.35,160.5666667
afusalo,-8.3666667,160.75
afutala,-9.1833333,160.95
age,-8.8,160.95
ageraba,-8.6,160.8166667
ahanga,-11.2666667,159.7833333
ahatu,-7.1,155.7333333
ahboga,-9.8,160.3333333
ahenawai,-9.6,161.4166667
aheohia,-9.2166667,161.2
ahesia,-9.0666667,161.1833333
ahia,-10.2,161.3
ahuamu,-9.15,161.2333333
ahuu,-9.4666667,161.25
ai,-10.3333333,161.3333333
aiasi,-8.55,160.7333333
aifaafasu,-8.9166667,161.0666667
aifiri,-8.9333333,161.0166667
ailali,-8.45,160.8166667
ailau,-8.9166667,160.7666667
aimburu,-8.9,161.0333333
aimela,-8.3166667,160.7
aimela,-8.7333333,160.7
aimera,-9.2833333,161.1333333
ainiasi,-9.1833333,161.1166667
ai ni mae,-8.9,161.0166667
ainimae,-8.9,161.05
aio,-8.2166667,161.2333333
aio,-9.0333333,161.2166667
airaea,-9.2333333,161.15
airumu,-8.95,161.0333333
aisato,-8.6833333,160.95
aisiina,-8.9166667,161.0166667
aisiko,-8.8,160.7833333
aisina,-8.7166667,160.95
akwariri,-8.3333333,160.75
akwe,-8.4833333,160.6833333
alafe,-8.6666667,160.9833333
alahasiai,-9.1333333,161.1
alangakaula,-10.25,161.7333333
alavugu,-9.8833333,160.7666667
alialia,-9.1,159.8166667
aliali,-9.6,160.2333333
aligegeo,-8.75,160.6833333
alikata,-8.7666667,160.7666667
aliteau,-8.4666667,160.6666667
alligator creek,-9.4166667,160.0666667
alogha,-9.4,159.6
alosolo,-9.7833333,160.1666667
alotatahoma,-9.6833333,160.1333333
alundava,-9.8,160.2666667
amaama,-9.1,161.2333333
amba,-11.2666667,166.5
ambi,-11.6833333,166.8166667
ambuambili,-9.4333333,160.15
ambuasu,-8.3666667,160.6333333
ambuavao,-9.4333333,160.2166667
ambungali,-8.9666667,160.75
ambuporondavi,-9.55,160.3666667
anakelo,-8.5666667,160.7333333
anata,-10.3333333,161.35
andandaiesi,-8.3166667,160.6
andaua,-8.3833333,160.7333333
andeande,-9.4666667,160.45
andi,-8.3666667,160.6166667
andina,-9.1166667,159.2166667
aneefafako,-8.9166667,161.05
angali,-9.5333333,161.4833333
anggia,-9.0,161.15
aniuke,-8.3333333,160.6
anoano,-8.9833333,160.7666667
anofai,-8.55,160.8833333
anofalake,-8.6333333,160.7166667
anokwakwale,-8.6333333,161.0
anokwasi,-8.3833333,160.5666667
anoniusu,-9.6333333,161.5333333
anotole,-9.6833333,161.4333333
anutaiasi,-9.35,161.1333333
aoaniiru,-9.1,161.15
aola,-9.5333333,160.4833333
aona,-9.3333333,161.15
aopasi,-9.35,161.2166667
apakho,-11.3,166.4666667
apaone,-10.2666667,161.7333333
apaora,-10.55,161.5
apio,-9.6166667,161.4
apuara,-9.4,161.4166667
apuiraramua,-9.2833333,161.1833333
apunahunu,-9.1833333,161.1833333
apurahe,-10.7,161.7166667
araarauna,-9.0166667,161.05
arabala,-8.8833333,160.75
arairou,-9.2833333,161.0333333
araki,-8.5166667,160.9166667
arambu,-11.6,166.8833333
aranimamu,-9.4666667,161.2333333
araou,-9.0833333,161.1833333
araro puti,-9.45,159.9333333
araumana,-9.3166667,161.1
araveu,-9.3666667,159.8666667
arinapaewa,-9.1833333,161.25
aroaha,-9.7333333,161.95
aro,-9.4,159.6166667
aroaro,-9.4166667,160.3333333
arohane,-10.4666667,161.95
arona,-9.2333333,161.2166667
arovachivi,-9.9,160.65
arovia,-9.7166667,160.2166667
aruligo,-9.2833333,159.7666667
asaibala,-8.6,160.85
asibonga,-8.7833333,160.8833333
asimaenioha,-10.2333333,161.4833333
asimana,-9.15,160.8666667
ato,-8.4833333,160.9
atoifi,-8.85,161.0166667
atonihare,-9.2333333,161.1666667
atori,-8.7333333,160.95
atuatu,-8.3666667,160.5666667
aualu,-8.2666667,159.55
auangisia,-8.5,160.8
au,-8.6333333,157.2666667
aulupeine,-9.6833333,161.5666667
aupono,-9.05,161.1833333
ausi,-9.1,161.1
avisi,-9.7166667,159.7333333
avita,-11.2333333,166.4666667
avuavu,-9.8333333,160.3666667
avu avu,-9.8333333,160.3833333
awale,-9.6166667,159.6666667
awanararu,-9.8333333,160.8666667
bacalwallo,-9.4,160.3333333
bagarai,-10.8166667,162.05
bagarice,-9.5666667,160.1666667
baghovu,-8.2,159.6666667
bahi,-9.3,159.6
bakofu,-8.5166667,160.7166667
balasuu,-9.5666667,161.55
balegoma,-9.6666667,159.7
balu,-7.1666667,157.05
bambala,-9.4166667,160.3
bangara,-6.8,156.8333333
banimbari,-6.6666667,156.6166667
banisokeo,-7.9833333,159.3333333
baolo,-7.65,158.8
bara,-8.1833333,159.6
barakoma,-7.9,156.6833333
baroni,-8.95,160.0833333
batongo,-6.9833333,157.0833333
batuna,-8.55,158.1166667
baunani,-9.1333333,160.85
behelula,-9.9,160.6833333
belaga,-9.0666667,160.3333333
belama,-8.4,160.6
belana,-9.5833333,160.0833333
belatasi,-9.9,160.5166667
belati,-9.5833333,160.3333333
beluga,-9.5666667,160.35
bema,-10.7,165.75
bengena,-9.7166667,159.75
berapa,-8.4833333,157.4
bethany,-8.3,157.1166667
bia,-10.3666667,161.4833333
bifonu,-8.55,160.7
bili,-8.65,158.2
biliha,-8.1833333,159.6166667
bilikovu,-9.6833333,159.7166667
biloa,-7.9333333,156.7
biluro,-8.2833333,159.4333333
bio,-8.65,160.6666667
biporo,-7.7333333,156.7833333
birambira,-6.7833333,156.5
birasu,-9.1333333,159.8333333
biti,-9.7833333,159.9
boe,-7.0833333,156.8166667
boemboe,-7.4,157.3833333
boinio,-7.8666667,159.0666667
boitsatsu,-9.3666667,159.8166667
bokoagau,-9.4166667,160.3833333
bokola,-9.6666667,160.65
bokolo,-8.3166667,159.8333333
bola,-9.6166667,160.65
bolitei,-7.85,159.0166667
bolonda,-9.7833333,159.9166667
bomboe,-8.15,157.1
bonala,-9.1166667,159.8333333
boro,-7.5666667,156.6333333
borohinaba,-9.0166667,160.25
boromoli,-9.05,160.3
boubosu,-8.3,159.7833333
buala,-8.1333333,159.5833333
buga,-8.25,159.7333333
bugawahu,-10.6,161.6166667
bulaabu,-8.9,160.7333333
bula,-8.85,160.7333333
buma,-11.6166667,166.95
buma,-8.6666667,160.6833333
bumbukuana,-6.7333333,156.7
bungusile,-8.5,159.6666667
burianiasi,-8.65,160.9833333
busu,-8.8833333,160.7333333
busukwae,-8.7166667,160.9
busuone,-8.7666667,160.8333333
bwaomarau,-10.5333333,162.1166667
bwaroo,-10.5,162.0
bwaunasughu,-10.45,161.9
bweinaniawarikiapu,-10.5666667,161.8666667
caledonia,-9.4,160.1666667
canaan,-8.2833333,157.4166667
canaan,-8.8333333,161.0
chaghoe,-9.6,159.6666667
chahoga,-9.25,159.7
chakundale,-9.75,159.8833333
chaliaru,-9.7,159.95
chalimpale,-9.8,160.0666667
chamburu,-9.25,159.6833333
chapunamo,-9.7333333,159.7666667
chapuru,-9.25,159.7166667
charanggao,-9.8,160.2333333
charanimate,-9.7333333,159.85
charavutu,-9.8,160.2833333
charihaivati,-9.5666667,160.15
chariko,-9.5833333,160.25
chari ndoke,-9.5333333,160.1166667
chaukandora,-9.7,159.8833333
chaunaroga,-9.7833333,159.95
chautivi,-9.65,160.3666667
chavunggao,-9.35,159.5833333
chea,-8.5,158.0166667
checheche,-9.8166667,160.3833333
cheke,-8.5166667,158.0833333
cheli,-9.4833333,159.5833333
chemoho,-8.5166667,157.9333333
chili,-9.5666667,160.4166667
chimbakoghe,-9.7666667,159.8833333
chimbori,-9.8166667,160.4166667
chinatown,-9.1,160.15
chiri,-9.45,159.8166667
chirovanga,-6.65,156.5666667
chivoko,-6.6333333,156.55
chochokiki,-9.5166667,159.6
choghiri,-9.8,160.1833333
choha,-9.6166667,160.2333333
chokare,-9.5833333,160.4166667
chombonavaka,-9.5833333,159.65
chombu,-8.7,157.9
chouna,-9.6666667,160.2333333
chuchulu,-8.5,157.9
chukakonia,-9.8166667,160.6333333
chuma,-9.7666667,160.2833333
chupuchupu,-9.8166667,160.4
chuva,-9.5,160.1833333
daboko,-9.3333333,159.8333333
dadaisalu,-8.7,160.7
dadale,-8.1166667,159.1166667
dai,-8.05,156.6333333
dala,-8.5833333,160.6666667
dara,-7.05,156.7833333
daringali,-8.5333333,160.9166667
darione,-8.7,160.8833333
dau,-8.6333333,160.75
dautae,-8.9333333,161.0666667
dedeu,-7.95,158.8666667
dende,-9.15,160.2833333
dhadhaje,-8.5166667,159.8
dhavoa,-9.4666667,160.3666667
dikonaara,-8.3166667,160.8166667
dinare,-9.1666667,160.9166667
dingodingo,-8.75,160.9
diuna,-10.35,161.3
doma,-9.3166667,159.8
domu,-8.2333333,159.55
down wind,-8.2833333,159.75
dubona,-9.4833333,159.6
duindui,-9.8,159.9666667
dukwasi,-8.75,160.85
dundurava,-7.1166667,157.15
egelo,-8.4,157.3666667
eke,-9.3833333,161.1833333
eleoteve,-7.8166667,156.75
eliote,-9.5333333,161.4
enara,-6.6833333,156.65
enarano,-8.3,157.2333333
etamarorai,-10.2666667,161.5333333
eteala,-8.95,161.0166667
etehonu,-9.2666667,161.2166667
eteia,-9.0666667,161.2
euro,-9.7833333,159.8166667
faalau,-8.5,160.7
faandile,-8.45,160.75
faasileta,-8.6666667,160.9333333
fafaidodo,-8.75,160.8833333
fafaikafo,-8.6,160.8
fagani,-10.3333333,161.6166667
fageifa,-10.85,162.35
falabulu,-8.8333333,160.7333333
falamae,-7.4,155.5666667
falufaalu,-8.8666667,160.7333333
fanuafalai,-8.9333333,161.05
farisi,-8.9,161.0666667
farumalaula,-8.8333333,161.0333333
fataolo,-8.3666667,160.7833333
fauaala,-8.8166667,160.8166667
fauabu,-8.5666667,160.7166667
faubala,-8.7666667,160.8666667
faufalu,-8.8333333,161.0166667
faufanea,-8.3333333,160.7166667
fauiolo,-8.75,160.7166667
fauketa,-8.7333333,160.85
faulaloia,-8.5333333,160.75
faumamanu,-8.7666667,160.9333333
faumbaekwa,-8.4666667,160.8833333
faunikari,-8.6166667,161.0
fausadio,-8.8666667,160.7833333
ferafalu,-8.2833333,160.8
ferafalu,-8.6666667,160.95
feranaso,-8.55,160.95
ferasi,-8.75,160.9333333
fifihu,-8.2833333,159.6
filuo,-7.7833333,158.65
fiti,-8.3333333,160.5833333
fiu,-8.7166667,160.6833333
fiumbu,-8.4833333,160.8833333
foa,-10.6666667,165.8666667
foafora,-8.2333333,159.5166667
foondo,-8.45,160.65
fote,-8.6333333,160.6666667
fouambu,-8.4,160.8
fouia,-8.4333333,160.85
foukwakwaoa,-8.3166667,160.75
foulofo,-8.9833333,161.15
foumamatoo,-8.2833333,160.7666667
fuaga,-8.5,160.9
fugu,-8.6166667,160.8
fukha,-8.1666667,159.6333333
fula,-8.9666667,161.1666667
fuliabote,-8.6333333,160.9666667
fulifataa,-8.8,160.8833333
fulifooe,-8.3166667,160.5666667
fuligura,-8.7,160.8333333
fulisango,-8.75,160.7833333
fulo,-9.0833333,160.8333333
funakuma,-10.8333333,162.25
funiau,-8.8666667,161.0333333
fupukuna,-8.1333333,159.55
furii,-8.4,160.7333333
furona,-8.1166667,159.1
furuana,-8.4666667,160.6833333
futuna,-8.3,160.7666667
gagalu,-8.5833333,160.9833333
gagara,-7.05,157.1166667
gaimali,-9.4,160.15
gaini viti,-9.4833333,160.45
galiatu,-9.8166667,160.0833333
galovae,-7.2333333,157.0
ganongga,-8.0833333,156.5333333
gareka,-9.15,159.8333333
garofate,-8.35,159.5333333
gatakesa,-7.0166667,156.7666667
gatere,-8.0666667,156.9833333
gavuhoho,-9.15,160.2166667
gazalata,-6.8,156.5333333
geeura,-8.05,156.5333333
gegenda,-9.5,160.4166667
geigei,-10.7333333,161.7666667
gembua,-9.5166667,160.4333333
geta,-10.85,162.3
ghaghagra,-8.2166667,159.5166667
ghaghaolo,-8.3,159.55
ghaimanggere,-9.7833333,160.2
ghairavu,-9.1166667,160.2833333
ghalimbere,-9.7833333,159.8333333
ghamburi,-8.2833333,157.5666667
ghaningangao,-9.4333333,159.6
ghaomai,-7.05,155.65
gharina,-8.5333333,159.6833333
ghauvalisi,-9.7333333,159.8333333
ghavighanimumu,-9.5333333,160.55
ghizo,-8.1,156.85
ghole,-9.1166667,160.3833333
ghombaghoghoro,-9.7666667,159.8333333
ghorambau,-9.4166667,160.2333333
ghoroveitughu,-9.7833333,160.1833333
ghove,-8.35,159.5166667
ghoveo,-8.0,159.4
ghoverighi,-9.55,159.6333333
ghulavu,-9.3833333,159.6
ghumba,-9.1833333,160.2666667
ghumu,-9.5333333,159.6166667
ghupuna,-10.8333333,162.45
ghurumei,-8.2666667,159.7666667
gilbert 1,-9.45,159.9833333
gilumeuna,-9.8166667,160.1
gnilomboo,-11.2833333,166.45
gnisunggu,-11.2833333,166.5333333
gnulahaghe,-8.1166667,159.5333333
goe,-7.1,156.8333333
gold ridge,-9.6,160.1333333
gouulu,-8.3,160.7
guguha,-8.1166667,159.55
gukhuna,-8.15,159.5666667
guranja,-9.3833333,159.8166667
gurena,-8.15,159.6166667
gwaiakama,-8.7833333,160.7666667
gwaiako,-8.7,160.75
gwaiareko,-8.3333333,160.7666667
gwaiasai,-8.6833333,160.7
gwaidae,-8.65,160.7666667
gwaigeo,-8.7,160.6833333
gwaininiu,-8.6333333,160.8166667
gwairade,-8.65,160.8
gwairakwana,-8.7166667,160.8333333
gwaunaruu,-8.3833333,160.8
gwaunatafu,-8.5333333,160.7166667
gwaunatala,-8.8,160.8166667
haa,-9.0666667,160.1833333
haarumou,-9.5166667,161.3
hachogha,-9.8,160.1666667
hada,-10.25,161.2666667
hadja,-9.7833333,161.9333333
haghalu,-9.0833333,160.1666667
hagharuhe,-10.8,161.9333333
haghela,-9.0166667,160.1666667
hagheulu,-8.35,159.7333333
hahietau,-9.45,161.4166667
hahorarumu,-9.3,161.1333333
hailalua,-9.5166667,160.0
hailovo,-9.7333333,160.3
hailupa,-9.4666667,160.0666667
haimarao,-9.8666667,160.4166667
haimatua,-9.85,160.4166667
haimbau,-9.7,160.3333333
haimela,-9.6833333,160.25
haimolumolu,-9.8,160.4166667
hainatogha,-9.7,160.5833333
haiparia,-9.7,160.2166667
hairi,-8.5166667,159.6833333
haisighinia,-9.65,160.35
haitete,-9.7166667,160.3666667
haivoha,-9.7833333,160.4
hakama,-9.1166667,160.3
halahala,-9.8833333,160.7833333
halavo,-9.1,160.2
haleta,-8.3,160.7833333
haleta,-9.0833333,160.1166667
halisi,-8.6833333,157.8833333
haliupai,-9.4166667,159.6
hambere,-8.0,156.95
hambunameka,-9.65,160.3833333
hamihumanga,-8.2833333,157.1
hanaanaroho,-9.2833333,161.0166667
hangataru,-10.1833333,161.3166667
hang,-7.0,155.8333333
hanianawa,-9.2333333,161.2333333
hanivaivine,-9.0833333,160.3
hanjohapeule,-9.7666667,160.35
hanuaapa,-9.3333333,161.1833333
hanuasuu,-9.2,161.25
hapai,-9.2666667,161.0166667
harai,-8.55,157.35
harai,-9.45,161.2333333
haraina,-9.7,161.9333333
harapa,-6.9833333,155.7
harea,-9.4333333,161.3166667
harehare,-7.05,155.8666667
harisiharihari,-9.2,161.2
harisi,-9.15,161.1666667
harisiu,-9.25,161.0333333
haroro,-9.0166667,160.1166667
hasupari,-9.4166667,161.2166667
hatakau,-9.2333333,161.1833333
hatanggua,-11.5166667,160.1166667
hauharii,-9.25,161.2
hauhato,-9.3,161.1666667
hauhui,-9.2166667,160.9666667
haukoukou,-9.2,161.1666667
haumera,-9.85,160.8
haupara,-9.2166667,161.0166667
hauporomaea,-9.2833333,161.0833333
hauposo,-9.5,161.4833333
hauraha,-10.7833333,161.9666667
hautahe,-9.85,160.8333333
havaruvu,-9.0333333,160.2666667
heraniasuhe,-9.2666667,161.0833333
heranihio,-9.35,161.1666667
herepaa,-9.45,161.4
heuhonu,-9.55,161.4666667
heupeine,-9.65,161.4833333
heuru,-10.2,161.4166667
hihiaka,-8.5333333,158.0333333
hirihiriasi,-9.5166667,161.2666667
hirosare,-8.2833333,159.5666667
hirovanga,-8.3166667,159.4833333
hiuasi,-9.1,161.2
hofi,-8.1833333,159.65
hofovo,-8.5666667,157.2
hoilona,-9.65,159.7
holebara,-8.1333333,159.5666667
honiara,-9.4333333,159.95
horanari,-9.3666667,161.2333333
horaniu,-7.6833333,156.7333333
horara,-8.4166667,159.8
horokao,-9.3333333,161.1166667
hote,-9.5333333,161.4666667
houaha,-9.4,161.2333333
houa,-9.7333333,160.7666667
houao,-9.0833333,161.2
houhepa,-9.1,161.1833333
houhou,-9.3333333,161.1
houhouna,-9.8,160.6333333
houkokore,-9.1666667,161.2333333
houkona,-9.3166667,161.0833333
houparoparo,-9.2166667,161.2333333
houripipisu,-9.2,161.2666667
houripou,-9.1666667,161.2666667
houroa,-9.2833333,161.2
housuru,-9.3833333,161.2
hovi,-8.3666667,159.8166667
hovoro,-8.0833333,157.6
hovukoilo,-8.1,159.5166667
huali,-8.3833333,159.7666667
huehule,-8.3,159.7
hu,-9.3,161.1
huhuru,-9.4333333,159.9333333
hulihale,-10.25,161.7666667
hunahao,-9.4,161.2
hunahau,-9.4,161.1833333
hunanaawa,-9.4833333,161.3666667
hunanahara,-9.3,161.0833333
hunanapuru,-9.2666667,161.0666667
hunda,-8.1,157.0166667
hunihara,-9.3833333,161.2166667
hunihu,-10.4666667,161.5166667
hunimasi,-9.3,161.1833333
huno ramu,-10.5333333,161.5333333
hunughu,-8.95,160.0666667
hunuta,-10.2333333,161.75
hurakaia,-9.2833333,161.15
hure,-9.4666667,161.4
hurepelo,-8.1833333,159.2166667
hurihasu,-9.8666667,160.8
hurii,-9.4833333,161.3333333
huro,-10.25,161.35
huu,-9.4333333,161.2166667
huumarere,-9.7833333,160.8333333
iaru,-10.8,162.05
igwa,-9.1666667,160.8833333
ikupaara,-9.1,161.1666667
ilangana,-8.3333333,157.2833333
iliki,-8.45,160.7166667
imana,-8.2833333,157.1166667
inagau,-9.8,160.0166667
ina ghavigha,-9.8,160.0333333
inahombe,-9.7833333,160.2666667
ina kala,-9.7833333,160.0
inakona,-9.8166667,160.0333333
ina kongga,-9.7666667,160.15
ina maole,-9.8,160.0
ina mati,-9.7666667,160.1666667
ina mbombo,-9.7833333,160.2166667
ione,-9.8666667,160.8166667
iramarore,-9.2166667,161.2166667
iremaea,-9.2,161.2833333
iringgila,-7.6166667,156.5
iripaina,-9.3166667,161.2333333
iriri,-8.0333333,156.95
irowai,-9.2333333,161.2
iruiru,-9.8,159.8333333
isiisu,-9.5666667,160.2666667
isipeni,-9.65,160.5
israel,-8.3,157.55
isuisu,-9.8,159.9333333
isunavara,-9.65,159.6833333
jaklo,-8.3,159.75
japuana,-8.4833333,159.7666667
jarava,-8.3166667,159.8166667
java,-7.65,156.6666667
jejevo,-8.1333333,159.6
jiku,-7.15,157.1833333
jinjapili,-6.9833333,157.1
joroveto,-7.8333333,156.7166667
kaanggua,-11.4666667,160.0333333
kaekui,-6.8166667,156.8166667
kafemau,-8.2333333,159.5333333
kafoelia,-8.6166667,160.8833333
kafoiilo,-8.35,160.7333333
kafulafiu,-8.85,160.9
kakake,-9.8166667,160.0666667
kakalaaano,-8.5333333,160.7666667
kakalambao,-9.6666667,160.2166667
kakalao,-9.5,160.2833333
kakalokasa,-7.0833333,157.1333333
kakambona,-9.4166667,159.9166667
kakara,-8.5666667,160.6833333
kakaro,-9.5666667,160.5833333
kakaru,-8.3333333,160.7
kakasa,-7.2666667,157.0166667
kakatio,-8.2,159.5333333
kakendakena,-9.7333333,160.5333333
kalaka,-9.15,159.8
kalambisi,-9.7666667,160.7166667
kalanggwata,-8.8666667,160.75
kalenga,-8.55,159.8333333
kaliala,-9.0166667,160.2666667
kalibato,-9.8166667,160.1666667
kalimai,-9.7,161.95
kalima,-9.65,160.4166667
kaloka,-8.3,159.8
kalona,-9.5666667,161.5333333
kamaleai 2,-6.9666667,155.7166667
kamaleai,-6.95,155.7333333
kamangga,-6.9666667,157.0333333
kamanjikoko,-9.7833333,160.5833333
kamaosi,-8.4666667,159.8
kamoniboko,-9.7333333,160.7166667
kanavaeha,-11.5833333,160.2166667
kandova,-6.9,157.0166667
kanggava,-11.6833333,160.2833333
kaoka,-9.7,160.6833333
kaokaona,-10.3833333,161.7
kaonasughu,-10.4,161.7666667
kaotave,-9.4333333,160.2333333
kapasiro,-8.25,159.55
kapeu,-9.8166667,160.8333333
kapika,-6.95,157.1
kareki,-6.9,156.1
karinara,-9.3166667,161.0666667
karokaro,-9.15,161.15
karona,-9.15,161.1833333
karukaru,-9.8833333,160.55
karuuu,-9.4833333,161.4166667
kasaranga,-9.6333333,159.65
kasarongo,-8.4166667,159.7
katurasele,-7.1833333,156.9166667
kauchupuchupu,-9.7166667,159.7833333
kau,-9.5,159.5833333
kausa,-9.7833333,160.35
kavahambe,-9.5333333,160.1833333
kava,-8.35,159.55
kavoa,-9.8333333,160.55
kavo,-9.7,159.9833333
keala,-7.3833333,157.3
keana,-8.9833333,161.1666667
keara,-8.1333333,156.5666667
kekena,-9.4833333,160.3
kekepina,-8.2666667,159.6833333
kelakwai,-8.7333333,160.6666667
kelomarii,-8.7,160.7333333
kemane,-9.5833333,159.7
kemba,-9.4,159.8
kena,-8.0833333,157.0166667
keravuru,-9.4166667,160.15
kerekoka,-9.4166667,160.3666667
kerenapisi,-9.2166667,161.1333333
kerepei,-8.45,159.8166667
kerepukavala,-9.7833333,160.15
keru,-8.1833333,157.6666667
kesao,-9.25,159.6666667
kesatamba,-9.85,160.3833333
ketoketo,-8.5833333,158.1166667
kia,-7.55,158.4333333
kicho,-9.45,159.95
kikinocho,-9.8166667,160.0
kilokaka,-8.2333333,159.3166667
kilufi,-8.7333333,160.6833333
kilusakwalo,-8.7166667,160.7
kimaga,-8.2166667,159.7
kimbito,-9.5333333,160.5166667
kinoso,-7.2166667,156.95
kioramo,-9.65,160.6666667
kira,-9.3333333,161.25
kirakira,-10.45,161.9166667
kirighi,-8.45,159.65
kirighi,-9.1166667,160.2666667
kiripaasu,-9.2,161.2333333
koa,-8.6833333,160.6833333
koburu,-8.3166667,160.8
kochitoa,-9.75,159.85
kochokocho,-9.7833333,160.05
koela,-9.1166667,159.7833333
koetungi,-9.7166667,160.7
kofi,-8.6,157.3333333
kofiloko,-8.4333333,160.8333333
koghambugha,-9.75,159.8
koghe,-8.2666667,159.6
koilambu,-9.5833333,160.6
koilosuimomoru,-9.6666667,159.7166667
koilotumaria,-9.4666667,160.4333333
koilovala,-9.1833333,160.25
kokamau,-9.2666667,159.65
kokenggolo,-8.3166667,157.2666667
kokepaku,-9.5333333,160.5333333
kokoerata,-9.0166667,161.2
kokoilo,-9.4166667,159.85
kokolapa,-9.65,160.15
kokolope,-7.7,156.75
kokombagia,-8.0166667,157.6
kokomu,-9.4333333,159.9833333
kokosuliseu,-9.6666667,161.4333333
kolenamoa,-6.9666667,156.7166667
koliai,-7.0333333,155.8666667
kolika,-9.15,159.8166667
koli,-9.4,160.1833333
kolina,-9.8,159.9833333
kolochega,-8.2833333,159.7666667
kolochemba,-9.6333333,160.5666667
kolochulu,-9.6166667,160.3
koloe,-6.8833333,156.9833333
kologhajogha,-8.3833333,159.7333333
kologhalivei,-9.8166667,160.15
kologhavatu,-8.3333333,159.8333333
kologhodu,-8.1833333,159.4833333
kologhona,-9.7166667,159.8166667
kolohambusi,-9.6,160.5166667
kolohaumbi,-9.8833333,160.5166667
kolokapalu,-9.7166667,160.3333333
kolokapasi,-7.2166667,156.9666667
kolokarako,-9.6333333,160.3833333
kolokiki,-9.8166667,160.1166667
kolokoko,-9.8166667,160.35
kolombaleho,-9.7166667,160.3
kolombangara,-8.0833333,156.7833333
kolombora,-9.7,160.3833333
kolomola,-8.1333333,159.5333333
kolomosu,-8.2166667,159.7166667
kolonjiri,-9.75,160.7333333
kolosigana,-8.3,159.7333333
koloteve,-8.45,159.7833333
kolotita,-9.7666667,160.6333333
kolovalu,-6.8666667,156.6
kolovaolu,-9.9166667,160.65
kolovasari,-6.85,156.5833333
kolovatuniura,-9.6666667,160.6
kolovelo,-9.8166667,160.7666667
kolovuluvulu,-9.7333333,160.5833333
kolutoha,-9.4166667,159.9
komambulu,-9.3333333,159.6
komate,-9.7833333,159.8833333
kombeaikiki,-8.4333333,160.7833333
kombe,-9.1,160.35
kombi,-9.7,159.7666667
kombokisa,-6.9166667,157.05
komindi,-9.4333333,160.1833333
komoto,-9.7,160.65
komovaolo,-9.9166667,160.5833333
komughavea,-9.45,160.25
komuisia,-9.8166667,160.8833333
komukama,-9.5166667,160.3
komukea,-9.4166667,160.25
komukomu,-9.6666667,159.7333333
komukusua,-9.7333333,160.6
komumarara,-8.9666667,160.0833333
komuna,-9.7166667,160.5833333
komuniao,-9.6,160.2833333
komunighogha,-9.5333333,160.3166667
komunihaka,-9.5,161.25
komunihara,-9.8,160.7833333
komunikoa,-9.8166667,160.8166667
komunimaangga,-9.65,160.65
komunimala,-9.4333333,160.3833333
komunimbambasa,-9.65,160.55
komunimboko,-9.5333333,160.5
komunimbolo,-9.6333333,160.5333333
komunisambaha,-9.65,160.5333333
komunivele,-9.4166667,160.1666667
komurarata,-9.4333333,160.2833333
komureo,-9.5166667,160.1
komusondu,-9.6166667,160.6333333
komuvadha,-9.4666667,160.2333333
kondodhau,-9.55,160.5833333
kondovele,-9.2666667,159.7333333
kongga,-9.4833333,160.1166667
konggau,-9.6333333,159.6666667
konggu,-8.2666667,157.8166667
konggulai,-9.4333333,159.9166667
konjonambangaro,-6.7833333,156.8166667
koo,-9.7833333,160.0166667
koombaita,-8.4166667,160.7833333
kopau,-9.5166667,159.5833333
koraga,-9.7166667,159.7166667
korambu,-9.4,160.35
korasa,-6.6333333,156.45
korasa,-9.55,160.3166667
korikasike,-9.5,160.0666667
korombusu,-9.4833333,160.4666667
korove,-9.4166667,160.35
korovou,-7.0666667,155.8666667
kosarara,-9.5166667,159.6166667
kosikosi,-9.7666667,160.2333333
kosipo,-9.6833333,159.7666667
kosisi,-8.3666667,159.6166667
koso,-9.5333333,160.0
kotaoa,-9.35,159.6
kotatave,-9.4833333,159.6166667
koviloko,-8.2,159.65
kuekue,-9.7166667,159.8
kuikuilu,-9.1333333,159.7833333
kukuduro,-8.1,159.4833333
kukundu,-8.0166667,156.95
kukunu,-8.3166667,160.7333333
kukuruu,-8.35,160.6166667
kulu,-9.4166667,160.3166667
kumaihavi,-8.2666667,159.7
kumanakati,-9.7166667,160.4
kumbokala,-8.0333333,156.5833333
kumbolia,-7.7,156.7666667
kumotu,-9.6833333,159.7
kumundi,-9.5,160.45
kundale,-9.7,160.2333333
kunji,-8.1,157.05
kunokuno,-9.05,161.0833333
kunumboko,-7.0166667,156.8
kunura,-8.85,160.7833333
kuraisau,-9.8333333,160.85
kuru,-9.45,160.3666667
kusumba,-9.5833333,159.7166667
kutakana,-6.95,157.0833333
kuva kei,-9.75,160.3833333
kuvamiti,-9.7,160.6166667
kwaa,-9.0166667,160.8
kwaiafaa,-8.4166667,160.6166667
kwaiana,-8.3833333,160.5833333
kwaiaroaro,-8.8333333,160.9166667
kwaifiu,-8.3833333,160.7166667
kwai,-8.75,160.95
kwailaua,-8.7666667,160.85
kwailibesi,-8.35,160.7666667
kwaimae,-8.75,160.7
kwaimbaambaala,-8.8833333,161.0333333
kwainaketo,-8.7833333,160.7
kwalakwala,-8.85,160.9833333
kwao,-8.8833333,161.1
kwene,-8.3333333,160.6333333
lache,-9.6666667,161.45
lageba,-8.4333333,159.8
laghira,-9.45,160.2
lajaka,-7.85,156.6166667
lalalo,-8.9,161.0833333
lalande,-8.3333333,160.5666667
lalao,-9.5833333,160.2666667
lale,-11.6166667,166.8
lali,-9.55,160.1666667
laloato,-9.8,160.25
laloeefou,-8.9333333,161.0333333
lamaa,-8.6833333,160.85
lambungasi,-9.6,159.6833333
lame,-9.6166667,160.2833333
langange,-8.4666667,160.8333333
langgoe,-8.4833333,160.85
langgo,-9.15,160.35
larimbaolo,-8.8333333,160.9
lata,-10.7166667,165.8333333
latina,-9.7833333,160.7166667
lauhavigha,-9.65,160.3
laula,-8.45,160.8
laulambeti,-9.7333333,160.3166667
lauvi,-9.8833333,160.4333333
lavanggu,-11.6666667,160.2666667
lavuro,-9.3166667,159.6
leaangeange,-8.6833333,160.9
leche,-9.6166667,161.5666667
leitango,-9.0,160.0666667
leleghia,-8.4,159.65
leleola,-9.7833333,159.9333333
lengatura,-6.9666667,157.1
lenggalei,-9.4166667,160.1333333
leovatu,-9.6666667,160.5666667
letuni,-7.35,157.15
levuka,-9.8,160.2166667
liangai,-7.5833333,156.5833333
lilisiana,-8.7666667,160.6833333
lipe,-10.2666667,166.2833333
litoghahira,-7.9,158.8
liufanithauthau,-8.3833333,160.7
liwe,-9.65,161.4666667
loalonga,-8.3833333,159.65
lochatana,-9.8166667,160.05
loghahaja,-8.0833333,159.4833333
logha,-8.0833333,156.85
loghasia,-9.75,160.1333333
loimboro,-9.4666667,160.3333333
loina,-8.3666667,160.7
lokiha,-8.4666667,159.85
lokuru,-8.5666667,157.3333333
lolinggi,-8.4166667,160.8
lolofoe,-8.45,160.6666667
lologae,-7.0666667,156.8
lololo,-8.5833333,160.9666667
lolomikilo,-7.0666667,157.1333333
longapolo,-9.1833333,160.35
loombola,-8.9166667,161.0333333
lotiloti,-7.8166667,156.6
lueselemba,-10.6666667,165.9333333
lughuvasa,-9.7833333,160.6333333
lugunabuli,-9.5166667,160.4833333
lukuvaru,-6.9333333,157.0666667
luluvato,-6.6666667,156.5666667
lumu,-9.6333333,160.65
lunga,-7.75,156.5833333
lunga,-9.4166667,160.0333333
lungua,-8.8833333,160.0166667
luti,-7.2333333,156.9833333
luvuna,-9.65,160.25
lwowa,-10.7333333,165.75
maanafaene,-8.4166667,160.6333333
maanafiu,-8.4333333,160.6833333
maaraara,-9.2833333,161.0666667
maariki,-9.5,161.3833333
maariwai,-9.3833333,161.1666667
maasupa,-9.2833333,161.25
mablosi,-8.3166667,159.5
madoa,-9.7666667,161.9166667
maeloboa,-8.3,160.8
maghati,-9.8,160.2
mahagha,-8.4666667,159.7666667
mahuto,-9.4,161.3666667
maimali,-8.4833333,159.6833333
maisinirae,-9.3666667,161.1666667
maka,-9.6,161.4
makambo,-8.3666667,157.85
makana,-9.6166667,160.3166667
makanapeo,-9.7333333,160.2833333
makaruka,-9.75,160.6
makarukar,-9.9166667,160.55
makina,-9.8333333,160.8166667
makorukoru,-10.8166667,162.2333333
makweunu,-8.3666667,160.8
malabague,-6.6166667,156.45
malaengari,-6.6666667,156.65
malagwasu,-8.7166667,160.85
malanjoru,-9.8166667,160.6666667
malapu,-10.2,166.2333333
malatawaa,-8.35,160.6666667
malatoha,-9.4833333,160.0666667
maleai,-7.1,155.85
malefomuu,-8.3666667,160.7166667
malemgeulu,-10.8333333,165.7166667
maliali,-9.0666667,160.1333333
malitawaniuhu,-10.35,161.6333333
maloaini,-7.3333333,155.6
malohu,-9.6666667,160.3
malo,-10.7,165.7333333
malombo,-11.2333333,166.5333333
malosu,-9.5166667,160.0166667
malue,-10.7,165.8166667
maluka,-9.4166667,160.1166667
malukuna,-9.6166667,160.0333333
mamako,-10.8833333,162.45
mamalade,-8.8,160.7666667
mamara,-9.4,159.8833333
mamatoa,-9.15,161.1166667
mami,-10.8333333,162.35
mamui,-9.2666667,161.25
mamulele,-8.7833333,160.9166667
manaba,-9.0666667,160.8166667
manakia,-10.5166667,162.0666667
manakukunu,-8.5,160.8166667
manakwai,-8.3333333,160.6166667
manambusu,-8.6166667,158.1166667
manchuki,-10.45,161.8666667
mandalua,-8.5,160.6833333
mandou,-8.3333333,157.1166667
maneade,-10.55,162.1333333
manegohere,-10.6166667,162.0666667
maneoura,-10.3,161.3666667
manevovo,-10.8166667,162.1833333
manewaro,-10.3166667,161.5833333
manewiriwiri,-10.4833333,161.9833333
manganakao,-9.5666667,159.65
mangapahu,-9.5666667,159.9666667
manggatarava,-6.8166667,156.5333333
manggautu,-11.4166667,159.9666667
manggo,-7.2833333,157.0833333
mania,-7.0166667,156.0
maniate,-10.4833333,162.0333333
manibokosi,-10.6833333,162.2666667
manifao,-8.3166667,160.6833333
manigai,-10.5666667,161.85
manihauhau,-9.25,161.2333333
manihauni,-9.2666667,161.2
manihinua,-10.4833333,161.85
manihusi,-9.3166667,161.1833333
maniiira,-9.1833333,161.2
manikiriu,-9.0666667,161.1666667
maniota,-9.1333333,161.1833333
mannu,-8.6,160.9833333
manoroti,-9.1333333,160.8666667
manuagere,-10.3,161.25
manuopo,-10.2833333,166.25
manupisu,-11.6833333,160.3833333
maoro,-8.8333333,160.7666667
maosiri,-9.25,161.2166667
maoto,-9.1666667,161.1833333
mapahisi,-9.45,161.25
marahovi,-9.6333333,160.55
marahuiraramua,-9.4,161.2166667
marahu,-9.35,161.15
maranuu,-10.2,161.4
maraone,-10.6,161.8833333
maraoni,-10.8,162.0
marapona,-9.65,161.4166667
marararo,-9.25,161.05
marasa,-9.75,159.7833333
marata,-9.3333333,161.2333333
marau,-9.8166667,160.85
maraunia,-9.7166667,160.75
maravari,-7.85,156.7
maravovo,-9.2833333,159.6333333
marisi,-7.5833333,156.6333333
maroghu,-10.6333333,161.6333333
marokafo,-8.4,160.7166667
marou,-9.4666667,161.4666667
maroumasike,-9.3166667,161.25
marui,-9.4166667,160.1833333
maruiraru,-9.3,161.0666667
maruitaro,-9.3,161.0333333
marumu,-9.4833333,161.25
marupo,-9.2833333,161.2166667
masiu,-9.2666667,161.0333333
masoko,-10.7666667,165.9166667
masugologo,-9.9,160.55
matahenua,-11.2833333,159.7833333
matakachi,-9.65,159.6666667
matanaso,-9.7666667,159.9
matanganakafo,-8.4666667,160.8666667
matangga,-9.6666667,160.25
matango,-9.7166667,160.7333333
matanikao,-9.4333333,159.9666667
matari,-9.4166667,161.2333333
matasere,-9.5666667,159.6333333
matlava,-9.9,160.7166667
matoni,-9.4166667,161.25
mavaina,-9.8,160.3833333
mawa,-9.0666667,160.8
mbakua,-9.7333333,160.6166667
mbalafai,-8.8166667,160.9333333
mbalola,-9.1,159.8
mbambandeha,-9.6666667,160.1166667
mbambareilonga,-9.4333333,159.85
mbambasu,-9.7,160.7166667
mbanga,-8.3,157.2166667
mbanone,-8.2666667,157.1
mbaole,-9.6166667,160.1
mbarakongga,-9.9166667,160.6666667
mbarambou,-9.4666667,160.1833333
mbarana,-9.4666667,159.9666667
mbaranasia,-9.6166667,160.6166667
mbareho,-8.5666667,157.8166667
mbazo,-9.1,159.8333333
mbea,-9.4833333,160.3166667
mbeghovila,-9.55,160.25
mbeghovuvudha,-9.5666667,160.3666667
mbekambeka,-8.7333333,158.2166667
mbelaha,-9.4833333,160.0333333
mbelambela,-9.7833333,160.2333333
mbelapita,-9.7666667,160.6
mbelasara,-9.45,160.4166667
mberechoa,-9.9,160.5333333
mbetilonga,-9.55,159.9833333
mbetini,-9.5833333,160.5833333
mbetivaolu,-9.45,160.0
mbiche,-8.8166667,158.2
mbisuana,-8.5166667,158.1
mbiula,-8.25,157.4333333
mboeni,-9.5333333,160.4666667
mboko,-9.6333333,160.6666667
mbola,-9.1333333,160.2333333
mbona,-9.1,160.8333333
mboranaho,-9.7166667,160.4833333
mboringo,-8.4666667,157.4
mbuasavia,-9.7833333,160.55
mbughetu,-9.6666667,160.5333333
mbuini tusu,-8.4833333,157.9
mbulo,-9.5833333,160.6166667
mbuluminjua,-9.5166667,160.0666667
mbumbualala,-9.6166667,160.4333333
mbumbukembe,-9.65,160.4
mbumbukolo,-9.7,160.4
mbumbumaraho,-9.6166667,160.4666667
mbumbupanapana,-9.7166667,160.6333333
mbumbutasi,-9.6333333,160.3666667
mbuombuo,-8.95,161.1166667
mburaki,-8.4833333,160.7333333
mburuku,-8.4333333,157.4
mbuturua,-9.85,160.5166667
menakasapa,-8.0166667,157.3833333
menamini,-10.85,165.7333333
menelu,-10.6833333,165.85
mengasanga,-6.6833333,156.6
menighagha,-9.4833333,160.35
mereka,-9.0333333,160.0833333
mogarege,-8.1,159.55
moira,-8.8166667,160.95
mole,-6.8333333,156.5333333
moli,-9.7166667,161.9666667
momolu,-9.45,160.1833333
mondomondo,-6.65,156.6166667
mongga,-7.9,156.9666667
mongga,-9.5666667,159.6666667
monggo,-8.55,159.8666667
mota,-9.75,161.9666667
motombulu,-9.4166667,160.05
muana,-8.3166667,159.55
mulusu,-6.9833333,157.1166667
munda,-8.3166667,157.25
mundimundi,-7.6833333,156.5
mwaniache,-9.6666667,161.5666667
mwanimaoru,-10.4666667,161.85
mwanipua,-10.2833333,161.7666667
mwarada,-9.8,161.9333333
mwarairaru,-10.8,162.2666667
naana,-10.65,162.2
naatilo,-8.2333333,159.5666667
na chei,-9.8666667,160.6
nadi,-8.35,160.7833333
nafinotoga,-10.85,162.4666667
nafinua,-8.7333333,160.9166667
naganea,-10.6166667,162.15
naghatare,-10.5333333,162.1
naghighi,-10.6,162.1333333
nagholau,-8.4333333,159.8166667
nagho,-9.0333333,160.1166667
naghotano,-8.9,159.9666667
nahahau,-10.5166667,162.1166667
na haimbau,-9.7,160.4833333
na hambu,-9.8,160.5
na homba,-9.9,160.5666667
naho,-9.8833333,160.5
na kambi,-9.7,160.3666667
na kili,-9.9333333,160.6
na koilo,-9.75,160.4833333
na kongga,-9.8666667,160.5166667
nakuhu,-10.5666667,162.15
na kule,-9.85,160.4333333
na kuma,-9.8,160.65
nakutei,-10.4833333,161.8666667
na lame,-9.7666667,160.3333333
nala,-9.6166667,160.0
nalitata,-9.5166667,160.1166667
namakohigho,-10.5333333,162.0166667
nama,-11.6166667,166.7833333
namania,-10.2666667,166.25
namarako,-8.8833333,160.7666667
namarango,-10.5,162.0333333
namasi,-10.6333333,162.05
namaturi,-10.6166667,162.05
na mbakero,-9.6833333,160.2666667
nambare,-9.0,161.0333333
na mboneta,-9.8,160.7
na mbulonggato,-9.7833333,160.6833333
nambusasa,-7.1166667,156.85
namoanabaola,-8.7166667,160.7166667
namoirora,-9.1333333,161.0833333
namom blou,-10.3166667,166.25
namonahote,-9.2666667,161.1166667
namo na kerengandi,-9.7333333,160.35
namonambosa,-9.6666667,160.2666667
namongali,-9.35,159.8166667
namosambagha,-9.7333333,159.9
namosina,-8.7166667,160.8833333
nanakeni,-8.9333333,161.0833333
nanepe,-10.6666667,162.1333333
na nggeu,-9.7666667,160.7
naonatala,-8.8666667,161.0666667
na palulu,-9.7333333,160.5166667
naparaohau,-10.6,162.1666667
naparaoinawa,-10.5,162.1
naparasusu,-10.65,162.1333333
napasiwai,-10.8333333,162.1
na poli,-9.7833333,160.5666667
narano,-10.5833333,162.1333333
narihasi,-9.4833333,161.2666667
narioriori,-9.4666667,161.4166667
narohei,-10.75,161.8333333
naro,-9.3,159.6166667
narowai,-7.75,156.75
naruka,-10.8333333,162.3166667
naruo,-7.6333333,158.35
nasuragena,-10.7833333,162.2666667
natagere,-10.8333333,162.4833333
nata,-9.0833333,160.2166667
na tita,-9.8333333,160.4
na vatali,-9.8833333,160.5666667
na vaundalo,-9.7,160.5666667
na vila,-9.6333333,160.4333333
na vura,-9.6833333,160.2833333
naworihu,-10.5166667,162.1
na wosi,-10.7333333,161.8
nazareth,-8.25,157.1333333
ndaimbangara,-8.1,157.0833333
ndala,-9.0333333,160.1
ndandae,-9.55,160.2833333
ndandala,-9.15,160.2666667
ndaulahasi,-9.8,160.8
ndovele,-7.6166667,156.6166667
ndumule,-8.4333333,160.6333333
ndunde,-8.3166667,157.2833333
nea,-10.8333333,165.7833333
nele,-10.7,165.7666667
nemboe,-10.8166667,165.7833333
nene pungupungu,-9.4333333,160.45
nevea,-10.6833333,165.8166667
new chiri,-9.4333333,159.8166667
new manra,-8.1,156.8166667
new mbambaraho,-9.6333333,160.4833333
new tenambuti,-9.5,160.3666667
ngadaifiu,-8.8166667,160.9166667
ngadefiu,-8.7833333,160.7166667
ngaimambulumbu,-9.5,159.6166667
ngaliabu,-8.6833333,160.7166667
ngaliae,-9.6833333,160.65
ngalikasiu,-9.3166667,159.7833333
ngalikomba,-9.4166667,160.2833333
ngalikonare,-8.65,160.85
ngalikwasi,-8.4166667,160.7333333
ngalimarasa,-9.8,160.3
ngalimera,-9.45,160.1333333
ngalinggonu,-9.7833333,159.9833333
ngalipeule,-9.8166667,160.1333333
ngalitalo,-8.4666667,160.65
ngalithakali,-8.35,160.75
ngaliturara,-9.7833333,160.0666667
ngalivoli,-6.6,156.5
ngalivungambau,-9.7333333,160.3666667
ngalivuria,-9.8166667,160.1833333
ngariaura,-10.3166667,161.3666667
ngaringari,-6.85,156.5666667
ngautu,-9.2666667,159.6333333
ngganggalu,-8.4166667,160.6
nggaulaiatoo,-8.9166667,160.9333333
nggesa,-9.5166667,160.3833333
nggeukama,-9.4166667,160.0
nggoma,-6.9666667,156.7333333
nggonanakiki,-6.9666667,157.1166667
nggonopoto,-9.4166667,159.9333333
nggoraembara,-7.3,157.1
ngguluvoa,-9.7333333,159.8
nggumu,-9.05,160.2166667
nggwauafa,-8.3833333,160.6833333
nggwaunaire,-8.95,161.0666667
nggwaunaloi,-8.85,160.8
ngongosila,-8.7666667,160.95
ngorangora,-10.4333333,161.8833333
ngulangana,-7.1833333,156.9
ngurengure,-8.3166667,157.8166667
nifaro,-8.3333333,159.5
niina,-9.2333333,161.05
nikomaroro,-7.45,157.7333333
nila,-7.0833333,155.8666667
nimaniaihura,-9.3833333,161.3
nio,-6.8666667,156.9833333
nitauhi,-9.45,161.4333333
niughaghalo,-8.9833333,160.1166667
niumakani,-9.6666667,160.4833333
niupani,-11.7166667,160.4
niu pilesi,-9.6333333,161.4666667
njeilao,-9.3666667,159.7833333
noka,-10.6666667,166.0
noli,-10.8666667,165.8
nomie,-10.85,165.8333333
nonea,-10.8833333,165.8166667
noroiru,-9.2833333,161.05
noronaho,-9.4333333,161.2333333
noro,-8.2166667,157.2166667
noto,-9.8833333,160.4833333
nuatambu,-7.1333333,157.1666667
nudungi,-10.7166667,165.7833333
nuela,-10.6666667,165.9
nuhu,-7.1,155.8
nuhu,-9.3666667,159.5833333
nukiki,-6.7666667,156.4666667
numbuko,-11.65,166.9166667
numbu,-9.5,160.3333333
nunuasi,-9.4666667,161.35
nunughu,-9.4833333,160.4166667
nunulafa,-8.6666667,160.85
nusambaruku,-8.1,156.8333333
nusa roviana,-8.3333333,157.3166667
oa,-9.9,160.7333333
oau,-9.4333333,161.4
ocili,-11.6833333,166.95
oesambe,-7.4,157.35
ofio,-8.4333333,160.7666667
ogho,-6.7666667,156.7666667
ohena,-9.35,161.2333333
ohumae,-9.3333333,161.1333333
oiamaama,-9.1166667,161.2166667
oiawaa,-9.4166667,161.2
oieke,-9.1833333,161.2333333
oinihaa,-9.1666667,161.1166667
oio,-9.1,161.2166667
oipuru,-9.3666667,161.1833333
oirousu,-9.1666667,161.0833333
oitomu,-9.3,161.2333333
okeoke,-10.5833333,161.9
okiani,-9.4166667,161.4166667
old case,-9.55,160.15
old chuva,-9.5166667,160.1833333
old haimatua,-9.85,160.4
olelavata,-8.15,156.6166667
oloha,-9.7,161.5166667
olokesi,-9.5666667,160.6
ololo,-8.4333333,160.65
olomburi,-8.9833333,161.1333333
omba,-9.4666667,160.1333333
onebia,-10.3166667,161.35
onehatare,-10.35,161.45
onemae,-8.7166667,160.6666667
onggaongga,-9.6833333,160.5333333
onggou,-8.8333333,160.9666667
oomatawa,-9.6166667,161.45
oo,-9.4833333,161.4
ootenimae,-9.3,161.1166667
opi,-8.5,159.7833333
opoopo,-9.3,161.05
osinakaro,-9.8833333,160.65
oteiora,-9.3666667,161.2833333
ote,-9.6333333,161.55
oteote,-9.2166667,161.0
oula,-7.7833333,156.5833333
ou,-8.6166667,157.2666667
paa,-10.4833333,162.0833333
paarai,-9.1166667,161.1833333
paele,-7.1666667,156.9
paena,-9.1166667,161.2333333
paeva,-8.7833333,158.2333333
pakenggosu,-7.0166667,157.1166667
palaina,-7.9666667,156.55
palasuu,-9.7166667,161.5333333
palolu,-8.95,160.05
pamua,-10.4,161.7333333
panatina,-9.4333333,160.0
pandii,-7.0666667,156.8166667
panggoe,-7.0,157.1166667
panuha,-10.7,161.6833333
papalaha,-9.6166667,161.55
papara,-7.15,156.8833333
papipao,-9.5333333,160.3666667
paraakai,-9.0333333,161.1666667
paramata,-7.75,156.55
parapara,-7.9833333,156.95
parasana,-6.9833333,156.75
paraso,-7.6166667,156.65
pareomane,-9.2333333,161.0166667
parina,-9.6,160.1666667
pasifatoga,-10.85,162.3333333
patupaele,-7.95,156.95
patura,-9.6333333,160.5166667
patutiva,-8.55,157.8833333
patuvendi,-7.2,156.9833333
paura,-9.1166667,161.2
pauro,-9.1666667,161.25
pauru,-7.2166667,157.0
pelekea,-9.8,160.6166667
penjuku,-8.7666667,158.1333333
peonakake,-9.8833333,160.6833333
peonavula,-9.8666667,160.6666667
pepele,-8.05,156.9666667
pereoi,-9.1333333,161.2166667
piatarau,-9.1166667,161.1
pichahila,-9.8666667,160.55
pilo,-8.5333333,159.8166667
pilopilo,-8.1166667,156.6166667
pimandara,-6.85,156.55
pinau,-9.7166667,160.6166667
piphirina,-8.2166667,159.6333333
piregha,-8.4,159.7166667
pirumeri,-7.0833333,155.8833333
poepoe,-9.0333333,161.2
poinanggela,-9.6166667,160.15
polisongona,-8.1666667,156.6166667
polo,-6.6833333,156.6666667
popoheo,-8.0833333,159.5333333
poponaia,-9.1666667,161.15
poponaire,-9.1166667,161.1666667
porapora,-6.6666667,156.4166667
posaposara,-6.8333333,156.55
posarae,-7.35,157.2333333
potaniuu,-9.45,161.3333333
pou,-9.5333333,161.5
pui,-9.5166667,160.3333333
pululaha,-9.6333333,161.4
pulu,-9.5166667,161.5
pupuanakeni,-9.8,160.8166667
pupuku,-6.7833333,156.7833333
puputa,-9.4666667,160.35
purakiki,-9.8666667,160.7833333
puralava,-9.7833333,160.75
puratao,-9.7833333,160.3333333
putukora,-8.3333333,159.85
pweu,-9.6666667,161.5166667
raa,-10.75,161.8166667
rabu,-9.5,160.4666667
rabuta,-8.7833333,160.9
radefasu,-8.8166667,160.7166667
raeao,-9.1333333,161.2
ragapu,-10.8833333,162.4333333
raja,-8.35,159.8333333
rambunggaula,-9.7,160.7
rameai,-8.4,160.7833333
ramomaini,-9.5,161.2666667
ranongga,-8.0666667,156.5333333
rano,-8.6166667,157.3333333
raputete,-9.15,161.2166667
rarafata,-8.7333333,160.9
rara,-9.0,160.2333333
rararo,-9.4333333,161.3833333
rariaoa,-9.15,161.2
rarumana,-8.2,157.0166667
rasa,-8.4333333,159.7666667
rata,-9.2333333,161.25
ratei,-9.1333333,161.1166667
raueeta,-9.3333333,161.2
raukerere,-9.7,159.7
raurasua,-9.3166667,161.2166667
rautalu,-9.55,160.4333333
ravu,-8.95,160.1
ravu sondu ulu,-8.9666667,160.1166667
reghi,-8.3833333,159.8166667
reva,-7.6916667,156.5
riimairuu,-9.1833333,161.0
ripo,-9.7666667,161.9333333
riusoru,-8.25,159.6833333
riverside,-9.5833333,161.4166667
roapu,-9.65,161.5666667
rokai,-8.7333333,161.0
rongokwere,-8.5333333,160.8666667
rongolegu,-7.7,158.8
rongoleilei,-9.7333333,161.9666667
roone,-9.6,161.55
ropa,-7.2,157.2333333
rorongo,-9.5666667,161.4666667
roroni,-9.45,160.2333333
rota,-9.7166667,161.55
rove,-9.4166667,159.4333333
ruavatu,-9.4666667,160.4
rukutu,-8.5166667,158.05
rumahui,-10.3166667,161.2666667
rumatari,-10.4833333,162.1
ruravai,-7.3666667,157.3
saa mission,-9.7166667,161.5833333
sabonau,-9.7833333,159.85
saghavua,-9.7833333,160.1
sagheraghi,-8.0333333,156.7666667
sagigai,-6.95,156.7
sahasahakama,-9.6,160.0833333
saira,-8.75,157.9666667
sakosi,-8.55,160.9
salamarao,-9.6833333,160.3666667
salesapa,-9.1166667,160.35
samaria,-8.5166667,160.85
samasodu,-8.0,158.9333333
sambani,-8.8666667,160.0
sambira,-8.1166667,157.0666667
sambora,-7.9333333,156.6833333
sanggasere,-9.9,160.7
sani lae,-9.6166667,160.55
sani lumu,-9.5833333,160.55
saofura,-8.8166667,160.8
sape,-9.45,160.15
saranamola,-6.9,157.0
sarananggaule,-8.4,160.6166667
sarawasi,-9.55,161.4
sarelata,-7.0833333,157.0333333
sariana,-6.75,156.7
sasaghana,-8.5,157.9833333
sasamungga,-7.0333333,156.7833333
sasatora,-8.2666667,159.7166667
sasavele,-8.3,157.35
sauri,-9.8,160.3166667
sava,-9.9,160.75
savekau,-9.7833333,160.7833333
savolo,-9.6333333,160.3
seba,-8.15,159.6
seghe,-8.5666667,157.8833333
serulando,-7.8833333,156.6
sesedo,-8.4666667,159.75
seve,-9.55,160.5666667
siarana,-9.1666667,160.2166667
siarara,-9.2833333,161.1166667
sia,-6.8,156.85
sigana,-8.5,159.8666667
sighosapa,-9.1,159.7833333
siinamuo,-9.0166667,161.1666667
sikopisu,-8.2166667,159.55
silighodu,-8.2666667,159.6166667
silolo,-8.35,160.6833333
simbesimbe,-6.65,156.4166667
simbilando,-7.6833333,156.7
sinalanggu,-8.8833333,161.0833333
singgilia,-9.7,160.6666667
siodjuru,-9.7666667,161.9666667
siota mission,-9.05,160.3166667
siro,-8.9833333,160.0666667
sirukia,-7.1,155.7666667
sita,-8.8166667,160.7333333
sobelia,-7.1,155.75
soga,-8.3166667,159.7
soghati,-9.6,159.7333333
sombiro loka,-8.7333333,158.2
soso,-8.9,160.0166667
sualakeke,-8.3166667,159.8
suavanao,-7.5666667,158.7333333
suena,-10.2166667,161.7333333
suhu,-9.7833333,160.8166667
suilonggolonggo,-9.7166667,160.35
suindaraa,-8.3666667,160.5833333
sukiki,-9.9333333,160.6166667
suliliu,-8.9333333,160.7333333
sulimuni,-8.0333333,157.1833333
sulione,-8.4166667,160.8333333
suma,-8.4333333,159.7
sunahavi,-9.6,160.0
sunangauli,-8.4,160.65
sunasau,-10.2833333,161.75
sungina,-9.5,160.05
suputovu,-9.5833333,160.3
suramani,-9.2,161.15
suruaharau,-10.3333333,161.4166667
susubona,-8.3,159.45
susuka,-6.85,156.9166667
susu,-9.5333333,160.5666667
suumatahu,-9.8166667,160.8
suunanila,-8.55,160.6833333
suurawa,-9.2,161.2166667
suurii,-9.6,161.3833333
suu,-9.1666667,160.9333333
suva,-8.55,159.85
taalulolo,-8.9,160.75
tabaa,-8.7333333,160.8666667
taba,-9.2666667,159.6666667
tadahadi,-8.25,159.5833333
taepe,-10.6666667,165.95
taeriara,-9.1666667,161.1666667
tafala,-8.1833333,159.5166667
tafukoe,-8.5166667,160.9
tafunaama,-8.3666667,160.6833333
tagatalau,-8.7333333,160.7333333
tagongga,-9.4666667,159.6166667
taheramo,-9.7166667,161.95
takamboro,-9.2833333,159.75
takatakati,-9.7,159.7166667
takopikopi,-9.1,160.2333333
talaura,-9.4,160.2833333
talise,-8.4666667,159.6333333
taloa,-9.7166667,159.7666667
tamami,-9.5333333,159.6
tambakokomu,-9.4166667,160.0166667
tambalia,-9.2833333,159.7333333
tambama,-7.55,156.5833333
tambelusu,-9.55,160.1833333
tambili,-9.7833333,160.1166667
tambunambulo,-9.8333333,160.4833333
tametame,-10.5,162.05
tanabou,-8.3833333,159.75
tanabuli,-8.3833333,159.8
tanamo,-9.7,160.1833333
tanapoi,-9.6833333,160.2333333
tanatete,-9.6833333,160.2
taora,-7.4,157.4833333
tapaatewa,-9.6,161.4333333
taraoto,-10.7166667,161.7666667
tarekacho,-6.65,156.5166667
tarosi,-10.2,161.3166667
taruvana,-6.8333333,156.8833333
tasia,-8.1333333,159.6166667
tasile,-8.2833333,159.7833333
tasisi,-8.5166667,160.8666667
tasi,-9.5833333,160.0166667
tasule,-9.6833333,159.7333333
tasure,-7.2,156.9333333
tatamba,-9.7666667,160.6833333
tatambiri,-8.5666667,158.1333333
tatatu,-9.5833333,160.35
tauba,-8.3,160.7333333
tavulea,-9.0833333,160.35
tavutisakai,-9.5666667,160.3166667
tawahaule,-9.6833333,161.5
tawaiabu,-10.2,161.2833333
tawai mare,-9.2,160.9666667
tawainupu,-9.1333333,161.1666667
tawairoi,-9.6,161.3666667
tawanaora,-9.3666667,161.3
tawanisitoo,-9.7666667,160.8166667
tawani,-10.45,161.9333333
tawaraha,-10.35,161.4333333
tawarodo,-10.2666667,161.7666667
tawaroga,-10.7333333,162.2833333
tawasubwe,-10.2166667,161.4333333
tawasu,-10.4666667,162.05
tawatana,-10.1833333,161.3666667
teatupa,-9.5166667,160.25
telina,-8.5166667,158.0666667
temuo,-11.7,166.9833333
tenakaro,-9.4333333,160.1
tenatelidhe,-9.4833333,160.3666667
teneru,-9.4333333,160.0833333
tetemara,-8.4833333,157.7333333
tetenimae,-9.2666667,161.2333333
tetere,-10.4166667,161.4666667
tholana,-8.15,159.6333333
tinakle,-8.3666667,159.6833333
tinggoa,-11.85,160.6333333
tinomeat,-9.5833333,160.1333333
tirognuli,-8.2333333,159.7166667
tirokou,-8.3333333,159.5666667
tirotongna,-8.1666667,159.6166667
tiuni,-8.6,160.75
toa,-9.15,160.3833333
toeleghu,-8.25,159.5166667
tofie,-8.5666667,157.35
toghasalo,-8.2,159.6333333
toghasa,-9.6333333,160.3166667
tolugulu,-8.2833333,159.7166667
toma,-6.9833333,156.0833333
tombe,-8.5,157.7333333
tongona,-9.4333333,159.8333333
torapareo,-9.3666667,161.15
torapora,-9.1333333,161.1333333
toriheo,-9.4666667,161.45
toriowango,-10.3,161.5666667
torohane,-9.3166667,161.15
tuaninamo,-9.65,160.2166667
tuaria,-9.5666667,160.3
tuavarava,-9.4833333,160.2833333
tuhungganggo,-11.7333333,160.3833333
tuhurutolu,-9.6,160.05
tumanggulu,-9.6,160.6
tumuligahu,-9.0,160.15
tuotungo,-8.4,159.7
tuo,-10.2666667,166.2333333
turi,-9.6666667,160.2
tusamine,-8.0333333,157.6
tutuva,-9.4333333,160.1166667
ubuna,-10.1833333,161.35
uhu,-9.5333333,161.2833333
uluambolo,-9.7833333,160.4833333
umara,-10.2333333,161.7166667
ungalesi,-9.4666667,160.3833333
uradaue,-8.4666667,160.85
ura,-8.8,160.7333333
uruilangi,-8.75,161.0333333
usuusue,-8.5,160.9166667
uula,-8.65,160.7333333
uura,-9.3166667,161.1666667
uvea,-11.5333333,159.9666667
uzamba,-7.8833333,156.7
vagara,-6.9333333,156.7
vaholia,-8.55,159.8166667
valasi,-9.7,160.5166667
valearanisi,-9.7666667,160.05
valechacha,-9.1,160.0
valekeo,-9.6166667,160.4166667
valemano,-9.75,160.35
valembaimbai,-9.6666667,160.1333333
valembolo,-9.7166667,160.2833333
vale muse,-9.6833333,160.45
vale na koko,-9.6833333,160.4833333
valesala,-9.65,160.1833333
valesule,-9.6833333,160.1166667
valevaghalo,-9.75,160.05
vambahunu,-9.6833333,160.5666667
vana,-11.6,166.8
vanga,-7.05,156.8
vangavanga,-6.9,156.6833333
vanggoso,-7.0666667,156.8333333
vanikolo,-11.6166667,166.9666667
varadaki,-8.3,159.6
varanitu,-8.15,159.55
variana,-9.45,159.6
vasavarangge,-9.4166667,159.8666667
vatavi,-9.1666667,160.2833333
vatualae,-9.8666667,160.5
vatupura,-9.0333333,160.2833333
vatusii,-9.3333333,159.8
vatutaranggau,-9.8,160.1
vatuteko,-9.7,159.7833333
venga,-10.7333333,165.7333333
veralava,-9.7833333,160.6166667
veralengga,-9.7666667,159.8
verambou,-9.6166667,160.2666667
veranggono,-9.5666667,160.2833333
veraulia,-9.7166667,159.8666667
veravolia,-9.7666667,160.8833333
vivili,-8.2166667,159.4833333
voliemba,-9.8166667,160.3666667
voloa,-9.0666667,160.15
vonu,-9.7833333,160.8
vori,-7.95,156.5333333
voza,-6.8833333,156.65
vughoe,-7.1666667,156.8833333
vugolonga,-9.6,160.3333333
vularu,-8.5,159.8
vunjimbuli,-9.75,160.5833333
vunuha,-9.1833333,160.2333333
vuranembonembo,-9.6666667,160.1
vuranimala,-9.1666667,160.3166667
vura,-9.0166667,160.2
vure,-7.2666667,157.3166667
vuturua,-9.1666667,160.3833333
waihii,-9.6666667,161.5
waiiripo,-9.4166667,161.4
waimapuru,-10.4333333,161.8
waimarae,-10.2166667,161.45
waimarau,-9.5666667,161.3333333
wainaworasi,-10.7833333,161.9166667
wairadina,-9.0333333,161.1833333
wairaramua,-9.25,161.1833333
waisiri,-9.15,161.1333333
waitao,-9.4166667,161.3833333
waitara,-9.1833333,161.1
wakio,-10.8333333,162.3
wakora,-10.7666667,161.85
walade,-9.5166667,161.5166667
waloabu,-8.45,160.8666667
wataro,-7.6916667,156.5166667
wawarioke,-9.35,161.1166667
wugiroga,-10.6,161.8666667
zambanarungga,-7.2,157.2833333
zaru,-7.0333333,157.1166667
ziata,-8.2666667,157.2333333
zongga,-7.3333333,157.1333333
