abailah,24.2666667,56.15
abal,24.4333333,56.05
abat,22.5505556,59.3280556
abayah,23.1752778,58.8141667
abbasah,23.9166667,57.2166667
ablah,23.1683333,56.9091667
abu abali,23.7711111,57.6769444
abu akaisha,21.4,59.2833333
abu al hisn,23.7802778,57.6352778
abud,24.5488889,56.1013889
abu durus,24.1961111,56.8741667
abu nukhayl,23.7055556,58.015
abu qalah,22.5455556,59.5063889
abu qarayt,26.1741667,56.2763889
abu rumaila,17.4,53.9166667
abyad,23.4613889,57.665
adaakham,17.1791667,54.3838889
adam,22.3833333,57.5333333
adanham,17.1775,54.3702778
ad daffah,22.2930556,59.8205556
addah,22.5997222,59.2688889
ad danah,25.7683333,56.1969444
ad dar,23.1725,57.6705556
ad darayn,26.0969444,56.1952778
ad dariz,22.5836111,58.6830556
ad dariz,23.3119444,56.6147222
ad das,23.2391667,57.5352778
addas,25.8586111,56.3672222
ad dawaniq,24.5827778,56.5563889
ad duwaykah,23.6986111,58.0372222
adheet,17.1905556,54.5330556
adhjoord,17.1366667,54.3833333
afa,23.2366667,58.8969444
afi,23.4444444,57.8044444
aflaj,22.3822222,58.2127778
aflaj,23.595,57.9930556
afranji,23.4475,56.2222222
aged,20.5666667,58.8166667
agyaan,17.1691667,54.2166667
ahyawf,17.125,54.4305556
aimus,26.0394444,56.3883333
aini,25.8483333,56.1716667
aiyuun,23.5166667,56.9166667
ajib,24.7777778,56.2897222
ajma,23.0702778,58.6144444
ajran,24.0333333,56.1666667
ajreezi,17.1422222,54.4466667
akbul,24.4833333,56.0666667
akkad,17.0033333,54.0377778
akroont,17.1191667,54.3338889
aktam,23.8963889,56.565
akur,23.44,57.3205556
al ababah,23.0252778,57.6677778
al ablah,24.1,56.45
al abyad,23.0205556,57.5222222
aladan,23.4380556,57.6711111
al adhfayn,22.5677778,59.1113889
al afifah,24.4111111,56.7047222
al afrad,23.8336111,57.4480556
al ahjal,23.45,56.8833333
al ahmadi,22.4286111,58.0177778
al ahramiya,24.6172222,56.0269444
al ajal,23.2663889,57.2677778
al ajal,23.4927778,57.9494444
al akhdar,23.2225,56.4616667
al akhri,23.8,56.7666667
al ala,23.0719444,57.1311111
al alayah,23.3927778,57.435
al aliyah,22.9236111,58.0544444
al amarat,23.5241667,58.4975
al ambah,23.2713889,57.3288889
al amirah,24.15,56.4166667
al aqabah,25.9327778,56.4086111
al aqar,23.0722222,57.6666667
al aqariyah,23.3258333,56.3866667
al aqir,23.7797222,56.6211111
al aqli,23.8086111,56.7713889
al aqud,23.4597222,57.3111111
al araqi,23.2802778,56.5363889
al arid,23.4313889,56.6266667
al arkub,25.8138889,56.3055556
al asansar,23.7166667,56.9
al ashkhara,21.85,59.5666667
al ashkhar,23.0408333,58.7016667
al ashqar,24.3166667,56.1333333
al ashtana,26.0927778,56.2113889
al asrar bani sad,24.5908333,56.55
al asrar bani umar,24.6052778,56.5416667
al awabi,23.3061111,57.5311111
al awaya,17.8833333,53.05
al awaynat,23.2108333,57.6622222
al awhi,24.3958333,56.6702778
alayah,23.3766667,57.8225
alayat dank,23.5525,56.2808333
alayat misfah,22.9694444,58.2952778
alayat samail,23.3,57.9833333
al ayinah,23.0625,57.9480556
al ayn,23.0725,57.6625
al ayn,23.1397222,57.8436111
al ayn,17.0830556,54.0316667
al aynayn,22.6666667,58.0333333
al ayr,23.2136111,57.4594444
al ayshah,23.0411111,57.1427778
al bajariyah,23.5333333,58.5166667
al banah,23.2836111,56.8936111
al barmiyah,23.3894444,57.6627778
al basatin,23.3219444,57.0280556
al bataykhi,26.1963889,56.2794444
al batin,22.4702778,59.1066667
al bayd,23.4680556,57.6608333
al bidah,23.8311111,57.475
al bidayah,23.1547222,57.7380556
al bilad,26.2180556,56.4586111
al birak,26.1058333,56.3316667
al bir,23.2191667,57.4413889
al bir,23.3730556,57.9727778
al budaah,23.1372222,58.4013889
al budayah,23.8952778,57.2361111
al bulaydah,24.8416667,56.4172222
al bulaydah,22.0058333,59.3547222
al burayk,23.9441667,57.1608333
al buraymi,24.25,55.75
al burj,17.4,53.9
al burj al saliya,17.9166667,53.5166667
al burr,23.2236111,57.3230556
al bustan,23.57,58.6138889
al but,26.1191667,56.3361111
al buwayt,26.0486111,56.1952778
al buwayzi§a,23.06,57.9544444
al darai,26.1536111,56.2616667
al fai,24.7627778,56.1688889
al fala,23.2055556,58.9655556
al falaj,23.7161111,56.905
al farfarah,23.4122222,58.09
al fida,23.5,56.4833333
al fiduk,26.0283333,56.3608333
al frian,26.2316667,56.41
alfton,17.1383333,54.0772222
algema,26.0044444,56.2675
al ghaba,23.0894444,57.735
al ghabah,21.5,57.3333333
al ghabbi,22.4461111,58.8130556
al ghabbi,23.2713889,56.5275
al ghabirah,23.2466667,57.3736111
al ghadifah,23.9841667,56.4897222
al ghafat,22.9833333,57.1333333
al ghalail,23.1188889,57.5775
al ghalilah,22.6311111,59.4375
al ghalil,25.8894444,56.3458333
al gharir alayah,23.1025,57.5569444
al gharir sufalah,23.0980556,57.5533333
al ghashbah,24.3947222,56.69
al ghawr,23.2247222,57.3222222
al ghaya,17.5666667,53.7166667
al ghayl,23.4555556,57.5922222
al ghayl,22.7858333,59.1391667
al ghayzan,23.8094444,56.9822222
al ghomb,22.7997222,59.1763889
al ghu,23.8252778,57.4847222
al ghub,23.7030556,56.9080556
al ghubar,20.95,56.7666667
al ghuf,23.1522222,57.7769444
al ghulaylah,23.8602778,57.3591667
al ghuraifa,23.9883333,56.4858333
al ghushayn,23.7677778,56.67
al ghuwaysah,24.1741667,56.8616667
al ghuwayz,23.76,56.7791667
al habalayn,26.1519444,56.3277778
al habayla,26.0961111,56.2391667
al habubiyah,23.2713889,58.7516667
al hadd,24.4922222,56.5866667
al hadd,22.5230556,59.7888889
al hadd,26.1155556,56.1863889
al hafah,16.9833333,54.1166667
al hajar,23.0658333,57.95
al hajir,23.2611111,57.2822222
al hajir,23.2719444,58.9077778
al hajr,23.3997222,58.5163889
al haju,22.7591667,58.6511111
al hajul,23.8202778,56.6086111
al hamiliyah,24.725,56.4552778
al hamra,22.9666667,57.3
al haqq,23.0961111,57.7586111
al haqq,23.15,57.8166667
al haqt,26.1180556,56.2608333
al harah,26.0994444,56.1458333
al harat,26.1705556,56.2094444
al harfiyah,26.1347222,56.1936111
al harmaliyah,23.665,56.9261111
al harmuzi,23.6061111,55.9311111
al hasaifin,24.6322222,56.5280556
al hasan,23.4458333,57.6327778
al hashimi,23.9461111,56.3908333
al hatm,20.4616667,58.7819444
al hawmaniyah,23.4233333,56.7625
al hawshak,26.01,56.2058333
al hawz,24.5955556,56.5472222
al hayl,23.2147222,57.0136111
al hayl,23.7,56.2666667
al hayr,25.7775,56.2444444
al hazm,23.5513889,57.4736111
al hazm,22.7122222,58.5094444
al hi±ajar,23.5166667,58.35
al hibra,23.4961111,57.8308333
al hijal,23.4333333,56.6333333
al hijar,23.2247222,56.4736111
al hijir,23.2041667,57.5113889
al hijrah,23.3322222,57.0283333
al hijr,23.2819444,56.9227778
al hilyah,22.7833333,57.8166667
al hin,23.3238889,58.2258333
al hishmah,23.9338889,56.42
al hisn,23.0836111,58.8666667
al hisn,22.9811111,58.5355556
al hiyal,23.4922222,57.0061111
al hothera,24.5333333,56.0833333
al hub,23.2322222,57.2869444
al hubi,22.65,57.3333333
al hujayrimat,23.4211111,56.7241667
al humr,20.4166667,58.75
al hunaynah,24.4166667,56.7
al hurah,23.7641667,56.7952778
al huwayl,23.4677778,57.3083333
al huwaylayn,23.3127778,57.0311111
al huwib,23.21,57.3386111
al huwir,23.0741667,57.55
al huyul,23.9241667,56.4025
ali khamis,26.0327778,56.3875
al ima,25.9416667,56.4252778
al islat,23.7019444,56.7522222
al izz,22.5505556,58.6863889
al jaarif,24.1113889,56.9411111
al jabat,23.0733333,57.9258333
al jadi,26.1622222,56.1702778
al jafnayn,23.5258333,58.1855556
al jahliyah,23.1786111,57.3180556
al jamma,23.5613889,57.5566667
al jari,26.2175,56.1858333
al jawabi,22.0369444,59.4777778
al jaylah,23.2169444,57.5052778
al jazir,23.0872222,58.8613889
al jibai,22.4308333,59.3852778
al jibal,22.0833333,56.0
al jil,23.2525,57.0452778
al jinah,22.9333333,57.5333333
al jissa,23.5513889,58.6427778
al jowar,26.0741667,56.215
al jufar,23.2672222,57.3975
al jull,23.9272222,56.4113889
al jumaylah,22.05,59.6333333
al juwaif,24.5488889,56.1052778
al kabirat al hayl,23.6963889,56.2652778
al kalban,20.3,58.6333333
al kamil,22.2197222,59.2025
al karbi,24.7516667,56.1788889
al karsha,25.6555556,56.2686111
al kathir,17.0175,54.0827778
al khabat,23.9847222,56.4941667
al khabbah,22.2263889,59.7991667
al-khabourah,23.9811111,57.1044444
al khaburah,23.5641667,56.5319444
al khaddah,23.8552778,56.5561111
al khaddah,22.1288889,59.7211111
al khadhra,23.8586111,57.3380556
al khadhrawain,24.8544444,56.4033333
al khadirah,23.0736111,57.5386111
al khadra,23.1411111,57.7558333
al khaisa,21.5833333,58.6166667
al khalaf,20.4666667,58.05
al khalw,24.6944444,56.1636111
al khan,24.2166667,56.3333333
al kharifut,16.7166667,53.3
al khasab,26.1916667,56.2436111
al khatmah,26.0138889,56.4063889
al khawd,23.5677778,58.1233333
al khayr,23.7833333,56.6
al khazain,24.2222222,56.8316667
al khubayb,23.6672222,56.2419444
al khubayn,24.3166667,56.1166667
al khudrah,23.8444444,56.5658333
al khufayqi,23.3980556,58.5227778
al khulli,23.5166667,56.5
al khur,23.0777778,57.9447222
al khurays,23.7,57.0247222
al khusayt,23.1075,57.5636111
al khutaymah,23.1497222,57.5294444
al khutaymi,23.0952778,57.5644444
al khutum,22.1097222,59.3825
al khuwayrah,24.4441667,56.6486111
al khuwayrat,23.9277778,57.1691667
allam,17.1533333,54.3033333
allish,17.1236111,54.2563889
al liwa,24.5361111,56.5655556
al luwayz,23.2094444,58.9775
al maballa,23.6758333,58.1419444
al mabrak,26.1491667,56.3058333
al madinah,23.4841667,57.3063889
al mahadin,23.2016667,58.9861111
al mahal,26.0658333,56.2416667
al mahall,23.1166667,57.9166667
al mahalli,25.8430556,56.3266667
al mahattah,22.4736111,59.7630556
al mahda,24.3994444,55.9697222
al mahjul,23.5813889,56.6458333
al mahyul,23.3661111,58.5327778
al majnab,24.5291667,56.2936111
al makhamarah,24.6238889,56.5227778
al maksuriyah,25.9441667,56.4133333
al malab,24.4355556,56.6463889
al maladda,23.7497222,57.5644444
al malqama,18.35,54.7
al mandur,23.3994444,57.6630556
al manfash,23.7961111,57.4958333
al maqayaw,26.1891667,56.2791667
al maqul,23.0763889,57.5358333
al masayqah,23.8944444,56.4444444
al masharta,26.1516667,56.2766667
al mashati shelbarak,26.1463889,56.2911111
al maskan,23.4961111,56.8305556
al-masnaa,23.7780556,57.6441667
al masnaah,23.3833333,57.2108333
al matrah,23.6127778,58.5644444
al mays,23.1377778,56.9244444
al mazam,23.4019444,56.2830556
al mazarah,23.1736111,57.3183333
al mazraah,23.38,57.6627778
al mazra,22.9219444,58.0733333
al mibu,23.2233333,57.3338889
al mintarah,26.0083333,56.2747222
al mintirib,22.4355556,58.8005556
al minzifah,23.4930556,57.0141667
al misar,25.8616667,56.3775
al misfah,23.1486111,58.8302778
al mudaibi,22.5691667,58.12
al mudairib,22.6125,58.6683333
al mudayli,24.6219444,56.0194444
al mudayq,23.8030556,57.4908333
al mudirah,23.0455556,57.9619444
al muhram,26.0694444,56.1555556
al muhtariq,23.8997222,57.2705556
al mukhailif,24.1222222,56.9286111
al mulayyanah,23.43,58.1311111
al mumsam,23.7333333,56.7666667
al murair,24.9319444,56.385
al mutarid,22.7241667,58.6519444
al mutib muqsad,23.0547222,57.9561111
al muwalah,23.2463889,58.9172222
al muwaylihat,23.9491667,57.1494444
alob,17.0897222,54.0647222
al qabil,22.5666667,58.7
al qabil,23.9475,55.8197222
al qahlah,22.5666667,59.1
al qala,23.8147222,56.6130556
al qalah,22.8166667,57.75
al qali,23.2294444,56.4583333
al qanfar,26.0166667,56.245
al qanha,26.0186111,56.22
al qarah,23.8975,57.2766667
al qarihah,23.8502778,57.4330556
al qarin,20.35,58.6833333
al qaryah,23.1019444,57.3108333
al qaryah,22.9786111,58.5216667
al qaryatayn,22.8833333,57.9333333
al qasabiyat,24.0166667,57.0833333
al qasha,26.0897222,56.1847222
al qashar,23.0661111,57.6633333
al qashi,24.1877778,56.8611111
al qasmitayn,23.2847222,57.4691667
al qawasim,23.0466667,57.9888889
al qaylah,23.3516667,58.0169444
al qubayyil,23.2947222,57.0083333
al qufays,23.9558333,56.4388889
al qunnah,23.1833333,57.0166667
al quraiyat,23.2627778,58.9161111
al qurayyat,23.5752778,57.2072222
al qurt,23.4008333,57.1786111
al qusayr,24.1172222,56.8
al qutaytirah,22.0211111,59.4458333
al ramayh,26.1208333,56.1830556
al raq,26.0097222,56.2172222
al raudha,24.0452778,56.7836111
al safiq,20.0333333,55.6
al sahayn,26.0561111,56.3680556
al salhaymis,26.0775,56.1897222
al shawa,26.1294444,56.3152778
al shess,25.9772222,56.33
al shinas,24.7433333,56.4658333
al shuwara,26.1452778,56.2866667
al-sib,23.6802778,58.1825
al sohar,24.3688889,56.7438889
al sufayrat,26.1955556,56.4741667
altaf,23.5411111,56.3033333
al thaybat,24.1,56.4333333
al ulya,22.8833333,58.2166667
al ulyah,23.1808333,57.6544444
al umani,24.7525,56.4561111
al umqah,23.4741667,57.0197222
al uqaybah,26.1305556,56.2305556
al uqmayrah,23.22,57.3327778
al usaylah,24.3833333,56.05
al uthrat,24.3666667,56.0333333
al uwayd,23.7936111,57.5880556
al uwaynat,24.2725,56.8141667
al uwayridi,23.2127778,56.4297222
alwadiyat,24.7958333,56.4472222
al wafi,22.1636111,59.235
al wafi,22.6161111,57.9983333
al wahah,23.1016667,57.91
al wahrah,23.2791667,56.6988889
al waqaybah,24.3641667,56.7186111
al waqbah,23.8758333,56.4125
alwar,22.95,58.8166667
al wasfiyah,26.1366667,56.1883333
al wasib,25.8758333,56.1730556
al wasil,22.5008333,58.7438889
al wasit,23.2819444,57.4644444
al wasit,23.3,58.2166667
al ya,23.0608333,58.9119444
al yalba,25.8783333,56.1780556
am atafa,17.7666667,53.5333333
amla,23.1358333,56.8947222
amnot,17.1736111,54.0836111
amqah,23.0797222,57.1063889
amq,23.2888889,57.3288889
amqat,23.4441667,58.1277778
amti,23.1994444,57.7213889
an nabrah,23.8538889,57.3619444
an naqdah,24.4955556,56.5886111
an niba,22.7333333,58.6833333
an nid,23.2272222,57.3294444
an nujayd,23.4658333,56.7944444
an nuqdah,20.8483333,58.7338889
anoothook,17.1297222,54.3855556
ansham,17.1280556,54.5091667
antha arr,17.18,54.3658333
anthakak,17.1927778,54.4069444
anthok,17.1347222,54.2766667
anthraytat,17.0872222,54.5811111
anzi§awr,17.4666667,52.8333333
aqabat al rahayba,26.0777778,56.1922222
aqabat,25.8105556,56.2413889
aqabat asu,25.7919444,56.2191667
aqbiyah,23.4558333,58.3047222
aqbut al bayut,23.1263889,57.5205556
aqil,22.7833333,57.85
aqr,24.8088889,56.4388889
aqr,22.7858333,59.2288889
araft,17.0,53.9833333
arajfiniti,17.1238889,54.4005556
aram,17.0958333,54.3966667
arfit,16.7,53.2333333
arja,24.45,56.5666667
arkabait,17.1333333,54.45
arkam,17.1580556,54.0430556
arkut,17.1416667,54.1625
arqabat,26.1202778,56.1830556
arqi,23.2361111,58.7072222
ar rabi,24.2,56.2333333
ar radidah,23.2427778,56.5166667
ar rafsa,22.4963889,59.3963889
ar rahbah,23.2877778,57.8302778
arraida,17.0166667,53.0
ar rajmi,24.6330556,56.2877778
ar rakakiyah,23.0505556,58.6238889
ar ramyah,26.1261111,56.1875
ar rawdah,25.8577778,56.2861111
ar rayhani,23.6125,55.9697222
ar ruays,22.1791667,59.7641667
ar rudaydah,23.9858333,57.0733333
ar rumaidh,23.6875,57.9836111
ar rustaq,23.3908333,57.4244444
ar ruwais,26.1608333,56.3280556
arryop,17.1791667,54.4158333
arubi,26.1313889,56.2313889
arzat,17.035,54.2094444
arzayrot,17.1655556,54.2627778
arzoom,17.1905556,54.3652778
asaqat bilarb,23.1077778,57.5591667
asayh,23.0880556,58.8530556
ashinhaib,17.25,54.25
ashinkhorr,17.1897222,54.1591667
ash shab,22.8391667,59.2480556
ash shariyah,26.0938889,56.2266667
ash sharjah,24.5344444,56.2786111
ash sharm,24.5002778,55.99
ash shawr,17.15,54.3166667
ash shija,24.6669444,56.0502778
ash shirs,23.7863889,57.6127778
ash shishah,26.2602778,56.3936111
ash shizaw,24.3547222,56.7541667
ash shubaykah,22.6172222,59.295
ash shuiyah,23.4625,57.6744444
ash shuraiqa,23.0658333,57.6597222
ash shutayfi,23.6327778,58.5616667
ash shuwayhah,24.6291667,56.0772222
ashub,26.1675,56.2313889
asjudi,24.0166667,56.25
as saaf,24.7583333,56.1736111
as saarah,24.25,55.7838889
as sabal,23.1191667,58.5327778
as saham,24.1722222,56.8886111
as sahsahah,26.1763889,56.2269444
as sahsah,25.6794444,56.1886111
as saiq,23.0686111,57.6408333
as samad,22.8177778,58.1558333
as samidah,24.015,56.7527778
as sarhat,23.9644444,57.0744444
as sarm,22.755,58.6541667
as sarur,23.37,58.1094444
as saruwi,22.8308333,59.225
as sayh,24.2158333,56.8275
as sayrsah,23.8297222,57.3555556
as sidafi,23.0480556,58.6230556
as sifa,23.4355556,58.7811111
as sifah,24.8258333,56.4333333
as sir,23.1452778,57.6738889
as subarah,24.3466667,56.7608333
as subaykha,23.3175,56.3161111
as sudayrah,22.5775,58.0236111
as sudiyah,24.5530556,56.1519444
as sukhnah,23.4397222,58.2083333
as sulayb,22.0141667,59.6613889
as sulayf,23.2047222,56.5247222
as sumayni,24.6666667,55.9291667
as sunaynah,23.6072222,55.9586111
as sur,22.5666667,59.5288889
as suraymah,23.8791667,57.3405556
as suwaih,22.0852778,59.6855556
as suwaiq,23.8494444,57.4386111
as suwayb,23.2044444,57.5255556
as suwayq,23.8394444,57.4283333
as suwayr,23.4444444,57.6538889
aswad,24.8702778,56.3252778
aswad,23.1197222,58.2166667
atayr,17.1180556,54.5552778
athabat,25.7666667,56.15
ath tharmad,23.7966667,57.5025
ath thuqbah,24.25,56.3166667
at tab,26.0319444,56.2280556
at taqa,17.0372222,54.4036111
at tau,23.5502778,58.0222222
at tawayb,22.4075,59.3255556
at tawiyan,22.6033333,59.4652778
at tawqah,26.0486111,56.2197222
at tayi,22.3988889,59.3247222
at tikhah,23.185,57.6130556
at toyan,23.3244444,57.9394444
at tuwayyah,24.7605556,56.1725
autuch,17.1805556,54.0877778
awabi,23.4633333,58.3016667
awf,22.9955556,58.4738889
awqad bayt marhun,16.9991667,54.0533333
aydawr,17.1025,54.5933333
ayja,22.5669444,59.5427778
ayn al mahab,24.0116667,56.6961111
ayn amq,23.2527778,57.3405556
ayn ash shadniyah,22.5469444,59.1280556
ayn as si,26.0261111,56.2275
ayn,23.0336111,58.2788889
aynayn,22.5802778,58.1305556
aynayn,23.2888889,56.5472222
aynayn,23.2594444,58.8847222
ayniyah,23.3863889,57.4222222
aytin,17.0591667,54.5966667
ayun,22.0322222,59.4902778
azaiba,23.6005556,58.3763889
azeyrenawt,17.1038889,54.0297222
azi§ zi§ahir,22.5986111,58.8263889
azi§ zi§uwayhir,23.9158333,56.7141667
azki,22.9333333,57.7666667
badaj ud,23.8241667,57.5086111
badiah,23.1155556,58.5130556
badi,23.3561111,58.0477778
badiya,22.45,58.8
badiyah,23.7213889,56.9047222
baia,25.6355556,56.2655556
bait al falaj,23.6033333,58.5547222
bait rathawt,17.1897222,54.1852778
bakha,26.1430556,56.1527778
bakhabi,23.4508333,56.2083333
bakhah,23.3088889,57.9925
balad bani bu ali,22.0161111,59.3241667
balad bani bu hassan,22.0816667,59.2797222
balad shabus,26.1619444,56.4375
bal,23.2619444,58.5911111
bal ghaylan,23.0636111,58.0705556
bandah jadidah,22.1197222,59.7152778
bandar khayran,23.5013889,58.7325
bani habib,23.0713889,57.6019444
baqlah,24.4,56.0333333
bari,23.7569444,57.6522222
baridah,23.8022222,57.4769444
barik,20.8833333,56.5166667
barka,23.7091667,57.8869444
barsit,23.7066667,57.9055556
barut,23.2297222,57.0466667
barzaman,22.2994444,58.07
bat,24.5222222,56.2775
bat,23.2527778,56.7463889
batha,23.8252778,57.4130556
batha jibah,23.8533333,57.4266667
bathar/baithakoob,17.1655556,54.4369444
batin,22.7666667,58.6666667
baushar,23.5316667,58.3894444
bayah,23.0161111,58.0222222
bayda,24.3666667,56.4166667
bayha,23.8616667,56.3741667
baynunah,24.2358333,56.8252778
bayt al awabi,23.2997222,57.5294444
bayt al buwaydh,26.0933333,56.1822222
bayt ash shaykh,26.0697222,56.2072222
bayt fiqait,17.15,54.4166667
bayt jabal,23.3141667,58.0061111
bayt khawr,25.8113889,56.3169444
bayyid,23.0469444,58.6611111
beda,23.65,57.09
biaq,23.8433333,56.7825
biban,23.0911111,57.7244444
biban,23.1,57.8333333
bidah,23.3958333,56.9844444
bidah,22.5497222,59.1202778
bidbid,23.4063889,58.1263889
biddi,23.1891667,57.61
bidi,26.2752778,56.3697222
bilad aqabat al hamra,23.1583333,57.3391667
bilad as sur,22.5591667,59.4772222
bilad,23.1872222,58.9827778
bilad manah,22.7833333,57.6
bilad sayt,23.0630556,57.2647222
bilad shahum,23.3994444,56.9975
billa,23.7186111,57.7602778
bilt,23.9333333,56.2333333
bimah,23.2080556,57.3813889
bimah,23.0166667,59.1166667
bimmah,22.9922222,59.1383333
bin umran,23.5294444,58.3886111
bira,22.6902778,58.5469444
bir ajman,23.0666667,58.6166667
bir,23.0916667,58.2366667
bir bira,22.6116667,59.4680556
birkat al mauz,22.9333333,57.6666667
birkat al nuss,26.0855556,56.2647222
birkat khaldiyah,26.04,56.3602778
bisafteer,17.1944444,53.9933333
bisiyah,22.7166667,57.2333333
biyad,23.1741667,57.8677778
bu abali,23.7397222,57.6808333
bu aid,22.3747222,58.0119444
bu asim,23.7088889,57.6052778
bubairah,22.9186111,58.0780556
bu baqara,23.9725,55.8288889
bu baqarah,24.8802778,56.4080556
bu fashiqah,22.2619444,59.6938889
bulaydah,23.3833333,56.9188889
bulaydah,22.5636111,58.1927778
bulaytah,23.7905556,57.5372222
buri,23.1655556,57.9269444
bu saylah,23.4413889,56.2286111
busayliyat,23.4797222,58.085
buwah,23.4905556,58.0452778
buwayrid,22.2430556,59.2155556
buwayrik,23.6194444,57.2666667
buwaytin,22.6158333,58.0408333
buyut aram,17.0888889,54.3852778
camp,20.6666667,58.8833333
chashawfi,26.0813889,56.1663889
dabab,23.0797222,59.0547222
dabah,17.1533333,54.0219444
dabaran,26.1586111,56.2027778
dabbagh,24.5402778,56.5647222
dab,23.4497222,57.1147222
dafiyat,20.6,58.85
daghali,23.3116667,57.9944444
daghmar,23.1833333,59.0
dahaan,17.1530556,54.3808333
dahaan khanaat,17.1444444,54.3477778
dahariz,17.0097222,54.1630556
dahaz,23.4186111,57.3475
dahful,26.165,56.3358333
dahir,23.6438889,56.6444444
dahit,26.3122222,56.45
dahiyah,23.0841667,58.1538889
dahiz,23.4002778,57.4169444
dahrayn,26.1027778,56.21
dahr,24.3,56.1166667
dallah,23.7525,56.6836111
dalut,25.7783333,56.1961111
damm,23.2294444,57.0613889
danak,23.5508333,56.2575
dankor,17.1891667,54.1338889
dann al hamra,23.0613889,57.5727778
dann,23.0702778,56.9658333
dansaf,26.0341667,56.2794444
daqiq,24.0833333,56.25
daquq maghadhi,17.7333333,53.55
dar al qalah,23.1513889,57.3411111
darbat,17.0827778,54.4366667
daris,23.5727778,57.4447222
darsait,23.6308333,58.5436111
dar sawda,23.2405556,57.195
darsayt alwa,23.6144444,58.5388889
dasir,23.2511111,58.1011111
dat hayl,23.0863889,57.2980556
dauka,18.65,54.0833333
daw sunni,26.3172222,56.5008333
dawt,23.5502778,56.3569444
dawwah,20.5483333,58.8075
dazzah,17.1925,54.3188889
dhahib,22.5386111,58.1180556
dhahir,19.1,56.9666667
dhaid rasm,17.1416667,54.0441667
dhaliaatat,17.2280556,54.6036111
dhalqut,16.7,53.25
dhinab khant,26.045,56.2472222
dhiqdah,23.3922222,58.7527778
diba dib,26.1977778,56.2577778
difa,23.3908333,57.2166667
difan,25.6461111,56.1644444
dikkah,23.6172222,58.5669444
dil al abd as salam,24.0744444,56.9458333
dil,24.0794444,56.9783333
dim,23.2647222,58.6263889
din ar rukayb,26.0488889,56.2966667
diqal,23.8708333,56.9088889
dirhi,25.6497222,56.1772222
disli,23.5186111,57.2241667
distah,22.4738889,58.0172222
diyan al buwarah,23.8833333,57.3
diyan,23.89,57.2994444
dubayshi,23.1791667,56.4805556
dubiyah,23.06,57.7011111
dumi,22.1261111,59.405
duqm,19.65,57.7
duwaykhilah,23.0775,57.7097222
easmome,17.1955556,54.1352778
eerdeent,17.1322222,53.9947222
enhorelah,17.1772222,54.1330556
erigfien,17.0680556,54.5408333
erikob,17.2333333,54.0333333
erqoot daham,17.0913889,54.3833333
eshto,17.1522222,54.0213889
fadghah,26.1255556,56.1327778
fadhi,17.8166667,55.6666667
faiqaitha,17.1480556,54.4316667
falad beni khazair,23.3186111,57.5766667
falai,22.6666667,57.35
falaj al harth,24.0722222,56.7816667
falaj al hawashim,23.5630556,57.4441667
falaj ali,23.5513889,57.4472222
falaj al khawr,23.4716667,57.2997222
falaj al qabail,24.4280556,56.6111111
falaj ash sham,23.5108333,58.3386111
falaj as saidi,23.5594444,57.3388889
falaj as sudayriyin,23.7013889,56.5108333
falaj bani rabiah,23.8388889,57.0977778
falaj,22.7,56.8333333
falaj,22.8613889,58.0572222
falaj milli,23.4652778,57.31
falaj sahra,23.4908333,57.4538889
falara,24.75,56.4666667
falbirah,23.4622222,57.3086111
faljat,23.3558333,58.0383333
fanakhah,26.2075,56.2752778
fanja,23.4561111,58.1030556
faraah,23.3116667,57.4788889
fara,23.0661111,58.9858333
fardah,23.8202778,57.12
far,23.2061111,57.5625
farfarah,24.7144444,56.4575
farfar,24.2,56.35
fariq ar rawashid,24.2063889,56.85
farq,22.8833333,57.5333333
fasad,18.4333333,53.1333333
fashah,23.31,57.3219444
fasiqa,24.4222222,56.6919444
fatah,22.6152778,58.1375
fath al bu said,23.5516667,58.4097222
fathi,22.7666667,57.5166667
faud,23.3591667,58.5791667
fawfalah,26.1069444,56.1505556
fayraq,17.1236111,54.5402778
fayyad,24.0333333,56.15
fayyah,23.9166667,56.6666667
fiiam,26.1877778,56.4180556
fijri,23.4775,57.1694444
fil,22.6833333,57.2833333
filim,20.6166667,58.2
fins,22.9266667,59.2119444
fiqayn,22.7666667,57.6666667
fiq,23.2,57.6794444
firaah,23.2197222,57.3144444
firam,17.2166667,54.05
firokht,17.09,54.6041667
firq as sadiyan,23.0497222,58.9280556
firq az zamiyan,23.0441667,58.9408333
firq,23.05,58.9833333
fita,22.5394444,59.3811111
fiyad,23.3166667,58.7333333
fizh,24.5086111,56.4452778
fuad al hadu,23.3419444,58.5811111
fujayj,23.9194444,56.7563889
fujayrah,23.2880556,57.9705556
fulayj al mashaikh,22.1405556,59.1613889
fulayj,22.0272222,59.4455556
fulayj,22.8038889,58.025
fuluj sayghah,22.95,57.5333333
furfar,23.7669444,56.8494444
garnoot,17.1475,54.1952778
geamawt,17.1188889,54.0155556
ghabarah,22.9666667,57.55
ghabib,25.8997222,56.1838889
ghabi,26.2522222,56.3744444
ghabina,26.2477778,56.3688889
ghabirah,23.0916667,58.8625
ghaday,17.0833333,54.4666667
ghadfan,24.4691667,56.6036111
ghadhiya,23.6661111,56.3725
ghadir bin rakham,18.6,54.8833333
ghadir qadhra,18.9666667,54.7833333
ghafdi,23.4297222,57.3025
ghalat,21.1,58.8833333
ghalil al hanadis,23.9044444,57.2508333
ghalil al masaid,23.9083333,57.2455556
ghallah,23.5313889,58.3816667
ghamdah,26.1091667,56.1280556
ghamd,22.7841667,59.1388889
ghamsah,22.9875,58.5108333
gharam,26.3333333,56.3677778
gharayfah,22.4491667,59.3741667
gharba,23.7597222,57.0227778
gharbah,23.3316667,58.2261111
gharbi hafit,23.9877778,55.8238889
gharbiyah,25.6188889,56.2461111
ghariyan,22.8861111,58.0136111
ghar milah,17.1516667,54.1994444
gharnawt,17.1427778,54.1330556
gharwah,23.5980556,57.2411111
ghassah,26.2397222,56.3175
ghatt,26.0816667,56.1872222
ghawrah,23.5305556,57.1905556
ghayl ad dakk,23.3138889,58.0113889
ghayl,22.6833333,58.5333333
ghayl sarm,23.3927778,56.9852778
ghayl shabul,24.3347222,56.77
ghayl wadi as sayatin,23.1813889,57.2966667
ghayyan,23.0525,58.6158333
ghiyazi§ah,23.1236111,58.4633333
ghoff,17.1180556,54.0097222
ghuaifat al habb,21.6,58.65
ghuban hemid,26.0827778,56.2886111
ghubbah,26.195,56.4352778
ghubbat qadimah,26.2502778,56.3513889
ghubirah,23.0308333,58.5830556
ghubrah,23.2688889,57.7005556
ghubrah,23.3013889,58.0322222
ghubrat ar ras,26.1613889,56.2461111
ghubrat at tam,23.0194444,58.74
ghubrat tanuf,23.0525,57.4102778
ghukra,23.5891667,58.4055556
ghulay,22.6333333,58.6666667
ghul,23.1486111,57.2066667
ghumar,23.0833333,57.2808333
ghumra,23.0,57.3166667
ghursheba,23.69,58.1061111
ghuzayyil,24.4791667,56.595
ghuzi§ayfi,23.0983333,58.0369444
gilaal,17.1463889,54.0575
glaet,17.1405556,54.0827778
habarut,17.2,54.4666667
habdoomer,17.2166667,54.0333333
habka,17.45,53.7
habkayt,17.1136111,54.0272222
habl,23.4627778,58.2977778
habl hadid,22.8,57.7166667
habus,23.05,56.9836111
hadash,23.1263889,57.7538889
hadbarah,17.45,55.25
haddis,23.185,57.6186111
hadf,24.7947222,56.0111111
hadib,23.7275,57.7441667
hadirah,24.3763889,56.7380556
hadi thabil,22.9666667,58.8
hadshaab,17.1583333,54.0491667
haffah,25.7575,56.3194444
hafit,24.0619444,57.0
hafit,23.9797222,55.8361111
hailain,23.6369444,57.1172222
hail al amair,23.6327778,58.2480556
hailat al ghabara,20.6166667,56.6166667
hailat bin anauz,20.6833333,56.5
hailat bin aruq,20.7833333,56.15
hailat,20.6166667,56.9333333
hailat lamia,20.8833333,56.1166667
hail bin-suwaidan,24.2,56.25
haima,19.9333333,56.3166667
hajar,23.4472222,57.6616667
hajirah,23.9066667,57.2497222
hajir,23.545,57.2127778
hajir,22.9869444,58.4722222
hajir rakah,23.3105556,58.0230556
hajlat al yahi,18.3,55.9666667
hajlat harad,18.4833333,56.05
hajz,23.9194444,56.5658333
hakkan,20.3666667,58.7833333
halahil,24.0666667,56.3833333
halban,23.5752778,58.0322222
halfah,22.5588889,59.1083333
halhal,23.1652778,57.4836111
hall,25.7858333,56.3330556
hall samasim,26.3436111,56.3797222
haluf,17.2833333,53.9666667
hamad,24.1,56.1166667
hamadiyin,22.7833333,57.8
hamah,23.8561111,56.3497222
hamah,23.3525,58.7222222
hamasa,24.2386111,55.7677778
hamim,23.4436111,58.0977778
hamitah,22.9,57.9166667
hamma,23.1072222,57.8197222
hammam al ali,23.4822222,58.3280556
hammam,23.1180556,58.5416667
hamrat ad duru,22.75,56.9666667
hamriyah,23.5755556,58.5480556
hamsi,26.1977778,56.285
hana,26.2280556,56.2152778
hanfit,18.0,53.9666667
hansi,24.2166667,56.35
haqabat arokub,17.1205556,54.435
haradi,23.7041667,57.9322222
haramil,23.5938889,58.6016667
harat al balush,23.9588889,57.1077778
harat al hisn,23.5483333,56.3602778
harat al ju,23.8591667,57.3977778
harat al khatwah,23.5063889,56.465
harat al marakah,24.0572222,57.0066667
harat al nadd,23.5463889,56.3630556
harat al qadi,24.2491667,55.7588889
harat al qaramitah,24.2558333,55.7722222
harat ash shaykh,24.4461111,56.6330556
harat bani isa,22.7925,59.2305556
harat bidih,22.7986111,59.2322222
harat rumran,23.9911111,57.0933333
hardhi,23.5355556,56.3252778
harf ad daghafilah,26.0586111,56.1722222
harf bani hamud,26.1775,56.2686111
harf ghabi,26.2319444,56.2055556
harimah,23.7913889,57.1111111
harimah,22.8941667,59.165
harim,23.6211111,56.9391667
harmul,24.525,56.5972222
harrah,22.9666667,58.55
hasam,24.0333333,56.1
hasha,23.4330556,57.3186111
hasik,17.3666667,55.2833333
hassas,23.3161111,58.0744444
hat,23.1852778,57.4116667
hawil al musayqah,23.8838889,56.4208333
hawiya,22.3933333,58.8530556
hawl,22.645,59.2527778
hawqayn,23.5475,57.3336111
hayawt,17.1166667,54.0
hayba,26.0897222,56.2044444
haybi,23.9208333,56.5533333
hayfadh,23.3222222,58.7413889
hayhar hil hijar,23.1880556,57.5741667
hayi,23.455,57.6627778
hayjar,23.1569444,57.7413889
hayjari,17.35,52.8166667
hayl al farfar,23.8466667,56.1897222
hayl al ghafar,23.565,57.1827778
hayl al ghaf,23.1694444,58.9222222
hayl al kabir,23.0819444,58.7252778
hayl al khanabish,23.9075,56.4055556
hayl al liwa,22.9666667,57.6833333
hayl al mosakhar,24.1,56.4166667
hayl al quwasim,23.045,58.9822222
haylar rass,23.9,56.4
haylashi,23.7836111,56.7186111
hayl as safil,23.6805556,56.5427778
hayl bani kathir,23.7644444,56.6611111
hayl el kahuf,23.2113889,57.6730556
hayl hamiyah,24.15,56.4
hayl,23.0833333,57.5166667
hayl,22.9833333,58.55
hayli,23.2980556,57.9777778
hayl juwari,23.1572222,57.3477778
hayl manadhirah,23.5358333,56.5466667
hayl rasah,23.9180556,56.7297222
hayl sulayman,23.15,57.0
hayl yaman,23.0677778,57.6955556
haymiliyah,23.5766667,57.2141667
hayr khazinaw,26.095,56.2594444
hayr salam,26.0833333,56.3322222
hayyal,23.4352778,56.7411111
hayzan,23.4927778,58.0422222
hazain,23.7833333,57.0333333
hezaar,17.1325,53.9727778
hibb,26.1513889,56.2238889
hida,23.0983333,58.5736111
hifri al batha,23.7333333,57.8333333
hifri,23.7125,57.8341667
hijal,23.9327778,56.5505556
hijar,23.14,57.7419444
hijari,24.0041667,56.9769444
hijar sajr sanaiba,23.1955556,57.5575
hilf,20.6588889,58.8702778
hil,26.1725,56.1797222
hillat al balush,24.3177778,56.7822222
hillat al hisn,22.8013889,59.2436111
hillat al quwita,23.1580556,57.3019444
hillat ash shaykh,24.3408333,56.7655556
hillat burj,24.0544444,57.0111111
hilm,22.6566667,59.2152778
hindarut,23.1211111,58.3613889
hirmut,23.1,57.1616667
hisn mazyad,24.0,55.9833333
hubat,22.9116667,58.0469444
hubi,23.3272222,57.9505556
hudniyah,23.1855556,57.6261111
huffi,23.5127778,57.3672222
hugaif,17.2333333,54.0
hulayfah,22.1180556,59.4030556
hulayhil,23.7369444,57.0441667
hulaylat,23.1325,57.5602778
hulw,23.4716667,58.6744444
humaydah,24.5808333,56.39
humayrah,24.6944444,56.4677778
humer,20.4666667,58.9
huwaylat,23.3725,56.9497222
huwayl,23.3886111,56.9144444
huwayniyah,26.1805556,56.3169444
ibri,23.2363889,56.5044444
indaf,17.0833333,54.3769444
inkeyzeti,17.1405556,54.0669444
insaid,23.45,56.7833333
inshaf,17.1833333,54.1097222
irowk,17.1113889,54.4072222
irqat,17.0772222,54.6194444
istal,23.2102778,57.5552778
ithaff,17.0369444,53.9827778
ithi,17.1655556,54.5430556
jaarah,23.4880556,57.9186111
jabal ghawil,24.5733333,56.0169444
jabal khasbar,17.1072222,54.3216667
jabal qiqat as safil,23.1580556,57.2988889
jabrin,22.9166667,57.25
jadid,22.1927778,59.2213889
jafariyah,23.3038889,57.9816667
jahaneen,17.2333333,53.9666667
jahilah,23.0888889,58.0408333
jahis,22.4519444,58.7944444
jahl,22.8069444,59.1744444
jahlut,23.3283333,58.5955556
jalah,22.9166667,57.3166667
jal,23.5497222,58.4044444
jamam,17.5833333,53.6833333
jardamanah,23.2397222,58.2341667
jardoom,17.0666667,53.95
jawdah,22.6502778,59.3477778
jaylah,22.7925,59.1213889
jaylah,23.1077778,58.3052778
jibjaat,17.2544444,54.4963889
jifar,23.5283333,58.3336111
jill ar raddah,22.8666667,57.5166667
jimah,22.9333333,57.2666667
jinah,23.1461111,57.8513889
jinnah,23.1827778,58.9897222
jubaylat,23.3158333,58.0086111
jufayf,23.4491667,56.22
jumarah,23.3058333,57.9875
junawl,17.1266667,54.0027778
junayz al janubi,22.4377778,59.8286111
junayz ash shamali,22.4486111,59.8280556
jurakh,23.0263889,57.9827778
jurayd,23.7847222,57.5222222
jurayf,22.8222222,59.2611111
juraym,23.7841667,57.6163889
juwibiyat,22.9122222,58.0786111
kahal,24.4494444,55.9097222
kahanat,23.5483333,56.7811111
kahf al humayr,23.0869444,57.5555556
kalbuh,23.62,58.5902778
kalhat,22.7008333,59.37
kamah,23.02,57.5363889
kamfarah,23.0622222,57.6661111
kanamt,25.6638889,56.1711111
kanit,23.8888889,56.7344444
karku,23.3666667,58.05
karshah,22.8166667,57.5333333
karshayt,17.0716667,54.4652778
kartlayt,17.1288889,54.4569444
kebka,17.1852778,54.2722222
keb keb,23.2327778,58.5694444
kerral,17.0947222,54.5102778
khabbah,23.8333333,57.5
khabeifa,24.0044444,56.5105556
khabr hay,26.1486111,56.2705556
khabt,23.8311111,56.6291667
khadfier,23.4125,57.3052778
khadhil,23.4666667,56.65
khadil,23.4719444,56.6561111
khadirah,23.2966667,57.9752778
khadra al bu rashid,23.8811111,57.3355556
khadra al sad,23.8705556,57.3625
khadra bin daffa,22.8080556,57.9977778
khadra,23.85,57.4
khadrakoor,17.1786111,54.4469444
khafifah,22.8963889,58.4205556
khaftawt,16.9833333,54.0166667
khahil,18.65,56.5333333
khalaghal,25.7422222,56.2872222
khalil,23.9,57.2666667
khalli,23.5,56.5166667
khamid,25.9347222,56.1983333
kharma,22.85,57.9666667
khasaf,23.9180556,57.0211111
khashbah,22.66,58.0422222
khashishat al milh,24.4016667,56.5761111
khashub,23.4175,57.4297222
khasur,17.095,54.385
khatam malahah,24.9758333,56.3655556
khatr,25.6658333,56.1663889
khatum,23.4844444,57.6872222
khawabi,23.4125,58.1311111
khawr al asrah,24.2236111,56.8505556
khawr al jaramah,22.4919444,59.7183333
khawr al milh,24.0375,57.0372222
khawr hammam,24.1422222,56.9102778
khawr hulw,24.3063889,56.7902778
khawr rawri,17.0333333,54.45
khawr siyabi,24.2841667,56.8055556
khawr zammah,23.1730556,57.4305556
khayfiyah,23.2936111,57.9791667
khazi§ar,22.8419444,58.1688889
khaziriyah,23.7522222,56.2138889
khedit,17.1994444,54.0886111
khejeen,17.1538889,54.3127778
khidr marghuth,17.0913889,54.1236111
khilah,22.9938889,58.0225
khishdah,24.2105556,56.8611111
khlayhawr,17.1458333,54.5391667
khorr,17.0397222,53.9666667
khubar,23.3113889,58.0416667
khubrah,23.4558333,57.8883333
khudar,22.8166667,58.15
khulaybah,23.7691667,56.63
khuldah,23.1438889,56.4519444
khush,23.1252778,58.3141667
khuwaylah,24.1833333,56.3
khuzinah,23.1191667,58.3180556
kibdiyah,22.6763889,59.3108333
kibrit,20.4833333,56.25
kinhat,17.1975,54.3766667
kirub,23.2652778,57.2102778
kitheort,17.1180556,53.9811111
kitnah,24.1333333,56.2166667
kizetakhayf,17.1077778,54.4908333
kizit,17.1447222,54.5805556
kubarah,23.0833333,56.8166667
kumzar,26.3369444,56.4108333
kuri,23.1669444,57.8491667
kusaat,17.2352778,54.0483333
laaqaybah,26.3094444,56.4177778
lahayay,26.0938889,56.2022222
lakbah,18.0833333,56.4833333
lali laynah,23.1144444,57.5775
lamehos,26.0936111,56.2308333
lansab,23.5341667,58.3425
lasmu,23.1052778,58.8477778
lawqaybawt,26.1272222,56.1838889
layh,22.4213889,59.2525
layjah,23.3005556,57.5452778
lekfayir,26.0391667,56.345
liban,23.7908333,56.8730556
limhas,26.0519444,56.3788889
liqbi,18.2,56.55
lizq,22.7141667,58.1716667
lub,17.075,54.0422222
lushil,24.5227778,56.3994444
luwayb,25.7705556,56.2161111
luzugh,23.3305556,58.1225
ma al mishash,20.1833333,56.0333333
maamad,22.8,57.5833333
maart,17.1980556,54.2119444
maatib,26.1344444,56.2402778
maawi,25.9697222,56.4002778
mabas,23.0605556,56.9822222
mabni,17.8161111,54.2841667
mabrah,23.6572222,57.1577778
mabyak,25.8094444,56.2488889
macula,20.4,58.8166667
madabbah,24.0833333,56.1166667
madam,23.2997222,58.5988889
madarah,23.3072222,58.0002778
maddeh,26.2427778,56.3830556
madha,17.4666667,53.5166667
madinat al haqq,17.1833333,54.25
madruj,23.2502778,57.2861111
magam,25.7836111,56.1505556
magan,24.4161111,56.5822222
maghadar,22.5052778,58.0211111
maghsail,16.8833333,53.7833333
maghsil,23.7333333,57.75
maghyuth,22.9333333,57.7833333
mahadat,23.7686111,56.6494444
mahalih,23.0461111,58.6086111
mahalil,23.355,57.6325
mahaliyah,22.8988889,58.0238889
mahall,17.1,55.1166667
mahani,23.3605556,57.6533333
mahaniyah,23.53,56.3122222
mahatt,22.6352778,59.3072222
mahbab,23.4572222,57.0855556
mahbat,23.1180556,57.4497222
mahbub,23.3186111,58.0191667
mahdus,23.505,57.1891667
mahmum,24.1572222,56.8388889
mahram,23.0216667,57.9930556
mahyul,22.7833333,57.6666667
maidal,26.0911111,56.1702778
maidin,22.9755556,58.2555556
majaisah,24.0741667,56.9844444
majazah,22.7666667,58.0166667
majaz al kubra,24.2422222,56.8352778
majaz as sughra,24.2277778,56.8472222
majhal,24.4666667,56.3333333
majrirah,22.9,58.0166667
majzi,23.6269444,56.9527778
majzi,23.5402778,56.695
makhadah,23.255,58.7875
makhda,26.2091667,56.2194444
makhibiyah,23.0425,58.3141667
makhsain,19.0,56.9166667
makinat shihan,17.5833333,52.55
malaqat,24.1733333,55.96
mamul,18.1333333,55.2666667
mamurah,22.6166667,57.3
mamurah,17.0616667,54.2319444
mamur,23.4222222,56.2463889
manadhif,20.05,57.7333333
manakhir,23.0927778,57.7305556
manithirah,23.1058333,58.3069444
manjurin,23.31,56.6277778
mansal,26.0938889,56.3652778
mansur,23.5077778,57.5525
mansur,23.4675,58.1013889
manumah,23.7027778,58.0705556
manzi§ariyah,23.3441667,58.5516667
maqammah,23.2475,57.3172222
maqaqah,26.0302778,56.2094444
maqham,23.4266667,57.1238889
maqlab,26.1894444,56.3588889
maqniyat,23.3788889,56.8775
maqtaah,22.8311111,58.9902778
maqyubi,23.6833333,56.9
marbat,16.9886111,54.6922222
markaz thamarid,17.67,54.0333333
marwani,26.3108333,56.4408333
masah,24.3666667,56.0833333
masakin shabiyah,23.5480556,56.2447222
mascat,23.6133333,58.5933333
maserayn,25.6419444,56.1658333
masharib,23.4172222,56.2777778
mashin,23.7838889,57.0372222
mashuq,23.2422222,57.3016667
masil,23.1677778,56.9427778
masirah,20.4166667,58.7333333
masirat nakhr,23.175,57.2008333
masirat ruwajih,23.0438889,57.6702778
maslaq,22.5197222,59.41
masrun,22.6333333,58.5333333
matamar,22.7666667,57.4833333
matbat as safil,23.2241667,57.0375
matid,23.7161111,56.8886111
maul,23.2377778,58.7225
mawaafag,18.35,55.1666667
mawalih,23.6141667,58.2505556
mawal,23.1136111,56.9333333
mawiyah,23.3933333,57.0325
mawrid sidwi,26.0552778,56.2708333
mayat,26.0869444,56.3794444
maydan,23.4194444,57.1305556
mayhah,23.4408333,57.1188889
maysar,22.7977778,58.1272222
mazahit,23.4647222,57.4530556
mazra al alawi,23.4313889,58.5522222
mazra al ghaf,23.2333333,58.2333333
mazra al hadri,23.4352778,58.5625
mazraat al abyad,23.1813889,58.3188889
mazraat al hatih,23.2788889,58.7525
mazraat al hilaylah,23.2619444,58.2305556
mazraat al khadra,23.8336111,57.355
mazraat al qasf,23.9686111,57.0752778
mazraat ar raja,23.8025,57.3991667
mazraat qayd,23.1941667,58.6061111
mazraat shuwayi,22.7766667,58.0125
mazra bu baarah,23.2194444,58.1380556
mazra ghulaylah,23.4583333,58.2983333
mazra khusayyim,23.3736111,58.1433333
mazra,23.1986111,57.3730556
mazra,22.9666667,58.3
mazra sumayr,23.2438889,58.7647222
mazra zarka,23.0716667,58.6105556
mazub,23.1858333,57.0183333
mibam,22.7505556,59.1755556
milah,22.6263889,58.1486111
minabak,23.2797222,57.9222222
mina,23.2280556,57.5594444
mina sitt,26.2805556,56.3572222
minsift,23.0775,58.8711111
mintaf,26.2033333,56.4413889
minthar,23.1702778,57.1522222
mintirib,22.5588889,58.0272222
mirah,23.0427778,58.0919444
misfah al ali,23.4688889,58.2769444
misfah al halfayn,23.0941667,57.7563889
misfah al shurayqiyin,23.1819444,57.6072222
misfah as safil,23.4647222,58.2683333
misfah,22.95,57.65
misfah,23.0461111,58.5147222
misin,23.2833333,57.8333333
miss,23.135,58.3969444
mitali,22.5522222,58.0041667
mithqub,23.0716667,58.9925
mizbar,23.1402778,58.4138889
mizfar,23.52,57.4869444
muaskar al murtafaa,23.5636111,58.25
mu askar ibri,23.1913889,56.4358333
muaydin,22.9833333,57.6666667
mudaybi,22.7833333,57.4333333
mudayrah,23.1144444,58.4763889
mudbugha,23.1041667,58.5805556
mudrah,23.2986111,58.0616667
mudri,22.6666667,57.2833333
mughbariyah,23.1044444,57.8352778
mughrah,23.4586111,58.2258333
mughshin,19.5,54.8666667
muhaydith,23.3305556,58.5816667
muhya,23.1583333,58.8541667
mukaysah,22.95,57.9
mukhaysirah,23.2394444,58.9108333
mukhayti,23.1408333,57.6661111
mukhtari,22.6666667,57.9833333
multaqa alwiyah,23.3744444,58.0888889
multaqa hadriyah,23.3869444,58.1002778
multaqa sharak,22.1686111,58.0397222
munayzif,23.2013889,58.9533333
munayzif,23.2583333,58.7202778
munjarid,22.7333333,58.65
munqas,22.9383333,59.1338889
muntayfah,24.0519444,57.015
muqal,22.6144444,59.0925
muqaydan,23.2913889,56.6588889
muqayhfah,23.0116667,58.2247222
muqaz,24.2,56.8833333
muqraymatayn,22.5688889,59.5222222
muqshur,23.7711111,57.6347222
muqur,23.4730556,56.8886111
murarah,23.7708333,57.6472222
murayjat,23.7158333,57.7830556
murayrat,23.4861111,58.2002778
muraysi,23.7202778,57.8572222
murihah,23.3419444,57.3113889
murih,23.3127778,58.0044444
murji,23.3972222,57.2433333
murrah,23.2638889,58.9030556
murri,23.4558333,57.0336111
murri,23.6544444,56.3336111
murtafaat saham,24.1366667,56.8786111
musalla,22.4102778,58.0261111
musawa,22.1294444,59.6241667
musayb,22.7166667,58.5166667
musaydirah,24.3566667,55.9977778
musayfiyah,23.6108333,57.1386111
musaynaah,23.1855556,57.6366667
musayniiyah,23.9241667,56.2336111
musayrat shurayqiyin,23.1472222,57.5175
mushabbah,24.8,56.2333333
mushaqasah,23.2977778,56.6186111
mushayq,23.7969444,57.1591667
mushir,23.6227778,56.4877778
musibit,23.2963889,58.2252778
muslaf,24.7013889,56.2880556
muslimat,23.4188889,57.8116667
mutayrah,23.6166667,58.5666667
muti,23.0033333,57.7766667
muwaybin,23.2027778,57.6619444
muzaynah,23.6319444,56.4436111
nabr,24.55,56.5666667
nadan,23.0666667,57.0341667
nadhifi,26.1833333,56.3
nafah,23.3986111,58.1377778
naft,20.4777778,58.8986111
nafun,19.8,57.7166667
nahdah,22.5,57.0833333
nahdah,23.2355556,58.0775
nahiz,17.1333333,54.0166667
nahoor,17.1383333,54.0855556
naid,17.0861111,54.5086111
najd,23.3852778,57.0213889
najid,23.0563889,58.1338889
nakhl,23.3944444,57.8313889
nakhr,23.1913889,57.2116667
nakhshah,23.7625,56.6797222
naqisi,23.1072222,58.3533333
nattalah,22.9,57.25
nawai-i,24.5002778,55.9705556
nazab,17.1333333,54.5166667
niad,26.0977778,56.3294444
nibah,26.0830556,56.4102778
nigrit,17.1077778,54.2636111
nujum,23.4175,58.1469444
nura,26.1791667,56.2755556
owtar,17.1677778,54.0841667
qabbah,26.3105556,56.3572222
qabil,23.2261111,58.6761111
qabil yal bu said,22.6025,58.1827778
qab,22.6477778,59.2722222
qadah,26.1922222,56.2233333
qadhait,17.1111111,54.4552778
qafa,17.85,52.9833333
qafis,22.8805556,58.775
qaftat,17.0166667,53.9833333
qaidi,23.4355556,56.2347222
qalat,23.04,58.9333333
qanah,26.1844444,56.3275
qanatir,22.7052778,58.5280556
qandeen,17.1708333,54.2461111
qantab,23.5611111,58.63
qarat al milh,18.3666667,54.9333333
qarat az zingi,26.1394444,56.2183333
qarayah qata,21.2833333,58.2333333
qarib,23.2194444,58.9147222
qar khul qabal,26.0175,56.3930556
qarn,23.4166667,58.1
qarn sawadiyah,23.0833333,57.9333333
qarr,23.1072222,58.5611111
qarr shamis,23.1561111,57.54
qarthet,17.1222222,54.4813889
qarutah,23.5080556,56.4511111
qarut al ulya,22.9833333,57.7833333
qaryah,24.0,56.25
qaryah,23.0741667,58.8661111
qaryat al ayjah,20.5908333,58.9047222
qaryat al firay,20.5463889,58.9363889
qaryat as samar,20.5602778,58.8405556
qaryat dafiyat,20.5991667,58.8541667
qaryat maghilah,20.4058333,58.7888889
qaryat shiinzi,20.5591667,58.9313889
qaryat umq,20.4219444,58.8169444
qasaah,22.6469444,59.2613889
qasabiyat al burayk,24.0161111,57.0616667
qasabiyat al bu said,24.0238889,57.0530556
qasabiyat al hawasinah,24.0122222,57.0694444
qasabiyat az zaab,23.9333333,57.1833333
qasah,22.4286111,59.4102778
qashah,23.0872222,57.5177778
qasini,23.8625,57.3933333
qataah,22.8330556,59.2330556
qayd,23.1838889,58.5986111
qaysad,18.3166667,56.6
qayut,23.1405556,57.4719444
qef dann al hamra,23.0622222,57.5691667
qibah,23.0511111,58.0858333
qitqawt,17.0711111,54.6294444
qizmi,23.86,57.4066667
quayd,23.4508333,58.1127778
qubiyat,23.9402778,56.5644444
quff,22.8272222,59.2561111
qulayyah,23.7622222,57.1147222
qumayrah,23.9325,56.195
qurah,23.1386111,57.7347222
qurayyah,23.0633333,57.6808333
qurm,23.6,58.5166667
qurtah,22.95,57.2833333
qurta,23.4163889,58.1355556
qusaydat,25.7763889,56.1516667
raddah,23.8566667,57.4136111
rafah,23.1,57.05
rahab,23.85,56.6833333
rahbah,23.0905556,57.5219444
rahn,17.1333333,54.1
rakabi,24.1802778,56.815
rakhbah,22.9833333,57.5833333
rakhuit,16.7333333,53.3333333
rakzah,23.2341667,57.0394444
ramlah,22.8308333,59.2547222
ramlah,23.2402778,58.9013889
raqi,20.55,57.5166667
ras al aqq,25.8388889,56.3416667
ras al qaraah,23.1472222,57.6025
ras al salam,26.0327778,56.3525
rasibah,23.3108333,58.0183333
rasin,23.0113889,57.7011111
rasis,22.9,57.7666667
rasiyah,20.5213889,58.9447222
rasm,17.1333333,54.1166667
ras,25.7933333,56.1483333
rassah,23.3847222,56.8705556
rassier,20.5166667,58.95
rawdah,23.0425,57.4480556
rawdah,22.5022222,58.1147222
rawdah,22.8769444,58.2063889
rayibah,23.2563889,56.5086111
raysut,16.9341667,53.9925
raythathey,17.1394444,54.3997222
rayy,24.6566667,56.1155556
rekab al shib,26.1302778,56.2036111
reoob,17.1838889,54.4141667
rida,23.3441667,58.0930556
rihani,23.1016667,58.4544444
rija,23.45,58.5833333
rijlah,23.4066667,57.1708333
rimi,23.3744444,56.9619444
rimthah,24.4666667,56.0666667
riqqah,24.0833333,56.4666667
rissah,23.4166667,56.7833333
rissah,23.1180556,57.8366667
riyam,23.6197222,58.5788889
rubat,26.0855556,56.3377778
rubkah,23.0169444,58.1477778
rudha,17.1319444,54.0216667
ruhaybah,26.0080556,56.2047222
rukab ash shabb,26.1294444,56.2297222
rukhdayn,23.1255556,57.5680556
rumaylah,23.3819444,57.0138889
rumayyah,23.7513889,56.2288889
ruqqah,23.9208333,56.6947222
rusayl,23.5391667,58.1886111
rushayd,23.4163889,57.4266667
ruus,23.1586111,57.5455556
ruwaila,24.1666667,56.9
ruwaydah,22.1669444,59.6536111
ruwaylat az zaab,24.1641667,56.8938889
ruwaylat badw,24.1586111,56.8983333
ruwi gharbi,23.6,58.5333333
ruwi,23.5905556,58.55
saab bani khamis,23.1983333,57.2066667
saab,23.3125,57.2308333
saadi,23.3338889,58.5780556
saal,23.4502778,58.2183333
sabakh,24.5105556,56.4583333
sabkhat,23.0225,58.2113889
sabtan,25.7938889,56.2058333
sabt,22.4783333,59.1261111
sadadib,23.4033333,56.8872222
sadah,22.9786111,58.2708333
sadah,17.05,55.0666667
sadam,23.75,56.9666667
sadan,23.7547222,56.9283333
sad,23.5416667,58.4052778
safah,23.3125,58.0066667
safaij,20.4333333,58.7666667
safa,23.7922222,56.6952778
safil,23.0594444,57.13
safqat,16.75,53.4166667
safwan,24.5555556,55.8430556
sahaiah,24.2666667,56.3666667
sahalnawt,17.1480556,54.1797222
sahayli,22.5225,58.1588889
sahb al nun,26.1244444,56.3136111
sahban,24.1833333,56.3166667
sahil,23.2658333,58.9230556
saidah,23.6333333,56.8
said bin sahran,22.8,58.0
said,23.1616667,57.8580556
saifam,23.0166667,57.1666667
saih al maleh,23.6291667,58.5255556
saitaw,17.1091667,54.4261111
salaiyah,23.4441667,57.7002778
sal al ala,26.05,56.3772222
sal al kabir,26.3108333,56.4133333
salam,23.4652778,57.2741667
salayah,25.7705556,56.2755556
salaylah,23.1125,57.5411111
salb,26.3713889,56.3586111
salhad,25.8630556,56.2186111
sal hamdan,25.775,56.2802778
salh,23.55,57.2333333
salifah,23.2166667,58.5666667
salil,23.3713889,58.6405556
salil,25.6572222,56.1877778
salistam,26.0897222,56.1683333
sal khawr,25.8158333,56.3119444
sallan,24.3955556,56.7252778
sallan,23.1969444,58.9891667
sallat ashaba,26.1652778,56.2777778
sall malik,25.7180556,56.2266667
salmah,23.1947222,57.3711111
salmiyah,22.5286111,59.5288889
sal,22.1108333,59.6097222
salut,23.0533333,57.6588889
samail,23.3166667,58.0166667
samaiyah,22.9116667,58.8808333
saman,22.9833333,58.5666667
samhan,23.6525,57.8938889
samkat,23.2936111,58.5302778
samra,23.0908333,58.1047222
samud,22.4202778,59.1513889
sanat,25.8094444,56.3594444
sanau,22.4986111,58.0286111
sanhiyat,23.8833333,56.65
sanqar,24.4341667,56.6780556
sant,23.1052778,57.0691667
saqah,23.1047222,57.5588889
saqilah,23.0611111,57.0008333
saqlah,23.2269444,57.645
saqrah,23.1336111,57.6727778
saraima,21.0666667,58.35
sar ayd,23.9291667,56.3927778
sarfanah,24.1333333,56.2
sarin,23.2444444,58.5319444
sarkaan,17.1836111,54.3908333
saruq,23.6111111,58.4569444
sauqara,18.1166667,56.5333333
sawaiharah,24.3158333,56.7841667
sawaqim,23.26,58.7822222
sawt,23.0475,58.6880556
sawt,25.6563889,56.2622222
saybah,23.3891667,57.8372222
saydah,22.5166667,58.15
sayh adh dhabi,23.4955556,58.5016667
sayhakil,25.7905556,56.2472222
sayh al asfal,26.0775,56.3433333
sayh,23.0280556,58.0119444
sayjah,23.215,57.8725
sayjani,23.2297222,58.0702778
sayma,22.7708333,59.2136111
sayma,22.9666667,57.9166667
saynah,23.8052778,57.1416667
sayq,22.5097222,59.1222222
sayr,23.4833333,57.1166667
sayyah,23.6877778,56.5513889
sedab,23.5961111,58.5966667
sehab,17.0447222,53.9727778
sehaff,17.0605556,53.9747222
shafa,22.7666667,57.75
shafia,17.3333333,52.7833333
shaghaf,20.5091667,58.7852778
shaghi,22.58,59.5111111
shahait,17.1241667,54.4352778
shahiq,22.4333333,58.7833333
shakhakhit,23.7005556,58.0363889
shalim,18.1166667,55.6333333
shamm,26.2197222,56.34
sham,23.8841667,56.5366667
shanatir,23.35,57.0266667
shantut saham,23.7480556,55.5505556
shanut,23.1166667,57.65
shaq,23.3016667,57.9863889
sharbatat,17.9333333,56.3333333
shariah,22.8316667,58.1680556
sharik,23.2336111,58.0797222
shariq,22.525,58.1238889
shariyah,23.4452778,57.3216667
sharjah,24.0666667,56.4166667
sharjat saqabah,23.1433333,57.5644444
sharkh,21.25,59.05
sharmilah,25.6530556,56.1791667
sharqatayn,23.3011111,57.98
sharqi hafit,23.9738889,55.8436111
sharyah,25.8602778,56.3716667
sharyatayn,23.0411111,58.5441667
sharyat ayqal,26.0827778,56.3436111
shat,23.1125,58.5161111
shaww,23.1666667,57.6833333
shayrah,23.8602778,56.6416667
sheria,23.5075,57.9186111
shibat,26.0711111,56.1097222
shibith,17.3333333,52.75
shib nahiz,17.1594444,54.0822222
shibob,17.1702778,53.9936111
shidah,23.9930556,56.6505556
shijah,23.0066667,59.0097222
shiqqat al awd,20.3166667,56.1666667
shirs,23.7741667,57.6183333
shirs yal burayk,23.7883333,57.6047222
shiya,22.5577778,59.6172222
shuaymiah,17.95,55.6833333
shubaykah,23.5377778,57.4694444
shufi,22.6402778,59.2905556
shufrah,26.1791667,56.2561111
shukayli,23.2877778,58.6044444
shumayt,23.4,56.86
shurayjah,23.3094444,58.0144444
shuwahi,23.2369444,58.1183333
shuwah,23.1919444,57.5575
shuwaymirah,24.3666667,56.3333333
sibi,26.2080556,56.4188889
sib,23.2972222,57.9816667
sidakah,25.6363889,56.1669444
sidaq,23.4352778,57.0469444
sihah,23.7797222,57.1483333
sihlat,24.33,56.5130556
sih-mall-rakhyut,16.8166667,53.3166667
sikun shikfaino,17.1330556,54.1588889
silad,25.7197222,56.2069444
silayb,26.0352778,56.1977778
silay,23.0552778,58.9808333
silhi,25.6727778,56.1769444
simah,26.0644444,56.3055556
sinaf,22.5883333,59.2863889
sinni,23.4097222,57.1158333
sinsilah,23.21,58.0830556
sint,23.1302778,57.0836111
siqattah,25.6163889,56.2338889
sirab,23.1483333,57.5591667
sira,22.6833333,58.5166667
sirqan,23.0855556,57.7394444
siseroon,17.1322222,54.005
si,23.4930556,57.115
siyaq,23.8280556,57.4511111
siya,23.2077778,58.6852778
siyudin,23.0413889,58.1975
siyyah,22.7666667,57.6333333
smoor,17.1313889,54.5416667
subakh,24.7236111,56.1819444
subayb,23.2161111,57.1480556
subaykhah,23.1377778,57.0855556
sudamat al khanabish,23.8783333,56.3761111
sudh,17.05,54.1333333
sudi,23.4744444,57.1669444
sufalat dank,23.5658333,56.2675
sufalat misfah,22.9611111,58.2775
sufun,22.6422222,59.2875
suhal,23.4833333,57.6
sukaykira,22.5491667,59.5213889
sulaymi,22.7666667,57.85
sulfi,23.2458333,58.5572222
sultiyah,23.2922222,57.9755556
sumaysim,23.2111111,57.4552778
sumhuran,17.0408333,54.4313889
sumut,22.9666667,58.5666667
sunaysilah,22.5791667,59.5002778
sunnar,23.1888889,57.6316667
sunub,23.4847222,58.3475
sur ad dawahinah,23.9702778,57.0788889
suraj,23.6227778,58.5508333
sur al abri,24.6566667,56.5152778
sur al balush,24.1686111,56.8866667
sur al bu hilal,23.8502778,57.3591667
sur al bu khamis,23.7633333,57.6516667
sur al bu rashid,23.8811111,57.2636111
sur al mazari,24.6425,56.5216667
sur ash shiyadi,24.1911111,56.8763889
surayr,19.8333333,57.75
sur bani hamad,24.6591667,56.4941667
sur bani khuzaymah,24.6716667,56.5052778
suri,23.6163889,56.9569444
sur khusaybi,24.6597222,56.5127778
sur laqtayt,23.9433333,57.1222222
sur maghabishah,23.8552778,57.3825
sur yal bu rashid,23.8575,57.3738889
suwadi al batha,23.7691667,57.7652778
suwadi alwa,23.7405556,57.7347222
suwar,24.0166667,56.4666667
suwayah,26.0238889,56.3852778
suwayd,23.3880556,57.0358333
suwaykimi,23.0458333,58.6547222
suwayyah,23.6788889,57.0688889
suwiqah,22.9455556,58.0205556
taab,22.8891667,59.1841667
tabaqah,23.3897222,57.3138889
taburah,26.0933333,56.1752778
taf al qarha,26.1052778,56.2988889
taf al rakhm,26.2088889,56.2127778
tafif,25.7530556,56.1725
tahwah,22.3997222,59.2486111
taiwa,22.8283333,59.2583333
takham,23.425,57.4327778
talh,23.2986111,57.1686111
tanaam,23.1447222,56.4669444
taqub,23.1841667,57.4908333
tarif,23.7469444,57.6202778
tasah,26.2933333,56.4191667
tasawir,23.4877778,58.1044444
tawi al badu,23.5275,57.3308333
tawi al hayl,24.3833333,56.3166667
tawi al qarinat,24.0075,56.7413889
tawi aqdah,24.2519444,55.8480556
tawi bedi guish,23.8672222,57.3736111
tawidah,23.3055556,58.0297222
tawi harim,23.8408333,56.3436111
tawi khadaraq,23.7255556,55.5288889
tawi kuraysh,21.0166667,58.0166667
tawi muqayriyah,23.5411111,56.3727778
tawi nawimiya,23.6872222,56.2555556
tawi nuss,22.9166667,57.7166667
tawi sadh,22.95,57.6666667
tawi sayh,23.3027778,57.55
tawi sulaym,22.55,58.6666667
tawi,26.1777778,56.2161111
tawi ubayd,24.3713889,55.9244444
tawiyah,23.3963889,57.7672222
tawiyah,23.2172222,58.0772222
tawiyan,23.6041667,58.5969444
tawiyan yiti,23.5083333,58.6469444
tayma,22.5133333,59.3411111
taymissah,22.85,57.4666667
tayyib,23.4247222,57.1636111
teetaan,17.2,53.9833333
thabiti,22.7283333,58.5319444
thaghi,25.7008333,56.2730556
thaloot,17.1708333,54.2611111
thaqib,23.1875,57.5638889
tharfait,17.1336111,54.3533333
theb,23.2038889,58.5852778
thina,23.2511111,58.0902778
thinqayr,17.7166667,53.0666667
thissor,17.1308333,54.1016667
thumayd,23.4255556,58.095
tibbah,23.8163889,57.4713889
tidah,26.1055556,56.1569444
tikhah,23.2725,57.4566667
tul,23.0244444,58.7430556
tumayt,24.7672222,56.2202778
tunus,23.3758333,58.515
turayf,24.6697222,56.4880556
tuwaybah,24.15,56.4333333
ukhaydir,22.6266667,58.0063889
ulyah,23.1033333,58.5677778
ulya,22.9275,58.0783333
umm adailan,21.7,58.6333333
umm al inah,24.6125,56.5377778
umm ar rasas,20.4666667,58.7833333
umm sialib,23.3547222,56.3547222
umq bir,22.7316667,59.1622222
umq,22.8994444,59.0858333
unkulth,17.1319444,54.2777778
uqdah,23.0844444,58.5677778
urf,20.25,58.7333333
urzuq,17.0166667,53.6833333
uwaydat,23.8955556,57.2816667
uwaynah,23.3027778,58.0427778
uyun,22.3702778,58.0594444
waab ali,26.1297222,56.1888889
waab al lif,26.1016667,56.1497222
waa bin baraq,26.1711111,56.2077778
waab mubarak,26.2016667,56.2152778
wab al sebil,26.045,56.3291667
wabal,23.4316667,57.4405556
wabal,23.1786111,57.8661111
wadd,22.5680556,59.2908333
wadi andam,22.4666667,57.9666667
wadi kabir,23.5886111,58.5605556
wadi khasbar,17.0988889,54.3272222
wadiyah al hadriyah,23.6397222,57.1930556
wadiyah al ulya,23.6525,57.2166667
wadiyayn,24.2486111,55.9597222
waghlah,23.4338889,58.1177778
wahala,24.9080556,56.2988889
wajmah,23.2227778,57.3027778
wakan,23.1427778,57.7347222
waljah,22.9833333,58.7833333
waqbah,23.6666667,56.3666667
waqif az zabrah,23.1875,57.3172222
wariyah,22.9858333,58.2936111
washihi,22.5727778,58.1927778
washihi,22.7205556,57.9963889
wasit,22.9333333,57.6
wasit,22.4472222,58.0191667
wasit,23.1527778,58.3144444
wasi,22.9066667,58.8830556
watif,18.4666667,56.45
wayt,23.9025,56.5233333
werrsaar,17.1983333,54.1413889
widham,23.8083333,57.5491667
wihi al murr,22.95,57.2666667
wishal,23.4780556,57.4427778
wughlah,23.1080556,57.8363889
wukabah,23.45,57.6
wutayyah,23.6033333,58.5016667
yahi risakh,17.4833333,54.55
yawiyah,23.1422222,57.4472222
yemah,25.6986111,56.2080556
yenkit,23.5147222,58.7002778
yidiyah al bahr,26.0852778,56.4383333
yidiyah safiyah,26.0927778,56.3997222
yika,23.3783333,57.1883333
yistin,22.4161111,59.1780556
yiti,23.5266667,58.665
yiyailah,26.1558333,56.4183333
zabah,23.7183333,55.5069444
zabara,21.4,58.4
zab,24.55,55.9833333
zafaran,24.4155556,56.7013889
zammah,23.2169444,57.4025
zarub,24.2011111,55.9586111
zawajah,23.46,57.3141667
zawliyah,20.5333333,55.9333333
zaydi,22.545,58.1769444
zaymi,24.45,56.2833333
zghiu,24.5644444,55.9852778
zi§abin,24.5141667,56.3594444
zi§abyah,24.35,56.3666667
zi§ahr sidrah,23.25,58.5833333
zi§ahur,23.2988889,57.5347222
zi§iyan,23.8833333,57.3166667
zikt,23.0938889,57.4305556
zilaft,22.5902778,59.0908333
zi§uwayhir,23.4213889,57.1511111
zi§uwayhir,24.3833333,56.0333333
zukayt,22.8833333,57.75
