abzi-kula,42.485,19.181111
adilovici,43.197222,19.579444
adrovici,42.896111,19.968056
agovica,42.8825,19.995
ahmedmujovici,42.554722,19.797222
ahmedredic katun,42.815833,20.124722
akani,42.571111,19.900833
alagin do,42.846944,18.542222
aleksandrov grad,43.154722,19.121944
alibrahimaj,42.091111,19.298333
alici,43.255833,19.356389
alilovce,43.130833,19.645556
alje,42.687778,19.741944
aluga,42.485833,18.8425
aluge,42.708333,19.343889
ambula,41.980278,19.3525
ametovina,43.347778,19.273611
andelat,42.718056,19.794167
andrici,42.48,18.496667
andricici,42.274444,18.906111
andrijevica,42.733889,19.791944
andrijevo,42.695278,19.351944
androvici,42.209722,18.955556
antivari,42.093056,19.100278
aprcovici,43.153611,18.733611
arapi,42.786667,18.763056
arbanasi,42.365556,19.036111
arbanaski do,42.420833,19.031389
arbanes,42.075278,19.340278
arza,42.369722,19.402778
avlija,43.523333,19.157222
avtenice,42.849722,18.919722
azane,42.95,19.948056
babacici,42.934444,19.934444
babaici,43.107778,19.632778
babalonija,42.293333,18.844722
babica mala,42.778333,19.9375
babica polje,42.959167,19.570556
babici,43.279444,18.865833
babicpotok,43.335833,19.314722
babina,42.9025,19.898056
babino brdo,43.353056,18.877778
babino polje,42.606944,20.053611
babljace,42.633056,19.470833
babljak,42.833889,19.512222
babulja,42.553889,19.163333
babunci,42.401667,18.614722
bac,42.886667,20.296389
bacevac,42.843056,20.134444
bacevici,42.796667,18.5675
bacevine,42.857222,18.998333
bacevnik,43.164722,19.277222
backovine,42.432778,19.113611
bagocina,42.936389,20.146111
bailovici,43.264444,19.025278
baj do,42.658611,19.444444
bajice,42.394167,18.893056
bajov do,42.738889,18.72
bajovina,43.491389,19.143056
bajov kamen,42.959167,18.696389
bajovo polje,43.012778,18.878333
bajraktari,42.044722,19.195278
bakije,43.514722,19.211944
bakoci,42.476389,18.606111
bakovici,42.848056,19.516944
bakrenjace,43.372778,19.340556
balabani,42.325,19.233889
balabusici,42.4625,18.651389
bale,42.407222,18.880556
baljacki do,42.919444,18.560278
baloci,42.460278,19.136111
balosave,42.756667,18.615556
balotice,42.845278,20.220833
bamburi,43.212222,19.405
ban,42.856944,18.476111
bancic brdo,43.417778,19.219167
bandicka zupa,42.480278,19.123056
bandzov,42.780833,20.130278
banja,42.501944,18.692778
banja selo,43.054167,19.724167
banje brdo,42.746944,19.403611
banjevac,42.826944,19.819722
ban-lug,42.729444,19.343056
banovici,42.305556,18.974167
banovina,42.484167,18.674167
baosic,42.4425,18.63
bapsula,42.144444,19.215833
bara,42.621667,18.686111
baran selo,42.825,18.513889
bardici,42.165,19.165278
bare ajdinovica,42.814167,19.883611
bare,42.6225,19.073333
bare kraljske,42.749444,19.612778
bare zugica,43.108056,19.171667
barice,42.768611,19.414722
barjamovica,42.504167,18.981389
barlaj,42.356944,19.418056
barni do,43.255833,18.880833
bartula,42.083056,19.141667
barutana,42.3925,19.141944
basca,42.91,20.13
bascinovici,43.287778,19.350833
basino selo,42.566389,18.879444
bastahe,42.864167,19.793333
bastasi,42.738056,19.085833
bata,42.553611,18.815
batal,42.751389,19.583333
batute,42.3575,18.737778
bavcici,43.513056,18.968056
bazagur,42.347222,19.109167
bazdan,42.394722,18.700278
becic,42.283889,18.869167
becko korito,42.921389,18.521667
bedem,42.775556,18.943333
begar,42.710556,19.801667
begova dol,42.5025,18.78
begova glavica,42.370278,19.143889
begova luka,42.502222,19.324444
begovic,42.386944,18.614444
begovina,42.514167,19.133056
beljkasi,43.406111,19.329722
beljkovici,43.171667,19.415833
belovina,43.020556,19.413611
belusevac,43.319167,18.933333
belveder,42.380833,18.9425
benkaj,42.443611,19.481944
beran,42.8425,19.873333
beran selo,42.855278,19.863889
beri,42.433333,19.184444
berislavci,42.3025,19.2175
berjasi,42.074444,19.311944
berova,42.491111,19.445278
besa,42.1475,19.225
besevina,43.375833,19.218333
besnik,42.871111,20.258889
bezijovo,42.494167,19.422222
bezuje,43.051667,18.898611
bigor,42.399444,19.132222
bigovo,42.356944,18.705
bijedanj,42.799722,19.868333
bijedici,42.933333,19.833333
bijela,42.453333,18.655556
bijela crkva,42.876111,20.196944
bijela glavica,42.038333,19.144444
bijelasi,42.100833,19.104167
bijela stijena,43.165278,19.685278
bijela voda,43.218611,19.495278
bijele poljane,42.6075,18.885
bijeli potok,42.775833,19.536667
bijelis do,42.229167,18.981944
bijelo polje,43.029167,19.745556
bijelovo brdo,43.340556,19.268611
bijelske krusevice,42.471667,18.642222
bijorici,42.939722,19.836667
bileca,42.506389,19.133611
bioca,42.513056,19.351389
biokovac,43.171111,19.606111
birac,42.889722,18.622222
bisac,42.438889,19.438333
biserna obala,42.159722,19.004722
bisevo,42.910278,20.216111
bistrica,42.306667,19.185
bistrica lipovska,42.863333,19.4825
bistrica lipovsko,42.816944,19.441944
bitelica,43.019167,18.531667
bitine,43.205833,19.287778
bjelice,43.113056,19.821667
bjelila,42.405278,18.665
bjeljoskja,42.388611,19.404444
bjelojevice,42.935833,19.596667
bjelosevac,42.784167,19.922778
bjelosevici,42.315,18.767222
bjelosevina,42.721667,19.137222
bjelosi,42.373056,18.900278
bjelovici,42.816944,18.623056
blaca,42.796944,19.435833
blace,42.928889,20.188611
blagojevic,42.571944,18.633611
blatina,42.851667,19.484444
blatka,42.955,19.886389
bliskovo,43.142778,19.547778
blizikuce,42.245556,18.904444
blizna,42.508333,18.803333
blizurat,42.543889,18.917778
bljaca,42.123056,19.256389
bljekov mramor,43.091111,19.278056
boan,42.941389,19.212778
bobija,42.347778,19.141667
bobotovo groblje,43.030556,18.66
bobova ulica,42.645833,18.683611
bobovine,42.349444,19.151667
bobovista,42.115278,19.271389
bobovo,43.270556,19.129444
bogaj,42.846111,20.085
bogajice,42.583056,19.953611
bogdasici,42.425278,18.734722
bogetic,42.336944,18.791389
bogiceici,42.577778,19.076667
bogicevica,42.550556,18.638889
bogisici,42.398056,18.680833
bogmilovici,42.612222,19.012778
bogojev do,42.637778,18.731111
bogomolja,43.130556,19.2875
boguti,42.320278,18.981111
bogutov do,42.684167,19.353611
bojanic,42.565556,18.655556
bojanje brdo,42.658889,18.614722
bojate,43.254722,18.9575
bojici,42.866944,19.293333
bojin do,42.722778,19.414167
bojista,43,19.689722
bojka,42.038333,19.286944
bojovice,42.705833,19.797778
bojovici,42.582778,19.788056
bojovina,43.369722,19.428056
bojska gora,42.695556,19.365
bokovo,42.398611,18.97
boksin do,42.668611,18.668333
bolesestra,42.590556,19.420833
bolevici,42.072778,19.316944
boljanic,43.455556,19.213333
boljanici,43.45,19.206944
boljanina,43.037778,19.799167
boljev do,42.497778,19.343611
boljevici,42.2225,19.0875
bonjin do,42.763611,18.765556
borak,42.637778,18.864444
bor,42.947222,20.013056
borca,42.134444,19.065
borcane,43.198056,19.430556
borete,42.283333,18.862222
boricje,43.134167,18.916389
borisici,43.488333,19.02
borislavljevica,43.106667,19.412778
borjanica,43.488889,19.025278
borje,43.166389,19.185
borkovici,43.1,18.875833
boronjina,42.640833,19.032778
borova,43.171667,19.448056
borovac,43.008056,19.184722
borovica,43.303611,19.315833
borovi do,42.611389,18.823333
bosaca,43.163333,19.087222
boskovici,42.051111,19.160556
bosnjaci,42.973333,19.945278
botun,42.385,19.2
boturic,43.069722,19.821389
bovan,42.921667,20.318056
bozaj,42.311389,19.381389
bozdarev do,42.663056,18.690833
bozice,42.723056,19.786389
bozurev do,43.348611,18.921111
bracan,42.586667,18.677222
bracani,42.482778,19.105833
bracena,42.253611,19.078611
bradasica,42.614167,19.484722
braisa,42.023333,19.313889
brajevici,42.490278,18.478333
brajica brijeg,42.796389,19.591944
brajici,42.303889,18.898611
brajkovaca,43.088611,19.354444
brajkovina,42.464167,18.549722
brajovici,42.553333,19.151944
brajovicko gostilje,42.577778,19.2
braka,42.440278,19.395
brankov do,42.746667,18.725278
branlovica,42.553056,19.0875
bratesici,42.347222,18.789167
bratica,41.951667,19.2025
braticev do,42.666111,18.727778
braticevi dolovi,42.675278,18.728889
bratkovica,42.850833,19.341667
brat-njive,42.551944,19.364167
bratosavina,43.2325,19.415278
bratozica,42.749444,19.465278
brazda,43.400556,19.326667
brceli,42.241667,19.011667
brcve,43.093056,19.793611
brda,42.220833,18.951667
brdo,42.620556,19.109722
bregove,43.101667,19.681389
bregovi,42.520556,19.226111
bregvija,41.9025,19.320278
brekinja,43.488333,19.134167
brekovac,42.942778,18.559167
brestica,42.715556,18.797222
brestovi,42.557222,18.909444
brestovi do,42.671667,18.804722
brestovik,42.971111,19.813056
brevica,42.644444,19.783333
breza,43.038889,19.588889
brezani,42.157222,19.031944
brezde,42.995278,19.848889
breze,43.169167,19.6775
brezevice,42.551111,19.464444
brezine,42.3925,19.113889
brezojevica,42.62,19.926944
brezovac,43.006667,19.618056
brezova glava,43.483056,19.045
brezova ravan,43.326667,19.233056
brezov do,42.551944,18.609167
brezove rupe,42.631111,19.3425
brezovi do,42.910278,18.953889
brezovik,42.819444,18.925556
brguli,42.3925,18.617222
bride,42.371389,19.136667
brijeg,43.348611,18.887778
brijege,42.2425,19.027222
brijeg vuksanovica,42.508333,19.346667
brijestovo,42.608333,19.122222
briska gora,41.970278,19.303333
briski do,42.765278,19.030278
brkanovici,42.041111,19.176389
brkljaca,43.262222,19.464167
brkovic,42.482222,18.673333
brljevo,43.188611,18.829167
brnovici,42.348333,19.146389
brocanac,42.73,18.854722
brocanac grahovski,42.758889,18.563611
brocnik,42.579722,19.341111
brod,42.208056,19.181111
brojenovac,43.011667,19.627222
brskut,42.611944,19.497222
brsno,42.727222,19.025
brstevac,42.998611,18.719722
brzava,42.963889,19.809444
buavice,42.319444,19.002222
bubanje,42.957778,19.830278
bubrezak,42.766389,18.876667
buce,42.821944,19.854722
bucelj,42.573333,19.801111
bucin,42.323889,18.746667
bucje,43.040278,19.651667
budanj,43.166667,18.826667
budecevica,43.144444,19.289722
budevac,42.989722,19.431389
budimlja,42.863889,19.891667
budisi,42.150278,19.049167
budojevici,43.508611,18.971667
budovica,42.565556,19.909722
budua,42.286389,18.84
budza,42.445833,19.4475
bujaci,43.168056,19.393056
bujkovici,42.384444,18.766667
bukotica,42.635556,19.244444
bukovac,43.044444,18.875833
bukova prodo,42.681667,18.634167
bukova suma,43.525,19.185556
bukova voda,43.021944,19.760556
bukovica,42.435,18.848889
bukovi doli,42.9025,18.936111
bukovik,42.231111,19.027222
bukovi kraj,43.138056,19.587778
bukovi lokanj,42.5675,18.951111
bukovi potok,42.766667,19.585556
bulinovac,42.973056,18.549167
buljarica,42.198611,18.965278
bulje,42.704444,19.3675
buljev pod,42.613333,18.651667
buljici,42.736389,19.932222
buljunice,43.454167,19.260833
buljusa,42.92,18.591667
bunar,42.834167,19.394444
bunca,42.530556,19.364722
bunovici,42.485556,18.593056
burenjski do,43.023611,19.544444
burici,43.513056,19.173333
buronje,42.806667,19.500278
buronji,42.430556,19.101944
buronjski do,42.358611,19.136389
burtaisi,42.095,19.113611
busak,42.833611,18.733056
busin do,42.616667,19.110833
busnje,43.378056,19.279722
cafa,42.451667,19.165833
calanovica,42.623889,19.021944
campari,43.059444,19.963611
canj,42.162778,18.998056
capre mahala,42.0375,19.354444
carade,43.005556,18.685278
cardak,43.167222,19.120556
carevic,42.122222,19.099722
carine,42.728333,18.610278
castelnuovo,42.453056,18.5375
cattaro,42.425833,18.771944
causevac,42.575,18.954722
causev do,43.463056,19.189167
cavanj,43.1525,19.361389
cavlovic kula,43.397778,19.202222
cavori,42.363611,18.804722
ceca,42.725278,19.3725
cecevo,42.69,19.762778
cecune,42.678889,19.786944
cejirenci,43.510556,18.984444
cekanje,42.432778,18.858611
ceklin,42.357778,18.980833
celina,42.544444,18.819722
celinacki dolovi,42.467222,18.926667
celine,42.905278,18.858333
celinski do,42.748611,18.8875
celj,42.52,19.349444
celobrdo,42.268333,18.908333
celuga,42.081111,19.112778
cemani,42.873611,19.989167
cemenca,42.793056,18.940833
cenic,42.468333,18.475556
cepelnica,42.795833,18.705833
cepetici,42.436111,19.049167
cepici,42.996944,19.866111
cerak,42.857778,18.753889
ceranica gora,42.865,19.101944
ceratov brijeg,42.871111,18.9725
cer,42.964444,19.181667
cerje,42.498333,19.368889
cernica,43.046667,19.619722
cerovac,43.027778,19.782222
cerovci,43.381111,19.125833
cerovica,42.816389,18.702222
cerovice,42.763889,19.350833
cerovi do,42.519167,18.803611
cerovik,42.543056,18.666111
cerovi pod,42.344444,19.143056
cerovo,42.669167,18.972778
cerovo prodo,42.975,18.563333
cesakovina,42.511389,19.156667
cesljari,42.399167,19.038333
cestin,43.418056,19.03
cestogaz,42.7075,19.501667
cetanski pod,42.724722,18.971667
cetinje,42.392222,18.9225
cetkovice,42.76,19.879444
cevo,42.545,18.919167
cijevna,42.43,19.476111
cikotici,42.894722,19.998611
cipcije,43.192222,19.13
ciperovaca,43.164722,19.156667
ciri kace,42.571667,19.856667
cirovici,43.256111,19.431944
cista vlaka,42.862778,18.623333
cisto polje,42.338056,18.983889
citluk,43.118056,19.628889
civlak,41.9375,19.186944
ckla,42.083611,19.360833
cokarlinsko brdo,43.106667,19.584444
coklije,42.924722,20.209722
cokotin,42.958333,19.190833
cokova luka,43.311944,18.848889
cokrlije,43.100833,19.628056
colanice,43.108611,19.462778
colani,42.3275,18.741389
colanov do,43.045556,19.302778
colovici,43.389444,19.238333
cosovica,42.903889,20.103889
cosovici,42.5425,19.835556
coveca glava,42.77,19.811944
creoce,43.074722,19.690556
crgalje,42.979167,19.924444
crkvice,42.524167,19.344167
crkvina,42.795556,19.452222
crljenica,43.365278,19.415833
crljenice,43.361389,19.398333
crljevine,42.914722,19.851111
crnacko brdo,42.542222,19.250833
crna gora,43.216111,19.005278
crna greda,42.389444,18.936944
crnca,42.911944,20.323889
crnce,42.975278,19.853056
crnci,42.531111,19.235278
crni kuk,42.903333,18.616944
crni nugli,42.597778,18.698056
crnionica,43.002778,19.725278
crnioni do,42.634167,18.7275
crni potok,42.732222,19.466944
crnis,42.949167,19.908611
crni val,42.755556,19.55
crni vrh,42.8575,19.825
crnobori,43.254167,19.308056
crno brdo,43.413333,19.17
crnodoli,42.786111,18.886111
crnokrpe,42.925,20.232778
crvena lokva,43.056944,19.428056
crvena paprat,42.468611,19.113611
crvena stijena,43.109722,19.329722
crveni do,42.618056,18.721944
crvioca,43.044444,19.835
crvljak,42.693611,19.738889
cucevica,42.670278,19.521111
cucici,42.283889,18.884167
cuke,42.864722,19.4175
cukovac,43.423611,19.101111
cukovici,42.315556,19.054167
curaj,42.042222,19.321389
curcici,42.598889,19.002778
curilac,42.534722,19.1175
curjan,42.094444,19.308333
curke,41.935833,19.339444
curukaca,43.083611,19.365278
cvarin,42.485556,19.323611
cvijovica dolina,43.419444,19.292222
cvilin,42.507222,19.420556
dabezici,42.038333,19.207778
dabojevici,42.673333,19.017222
dabovici,42.268333,19.082778
dabovina,43.428889,19.298611
dacici,42.808056,20.178056
daci,42.418611,19.04
dahca reka,42.944444,20.078056
dahna,42.423056,19.228611
dajbabe,42.409444,19.223611
dajcin do,42.653056,18.8175
dakonovici,42.331667,18.8175
ðakov do,42.589444,18.866389
dakovici,43.509167,19.2175
daljam,42.487222,19.175833
dalovici,43.074167,19.9475
damjanovici,43.408611,19.321111
danave,42.586389,18.816389
danilovgrad,42.547222,19.105278
dapcevici,42.0425,19.199167
dapkovici,42.280556,18.9075
dapsice,42.847778,19.921111
dapsici,42.829722,19.947222
daronji do,42.784167,19.066111
darza,41.948056,19.317778
dauti,43.209722,19.609722
debeli grmen,42.661111,19.002778
decbitrici,42.074722,19.334167
dedezi,42.4875,19.073333
dedici,42.174722,19.163611
dedina ravan,42.7225,19.436667
dedinice,42.6375,19.446389
ðedovo polje,43.078889,19.288333
dekare,43.521944,19.203611
dekovici,42.760278,19.740278
delaj,42.443889,19.469444
delevici,42.872222,19.928889
delici,43.336667,19.375556
ðelovi do,42.713333,18.703889
demici,43.431667,19.245833
demirovici,42.085278,19.35
denasevici,42.076667,19.310278
dencici,42.076667,19.329167
dendinovici,42.1525,19.045
denjaca,43.030556,19.804444
denovic,42.436944,18.602222
derace,42.944444,19.875556
dervisevici,42.578611,19.810278
desni meteh,42.619444,19.980278
deveta,43.364444,19.330556
devojacki do,42.743611,18.644722
dide,42.503056,18.845278
dijo,42.979444,19.705556
dijonice,42.686667,19.4925
dine,42.890556,19.921389
dinesa,42.418611,19.338889
dinje,42.881944,19.915278
ðinov do,42.588611,18.752222
dinovici,42.411944,19.005556
divanovici,42.276111,18.89
ðivorad,42.860833,19.447222
dizdarev do,42.522222,18.478889
djurasevici,42.394722,18.688333
do adzica,42.753056,19.569444
doberdol,42.964722,19.996944
dobra gora,42.574444,18.799722
dobrakovo,43.139444,19.774444
dobra sela,42.964722,19.109444
dobra voda,42.048889,19.143889
dobrcin,42.409444,19.438611
dobrdsko selo,42.379444,18.964444
dobreci,42.123333,19.220833
dobre vode,43.080833,19.732222
dobri do,42.595556,19.233611
dobrilovici,43.162778,18.891111
dobrilovina,43.033611,19.386389
dobri lug,42.711111,19.391389
dobrinje,43.151389,19.719722
dobri nugo,43.095833,19.202222
dobro brdo,43.126389,19.715
dobrodo,42.896944,19.27
dobronez do,42.538056,18.786389
dobro polje,42.635278,19.026389
dobroseoska merulja,43.072222,19.165
dobrota,42.454167,18.768333
dobrovoljici,42.781667,19.0525
dobrska zupa,42.393889,19.051389
dobrus,42.655556,18.966944
docici,42.701667,18.742778
doderovici,43.177222,18.670278
dodici,42.071944,19.342778
do,43.041111,18.739722
dodosi,42.329167,19.136389
doknica dolovi,42.984722,18.733889
dolac,42.846667,19.852778
dolenji lovnica,42.870556,20.138889
dolina,42.905278,20.146944
doline,43.243889,19.455833
dolinice,42.740833,19.336111
dolja,42.5375,19.794722
doljan,42.463889,19.3075
doljane,42.37,19.102778
dolovi,42.3775,18.822222
dolovi kovacki,42.588333,19.165833
dolovsko korito,42.583333,18.875
ðonca,42.697222,19.8
dondici,43.178056,18.907778
donja bijela,42.914167,19.129167
donja brezna,42.995556,18.904722
donja brezojevica,42.625556,19.926667
donja briska,42.118889,19.228889
donja brova,42.373889,19.042222
donja brvenica,43.373611,19.228333
donja bukovica,43.023056,19.1575
donja cuka,42.738333,19.720833
donja dobrilovina,43.054444,19.383889
donja dubova,42.331667,19.02
donja glizica,42.561389,19.178056
donja gorica,42.430833,19.212778
donja grabovica,43.016944,19.081111
donja ibrija,42.7525,19.36
donja josica,42.463611,18.671111
donja klezna,41.986667,19.278611
donja korita,43.037222,19.979722
donja kostanjica,42.485833,18.6675
donja kozica,43.240278,19.509444
donja kraj,42.398889,18.924167
donja krzanja,42.526111,19.439167
donja lastva,42.443056,18.688611
donja ljesnica,42.922778,19.906667
donja ljuta,42.825278,19.353333
donja markovina,42.529722,19.01
donja orija,43.372222,19.184167
donja plavnica,42.272222,19.201389
donja poda,42.0725,19.143611
donja polja,42.976389,19.525556
donja povija,42.683056,19.010278
donja rakita,42.979167,19.676667
donja rijeka,42.925278,19.276111
donja rudnica,43.379444,19.325278
donja rzanica,42.809722,19.875833
donja sela,42.310556,19.05
donja seoca,42.216944,19.145278
donja slatina,42.978611,19.164167
donja sozina,42.168056,19.071389
donja spila,42.724167,18.630556
donja stitarica,42.927778,19.5375
donja tikova,43.343889,19.233333
donja tisa,42.866667,18.886667
donja trebesica,42.704444,19.466944
donja trepca,42.819167,18.779722
donja vrbica,42.453056,19.334444
donja zaljut,42.539167,18.783333
donje bisevo,42.878333,20.228056
donje carade,43.018333,18.669167
donje crkvice,42.956667,18.541667
donje dajbabe,42.405556,19.228611
donje dubocke,42.883889,18.644444
donje gorice,43.178333,19.551667
donje grudice,42.698333,19.843056
donje jugovo,43.391111,19.3225
donje krce,43.406667,19.245556
donje krnjice,42.209722,19.1775
donje kunovo,42.786389,19.018889
donje ledenice,42.532778,18.709722
donje lipovo,42.863889,19.441944
donje momce,42.531111,19.403333
donje morakovo,42.717222,19.156667
donje mrke,42.5125,19.335556
donje polje,42.381667,18.928889
donje selo,42.206667,19.044722
donje srijede,42.890833,18.816667
donje stolivo,42.469722,18.711111
donje stravce,42.580833,19.465
donje stupine,43.401389,19.302222
donje sume,42.490278,19.232778
donje velje duboko,42.780278,19.277222
donje zagrade,43.342778,18.856111
donje zaostro,42.885833,19.855278
donji besnik,42.881389,20.264722
donji brceli,42.248056,19.010556
donji brocanac,42.757778,18.555833
donji bukeis,42.8025,20.171667
donji crnci,42.532778,19.211944
donji curilac,42.526111,19.121111
donji curovici,42.084167,19.313056
donji dubac,43.467222,19.098333
donji durickovici,42.514167,19.055278
donji frutak,42.581111,19.063611
donji gacevici,42.449444,18.783333
donji godijelji,42.992778,19.082222
donji gradac,43.394167,19.152778
donji izvor,42.610833,18.765833
donji kokoti,42.401111,19.197222
donji kos,42.727778,19.463333
donji kosic,42.020278,19.273333
donji kraj,42.205278,19.086389
donji lepenac,42.994167,19.600278
donji luzac,42.838889,19.855
donji markovici,42.507222,19.259722
donji martinici,42.538611,19.178056
donji medun,42.465,19.350556
donji miles,42.389167,19.3275
donji morinj,42.489444,18.647222
donji murici,42.158889,19.213333
donji orahovac,42.490556,18.757778
donji orasi,42.452778,19.031667
donji pipac,42.363611,19.108056
donji planik,42.754167,18.5125
donji pobori,42.326389,18.829167
donji rastis,42.029722,19.345
donji ravni,42.768611,19.444722
donji rogami,42.471944,19.271667
donji rsojevici,42.6,19.095278
donji sestani,42.184722,19.173333
donji stoj,41.910278,19.274722
donji susanj,42.118611,19.091944
donji timar,42.978333,19.191111
donji ulici,42.379167,18.988889
donji unac,43.190556,18.866944
donji velji mikulici,42.080278,19.1875
donji vukovci,42.326944,19.196111
donji zagradac,42.759167,19.386667
do pjesivacki,42.591667,19.024167
dorojevica vatan,42.936111,18.729444
dosude,42.575833,19.841944
dovista,43.385556,19.195556
dovolja,43.122222,19.344444
drac,42.435833,19.266389
dracevica,42.185556,19.190278
dracinovac,42.898889,20.345278
dragalj,42.605278,18.676111
dragaljevina,42.558889,19.257222
dragaljevo,43.041944,18.949167
dragasi,43.266389,19.253889
dragija,42.555556,19.820278
draginja,42.014167,19.346944
dragojlovic,42.509167,18.629167
dragomanovici,42.491111,18.6175
dragomi do,42.482222,18.828889
dragosava,42.893333,19.894444
dragosev do,42.603889,18.709722
dragosevo selo,42.540833,18.651111
dragova luka,42.789722,18.961667
dragovica polje,42.861667,19.32
dragovici,42.093611,19.266111
dragovo korito,42.957222,18.5825
dragutinovici,43.013333,20.0025
drakovici,42.645,19.031944
drakulovici,42.365833,18.730278
drasin do,42.553056,18.841944
draskovina,43.166944,19.627778
drazevina,42.431111,19.135
drazevine,43.085833,19.808889
drazin vrt,42.484444,18.730556
drenovac,42.527222,18.471111
drenovci,42.933333,18.500833
drenov do,42.297778,18.949444
drenovica,42.552778,19.126111
drenovistica,42.652778,18.991389
dresaj,42.32,19.336111
drijenak,42.838889,19.5075
drijenci,42.570833,18.802778
drijen,42.718333,19.403889
drndari,43.072778,19.656944
drndovina,43.351667,19.255
drobnici,42.230833,18.910833
dromira,42.600556,19.376944
droskoricki dolovi,42.652222,18.718889
drpa,42.825278,19.557222
drpe,42.793333,18.553611
drpe mandica,42.431667,19.264722
drum,42.428333,19.024444
drume,42.328889,19.376389
drusici,42.356389,19.091667
duba,43.023056,18.904167
dubaje,42.597778,19.473889
dub,42.386667,18.764722
dubline,43.434444,19.168611
dublje,43.231944,19.393611
dubljevici,43.085,18.890278
dubocak [historical],42.6,20.033333
dubocica,42.606944,19.380278
dubocke,42.895556,18.674444
duboka dolina,43.421944,19.213889
duboki do,42.595833,18.825833
dubovik,42.411389,18.884722
dubovo,42.329722,19.014722
dubrava,42.339444,19.264722
dubravcevina,42.400556,18.695278
dubrave,42.558333,19.056389
dubravica,42.454444,18.65
dubravice,42.534722,19.314444
dubrovca do,42.778333,18.661111
dubrovsko,43.009167,18.983333
ducice,42.715278,19.123333
ducici,42.478056,19.388889
dudevina,42.764444,19.401667
duga,42.545556,19.340556
duga njiva,43.034167,19.647778
dugi do,42.436944,18.835
dugi laz,42.593889,19.116667
dugna,42.961111,18.541944
dujeva,42.335278,19.066111
dujici,43.211667,19.474444
dujovici,43.356667,19.161111
dukat,42.7925,18.669722
dulanovina,43.35,19.431667
dulcigno,41.928333,19.206389
duletici,42.314167,18.839444
dulice,42.683333,19.8
ðuli,43.501667,19.100278
dulipolje,42.696389,19.750556
ðulov do,42.692222,18.694444
dulovine,42.815833,19.525
dumacine,42.718056,19.3575
dupilo,42.259444,19.041667
dupljaci,43.040556,19.9825
duranovici,42.357222,18.769722
duraskovici,42.352222,18.977222
duratovici,43.336667,19.375
ðuravci,42.174722,19.191111
durdev do,42.766111,18.679722
durdevica tara,43.158611,19.296667
durdevice,43.431389,19.205
durici,42.471111,18.670833
duricin do,43.043056,19.1225
duricka reka,42.575833,19.933333
ðurino brdo,43.124444,19.556944
durkovici,42.506944,19.293056
ðurmani,42.166667,19.024444
durovici,42.199722,18.978056
dusici,42.345833,19.3075
duske,42.008611,19.1925
dusko,42.628333,19.443333
duzice,43.529167,19.023889
duzi,42.976944,19.025
dvorista,43.454167,19.178333
dzaferov do,43.347778,18.861389
dzafica brdo,43.043889,19.755556
dzogulja,42.585556,19.158611
dzudzevici,42.875278,20.307222
dzukelska jama,43.0625,19.470278
dzuveri,43.241389,19.115
elezov do,42.690278,18.665
elici,42.782222,18.630833
eraci,42.402778,18.596944
erakovici,42.434722,18.83
erovici,43.013056,19.964167
farmaci,42.414167,19.191944
femica krs,42.974167,19.790278
feratovo polje,42.938611,19.567222
fijernje,42.213889,19.026111
firista,42.676389,19.920833
franciskovici,42.408056,18.654722
fraskanjel,41.967222,19.383611
fundina,42.441667,19.366667
fusa e nenes,42.438333,19.331944
fustici,43.037778,19.565833
gacevica dolina,43.278333,19.434444
gacevici,42.443611,18.788889
gadi,42.286667,19.023889
gagosi,42.327778,19.063333
gajevi,43.381667,19.237222
gaj,43.488333,19.108056
gajine,43.395,19.281389
galica,42.901389,20.029722
gardasevici,42.679444,18.849722
gardovici,43.3875,19.193056
garevac,42.921667,18.572222
gerani,42.532778,19.827778
geusi,43.502778,18.924167
gigcvici,42.299167,18.850278
gigovici,41.980278,19.266389
gilinoge,42.978333,19.641389
glavaca,42.883333,19.775833
glavaticici,42.329444,18.736944
glavatici,42.331389,18.733889
glavati,42.3075,18.775556
glavatske kucice,42.313333,18.786389
glava zete,42.665,18.998889
glavica,42.552778,19.095278
glibaci,43.220278,19.2375
glibavac,42.803056,18.948889
gligorov do,42.783056,18.718333
gligorski dolovi,42.763056,19.611667
glisin do,43.076944,19.155556
glisnica,43.406389,19.208056
glisovici,43.196944,18.912778
glizica,42.561111,19.179167
glogovik,42.461944,18.598056
gluhi do,42.2,19.047778
gluscevina,42.781111,18.556389
glusje selo,42.741944,19.058333
gluvcev do,42.572778,19.384167
gnevi do,42.413889,18.923611
gnjili potok,42.745278,19.717778
gobovici,42.369722,18.724167
goden,42.495,18.903889
godijelja,42.996111,19.085278
godijevo,43,19.895
godinje,42.221389,19.110556
godocelje,42.915833,19.943056
godusa,42.966944,19.939722
gogici,43.381667,19.311389
gojakovici,42.993611,19.481944
gojevici,42.935833,19.862778
gojkovic,42.507222,18.496389
gola strana,42.515833,19.239167
golemadi,42.386944,19.148889
golijski stozi,42.966389,18.7725
golocevci,43.341667,19.301667
golubinja,43.359167,19.386944
golubinjak,43.069722,19.5
golubinje,42.732222,18.767778
golubni do,42.966389,18.687778
golubovci,42.335,19.231111
golubovici,42.189167,18.987778
goluzba,42.42,19.206111
gomila,42.293333,18.795556
gomile,42.427778,19.036944
gomilice,42.476389,18.821111
goransko,43.119444,18.830278
gorazde,42.884167,19.916389
goricani,42.332222,19.211944
gorice,43.195833,19.531667
gorin do,42.501667,18.795556
gornic,42.383889,18.889167
gornja bijela,42.902222,19.155
gornja brevenica,43.378611,19.235278
gornja brezna,42.985556,18.965556
gornja briska,42.115,19.219444
gornja brova,42.376389,19.028889
gornja bukovica,43.036667,19.137778
gornja crnca,42.917222,20.306111
gornja cuka,42.733333,19.708611
gornja dobrilovina,43.021944,19.400833
gornja glizica,42.563889,19.180278
gornja gorica,42.438611,19.215833
gornja grabovica,43.027778,19.086111
gornja ibrija,42.760556,19.355278
gornja josica,42.465833,18.663333
gornja klezna,41.998333,19.261944
gornja korita,43.0075,19.966111
gornja kostanjica,42.483056,18.663889
gornja krzanja,42.538611,19.438889
gornja lastva,42.453889,18.7075
gornja ljesnica,42.917222,19.917222
gornja ljuta,42.810556,19.355556
gornja lomnica,42.894444,20.115278
gornja mala,42.786667,19.931944
gornja markovina,42.543889,19.008611
gornja orlja,43.385833,19.195556
gornja plavnica,42.284722,19.208611
gornja poda,42.070833,19.155
gornja polja,42.962778,19.551111
gornja rakita,42.969444,19.663056
gornja rijeka,42.920833,19.283056
gornja rovca,42.699722,19.338889
gornja rudnica,43.390556,19.369444
gornja rzanica,42.664722,19.920556
gornja sela,42.699167,19.416944
gornja seoca,42.213889,19.132778
gornja slatina,42.975,19.166667
gornja spila,42.718611,18.658611
gornja stitarica,42.917222,19.506944
gornja tikova,43.356389,19.228889
gornja tisa,42.859722,18.882778
gornja trebjesica,42.690278,19.475278
gornja trepca,42.8275,18.764167
gornja vrbica,42.459444,19.349444
gornja zaljut,42.568056,18.775833
gornje brestice,42.701111,18.803889
gornje crkvice,43,18.534722
gornje dajbabe,42.413333,19.225278
gornje dubocke,42.924722,18.653333
gornje gorice,43.195833,19.545833
gornje grudice,42.698611,19.853889
gornje krnjice,42.213333,19.168333
gornje krusevo,43.319167,18.854167
gornje kunovo,42.7875,19.0375
gornje ledenice,42.543889,18.704167
gornje lipovo,42.879444,19.4075
gornje momce,42.541111,19.415833
gornje morakovo,42.703611,19.188056
gornje mrcevo,43.420556,19.123889
gornje mrke,42.519444,19.323056
gornje polje,42.656944,18.637222
gornje selo,42.134444,19.147222
gornje srijede,42.9125,18.78
gornje stolivo,42.466389,18.715278
gornje stravce,42.563889,19.464167
gornje stupine,43.398889,19.307222
gornje velje duboko,42.782222,19.257778
gornje vodice,42.707778,19.4475
gornje zagrade,43.338611,18.859167
gornje zaostro,42.894444,19.836944
gornji bogdasici,42.440556,18.731944
gornji brocanac,42.771389,18.581389
gornji bukelj,42.788333,20.169722
gornji curilac,42.543056,19.1175
gornji curovici,42.070833,19.314722
gornji do,42.734722,18.623611
gornji dubac,43.478333,19.113889
gornji durickovici,42.521944,19.050278
gornji frutak,42.589167,19.050833
gornji gradac,43.386667,19.162778
gornji izvor,42.605278,18.7775
gornji kazanci,43.066389,18.67
gornji kokoti,42.398056,19.175556
gornji kos,42.715833,19.468333
gornji kosic,42.035278,19.271111
gornji kraj,42.355556,18.976111
gornji lepenac,42.992222,19.570556
gornji luzac,42.829722,19.843611
gornji markovici,42.519167,19.265278
gornji martinici,42.554167,19.191944
gornji medun,42.473611,19.368611
gornji mestrevac,43.286944,19.036667
gornji morinj,42.487778,18.615
gornji murici,42.150278,19.200556
gornji orahovac,42.492778,18.76
gornji pipac,42.368333,19.107222
gornji planik,42.758889,18.502222
gornji rastis,42.038333,19.332778
gornji ravni,42.775278,19.44
gornji rogami,42.486944,19.288611
gornji rsojevic,42.611944,19.103611
gornji sestani,42.162222,19.171667
gornji stoj,41.888056,19.351389
gornji susanj,42.124722,19.08
gornji timar,42.975833,19.203611
gornji tupan,42.800278,18.605833
gornji ulah,43.056389,19.816111
gornji ulici,42.382778,18.9975
gornji unac,43.183333,18.8975
gornji vukovci,42.334444,19.2
gornji zagradac,42.754167,19.381111
gorovici,42.333333,18.793333
gosic,42.398056,18.661389
gosici,42.318611,19.261667
goslic,42.961111,18.7075
gostac,42.735556,18.796667
gostilje,42.301944,19.239167
gostilje martinicko,42.571667,19.213889
gostilovina,43.001111,19.463611
gostojevici,42.685,18.972222
gostovici,42.298889,18.753333
gotovusa,43.401111,19.290278
govede brdo,43.252778,19.456667
grabe,42.446667,18.641944
grab,42.361111,19.058056
grabova gomila,42.529722,18.939444
grabov do,42.530278,18.670556
grabovica,42.215833,18.954167
grabovi do,42.448611,19.010556
grabovnik,43.036667,19.772778
gracanica,42.693056,19.851389
gradac,42.413333,19.092778
gradacka poljana,42.880278,19.085833
gradani,42.274722,19.003611
grad,42.683333,19.365556
gradina,42.526944,18.8375
gradiosnica,42.420833,18.727222
grahovac,42.687778,18.611389
grahovo,42.6525,18.671389
grancarevo,43.098889,19.676944
grandov do,42.593611,18.726389
grandovina,42.604444,18.690833
granica,42.424444,19.08
granice,42.829722,18.988611
granovo,42.869444,20.176111
graovista,43.441111,19.155833
grbavci,42.367222,19.188889
grbe,42.5,19.195833
grbi do,42.633611,19.479167
grcka stanica,43.092222,19.155556
grdoci,42.085278,19.323889
grdovici,42.033056,19.186389
grdovine,42.727778,19.376667
grebice,42.795,18.929722
grebnica,42.815,18.690556
greca,42.491944,19.356667
grepca,42.759167,18.540556
grevo,43.32,19.346389
grizica,42.904722,20.160278
grkavac,42.5475,18.7125
grlic,42.548056,19.112222
grncar,42.576667,19.796944
gropa e morisit,42.431667,19.333611
gropa,42.513056,19.098889
gropa smailova,42.586667,19.902778
grubani,42.387222,19.123611
grubanova gora,43.132222,19.583333
grubesice,43.148333,19.654167
grubin do,42.551111,18.764444
gruda,42.381944,18.922222
grudevica,42.985833,19.770556
gubavac,43.096667,19.781944
gubce,43.105278,19.726111
guberinici,42.636667,19.485556
guci,42.561944,19.833889
gudure,43.129444,19.671389
guke,43.359722,19.339722
gunjaja,42.746667,19.800833
gunjani,42.693611,19.347222
gunjicici,43.484722,19.033056
guraza,42.161111,19.17
gurec,42.386944,19.386111
gusarevci,43.02,19.1425
gusarica,42.953611,18.5475
gusici,42.62,19.411389
gusino brdo,43.144167,19.481111
gusnice,42.872778,20.093056
guvna,42.754722,19.789722
guvnista,43.149444,19.750278
gvozdenice,42.741111,18.976111
gvozd,42.859444,19.069167
hadulica,42.610833,19.191667
hadzaj,42.397778,19.351667
hadzovina,43.53,19.159444
hajlovina,43.466667,18.973889
halilovic,42.820833,20.152222
han drndarski,42.736111,19.657222
han garancica,42.69,19.521389
han,42.361944,18.994444
hasale,42.328611,19.359722
helmica,42.380833,19.421389
hercegova strana,43.2025,18.919167
hocevina,43.318056,19.248056
hodzici,43.353056,19.202778
honcice,42.877222,20.103889
horolac,42.556389,19.989722
hote-zabelj,42.558611,19.962778
humkovina,43.495278,19.069722
hunjevina,43.109167,19.771389
husejinovici,42.564722,19.970556
husici,42.1025,19.298889
husovici,42.78,20.195833
ibarac,42.836111,20.161944
ibricevina,42.441389,19.280278
igalo,42.458889,18.512222
ilijina glavica,43.439167,19.2025
inogor,42.410556,18.908056
irino brdo,43.323056,19.411667
ispodbrda,42.685278,18.95
istace,42.744444,19.363611
iva,43.3775,19.101944
ivanj-do,42.511944,18.774722
ivanje,42.818333,19.040278
ivanova aluga,42.595833,18.87
ivanova korita,42.381389,18.834444
ivanovici,42.293889,18.873889
ivovici,42.450278,18.623056
izlasci,42.816389,19.566944
izvori,42.606389,18.770833
jablanica,42.893611,20.332778
jablan,42.619444,19.447778
jablanovici,43.101667,19.762222
jablanovo,43.094722,19.8525
jaboke,42.506944,19.113333
jabucna,43.019167,19.674167
jabuka,42.422778,18.915
jabukovac,42.615,18.728611
jagnila,43.174167,19.554167
jagnjile,43.349167,19.396111
jagnjilo,42.594444,18.776389
jagoce,42.964444,19.888056
jagodin do,43.456667,19.150556
jahovici,43.45,19.059167
jaicevici,42.426944,18.827222
jakovac,43.278333,19.042778
jakovovici,43.015,19.523611
jakupov grob,43.4275,19.198889
jalovca do,42.709722,18.690833
jama cevska,42.561389,18.920833
jama vojvodina,42.555,18.827778
jancici,42.515556,18.634167
janjiliste,42.96,18.595556
jankova voda,43.028056,19.813611
jankovici,42.054444,19.138056
jankovo selo,42.586389,18.658056
japan,42.691389,19.711667
jara,42.608056,20
jarciste,42.893889,18.913889
jasena,43.354722,18.881389
jasenica,42.553611,19.938611
jasen,42.197222,19.040278
jasenovac,43.098056,19.365833
jasenova,42.765833,19.3775
jasenova klada,42.743611,19.613333
jasenov do,42.653611,19.059167
jasenovi do,42.516389,18.778333
jasenovo polje,42.893056,18.966111
jasici,43.013611,19.4
jasika,42.505833,18.991111
jasike,42.995833,18.519722
jasikovac,42.557222,18.707778
jasikovica,42.5125,18.790278
jasikovi do,42.463333,19.015556
jasovici,42.7425,19.909167
jastreb,42.535278,19.135
jastrin do,42.554167,18.718889
jaukovica omar,43.068056,19.129444
javljen,42.988056,18.732222
javora,42.673611,18.563889
javorak,43.051111,19.148056
javorje,43.108889,19.124722
javorovaca,43.116944,19.285556
javorova,42.930833,20.051944
jazbina,43.419167,19.278611
jaz,42.281667,18.800278
jecmista,42.783333,19.058056
jedini bor,42.612778,18.775278
jela,42.835556,19.3525
jelenak,42.565833,19.151111
jelenjak,42.735,19.638056
jelica dolina,42.949722,19.224167
jelica doline,43.0975,19.575278
jelina gora,43.051389,19.364444
jelin dub,42.528056,19.355556
jelovac,43.247222,19.504722
jelovica,42.8625,18.654444
jelovi do,42.559167,18.619444
jelovi kraj,43.130556,19.563056
jelovo zdrijelo,42.925556,18.547222
jelov panj,43.276389,19.114167
jerenici,43.276944,18.906944
jezerca,42.636944,18.783611
jezer,42.4925,18.804167
jezero,43.463056,19.195278
jezevic,42.503889,18.748333
johovac,43.134444,19.720278
johovice,42.912778,19.956389
josa,42.987778,19.764722
josanica,42.689167,19.7175
josovici,43.383333,19.305
jovanovici,42.603611,19.1175
jovici,43.263333,19.161667
jovicina voda,42.616389,18.645278
jovov do,42.979444,18.590833
jugovici,42.720833,19.088889
jugovine,42.817778,19.816944
jugovo,43.403056,19.327222
junca do,43.148333,19.133611
juncevici,42.481111,18.569722
kabala,42.424167,18.562778
kacak,43.482222,19.150278
kacanik,42.561389,19.818056
kacara,42.940833,20.186944
kacunica,42.532778,18.454444
kacuni do,42.619722,19.425278
kadarusa,42.344167,18.944444
kajabeg,43.125278,19.753333
kajevici,42.888333,20.308611
kajos,42.412778,19.349722
kakmuze,43.288611,19.227778
kalace,42.859444,20.093889
kalac,42.6725,19.348611
kalacka prodo,42.621389,18.717222
kalezici,42.599167,19.109722
kalica,42.890278,20.037222
kaliman,42.030556,19.246944
kalipolje,43.216667,19.451111
kaljici,43.201667,19.4275
kalluder,42.783333,19.928611
kaluderac,42.202222,18.963333
kaluderov do,42.600833,19.24
kaluderovici,42.330556,18.797778
kaluderovina,42.403889,18.675
kalusici,43.246667,19.086111
kamenari,42.466667,18.672778
kamenarovici,42.453889,18.765833
kamenica,42.453333,18.941111
kameno,42.476944,18.528889
kameno polje,43.068889,19.525
kamenovo,42.273611,18.889444
kamensko,42.785278,18.740278
kami,42.641667,19.465833
kamine,42.989722,19.810833
kamisevo,42.621111,18.752222
kandija,43.107222,19.372778
kanici,42.081111,19.311111
kanje,43.139167,19.756944
kanjosi,42.182222,18.987222
kankusa,42.969167,19.180833
kapavica,42.631111,18.789167
kapavice,42.879722,18.615833
kape,42.566667,18.499167
kaplanovici,42.006944,19.182778
karacici,43.405,19.199167
karadzin brijeg,42.675556,19.874444
karanikici,42.183889,19.179444
karastani,42.001944,19.175556
karaula vaskovo,43.094167,19.401944
karkovina,42.525278,19.155833
karnagica duga,42.844167,18.880833
kartali,43.264444,19.446111
karuci,42.186389,19.105278
karuc,42.358333,19.106944
kasevari,42.991111,19.843333
kasice,42.387222,19.030833
kasljavci,42.705833,18.677778
katavici,43.489444,18.940833
katuni,43.061389,19.556389
katunina,42.5,19.1225
katuniste,42.645833,18.832222
katun,42.216389,18.923333
katun lindarski,43.275556,19.345
katun potrk,42.911111,19.345833
kavac,42.412222,18.744722
kave,43.521389,19.0175
keselj gradina,42.75,18.581944
kicava,43.163333,19.6675
kikavice,43.5,19.081944
kilavice,43.053889,19.782778
kiprenik,43.058056,19.700278
kisjelica,42.585556,19.3925
kitine lazi,43.011111,19.809167
klacina,43.076111,18.670278
klacine,42.837778,19.544444
klacnica,43.333889,19.247222
klade,43.254722,19.486667
klajevici,42.501111,18.743333
klakorina,43.513889,19.038056
klanac,42.876667,20.140833
klanica,42.517222,18.688889
klanice,42.726111,19.489444
klapuhe,43.478333,19.0825
kleke,43.242222,19.467222
klenak,42.818333,18.561944
klicevo,42.750278,18.960278
klikovace,42.5,19.180278
klinci,42.420556,18.566667
klismerine,43.424444,19.219167
kljakovica,42.799167,18.482778
kljestina,43.118611,19.516389
kljun,43.380278,19.080833
klopet,43.226111,19.479167
klopot,42.559444,19.378333
knez do,42.431111,18.798056
knezevici,42.335,18.811667
knezlac,42.541944,18.678056
knez polje,42.849722,19.006111
knjez-do,42.792778,18.493611
kobiljaca,43.141667,19.569722
kobilji do,42.634444,18.776389
koca do,43.196111,19.176111
kocane,42.789722,18.911389
koce,42.460556,19.403611
kodrabudan,42.321389,19.318611
kodra dake,41.920833,19.340833
kodre,41.929722,19.238889
kojevici,43.358889,19.425
kojovici,43.381389,19.386389
kokica strane,42.789722,19.445556
kokoravac,42.851389,19.365
kokovina,43.181111,19.596111
kolac,42.181111,18.974167
kolasinci,42.977778,19.966667
kolasin,42.824167,19.5225
kolasinovici,42.565278,19.17
koleno,42.838611,20.104444
kolenovice,42.555556,19.844167
kolevici,42.635,19.480833
kolibe,43.399167,19.043056
kolijevka,43.299722,19.1
koljat,42.540278,19.143611
kolo,42.797222,19.0575
kolomza,41.935278,19.250833
kolonija,43.387778,19.065278
kolozun,42.355278,18.8125
kolumbara,42.746389,19.653889
komacev laz,42.4375,19.009722
komadine,43.090556,19.869444
komanica,43.324444,18.913333
komansko brdo,42.426389,19.061389
komaraca,42.617222,19.965278
komarice,43.27,19.446667
komarino,42.288333,19.060833
komarnica,43.006389,19.059167
komina,42.021944,19.160833
komine,43.336667,19.311111
komini,43.476944,19.031389
koministe,42.765833,19.121111
komosevina,42.28,18.829167
konatari,43.103333,19.775
konate,43.007222,19.329722
konik,42.436944,19.283333
konisor,42.563333,18.799444
konjevici,42.492778,18.462778
konjuhe,42.703333,19.735278
kopacine,42.8825,18.649444
kopiljaca [historical],42.563889,20.0025
kopilje,42.556667,19.253611
kopilov do,42.679167,18.678611
kopito,42.426111,18.820556
kopito petrovica,42.544167,19.136667
kopitov do,42.607778,18.729722
koprivice,42.908333,18.578889
koprivnjaca,43.028056,19.430278
koracevac,42.733889,18.8275
koraj-do,42.605833,19.4775
koravlica,42.845278,18.474167
kordovina,43.207778,19.390556
korijen,42.609722,19.475833
korita,42.489722,19.533889
koritnica,43.105556,19.515556
koritni do,42.571389,18.640278
korito,42.960833,18.72
kornet,42.411667,19.141667
koruge,43.348056,19.319722
kosanica,43.193056,19.321667
kosare,43.192222,19.340278
koserici,42.956389,19.136667
kosetine,42.732778,19.381111
kosevine,43.111111,19.708333
kosice,43.004722,19.0075
kosici,42.025833,19.273056
kosijeri,42.418333,18.972778
kosjeri,42.746111,19.375278
kosljun,42.291667,18.859167
kosmac,42.301111,18.900278
kosme,42.9525,19.887222
kosor,42.493889,19.374722
kosorska bukovica,43.010833,19.161111
kosovi,43.456667,19.110833
kostanica,42.090556,19.277222
kostanice,43.020833,18.918333
kostenica,43.046944,19.858056
kostice,42.996667,19.831944
kostici,42.398889,18.668056
kostrikovica,42.5575,19.293056
kostrovici,42.487778,19.406667
kosuci do,42.591111,19.234722
kosutica,42.524167,20.004167
kosutnjak,42.896111,19.806111
kotlaici,43.133611,19.385
kotlici,42.688333,18.724167
kotline,43.381667,19.313889
kotorac,43.43,19.188056
kovacev do,42.645,18.765556
kovacevici,42.0775,19.347778
kovacica,42.650833,19.485833
kovaci,42.3125,18.76
kovacina,42.450556,18.641111
kovacka dolina,43.163333,19.1225
kovacke kucice,42.3175,18.783333
kovac,43.480833,19.189722
kovce do,42.738889,18.851389
kovcica,43.095833,19.1275
kovijec,43.4125,19.298889
kovren,43.170833,19.5625
kozarica,43.030556,19.044722
kozda,42.723611,19.377778
kozica,43.229722,19.5325
kracedo,42.346667,19.129444
kradenik,42.991389,19.922222
kragujev do,42.648611,18.811389
kraista,42.704167,19.7075
krajista,42.526667,18.794444
krajnji do,42.4475,18.860556
kralje,42.737778,19.753056
kraljevac,42.623333,19.486111
kraljevici,42.331667,18.7325
kralji stari,42.391944,18.974444
kralj,42.328056,18.797222
krapina,42.3175,18.825556
krasica strana,42.979167,19.514722
krasici,42.405833,18.640556
krasovina,42.5825,19.148056
kravari,42.043333,19.358889
kravlja,42.71,19.373056
krcevina,43.416667,19.25
krcevine,43.511111,19.016667
krc,43.1475,19.753333
krece,43.531667,19.189722
krejovina,43.363889,19.311389
kremes,42.721389,19.365
krenza,42.451944,19.393611
kricanje,42.740833,19.474444
krijesterovina,43.220278,19.311389
krimovica,42.291111,18.761111
krivaca,42.5525,19.254722
krivace,42.664167,19.905556
krivac,42.605556,19.140833
kriva ploca,42.587222,19.134722
krivi do,42.650278,19.448056
krivodo,42.681389,18.614722
krivolaze,42.934444,19.873889
krizevac,43.323889,18.893889
krkor,42.643611,19.450278
krlje,42.921389,19.849167
krna jela,42.636111,18.638611
krnjaca,42.692778,19.790833
krnja jela,42.921389,19.2925
krnja,43.485833,19.2275
krnjan,42.478611,19.313611
krnjevina,43.373889,19.252778
krnjice,42.213889,19.1775
krnjin do,42.759444,18.632222
krnulic,42.715278,18.861389
krokocevo,43.060278,19.721944
krosa,42.571667,19.462222
krsane,43.138611,19.561944
krseva,42.3925,19.362778
krs femica,42.975556,19.795
krs,42.718056,19.848889
krsnica,43.213611,19.63
krstaca,42.7025,18.719444
krstace,42.567222,18.631944
krstaci,43.146667,19.621944
krstac,42.221389,18.911389
krstasi,43.451944,19.236389
krstas,42.980556,19.794722
krstata dola,42.888333,18.986111
krstau,43.005556,18.698056
krst,43.470278,19.200556
krstovace,42.7575,19.041111
krtine,42.905833,18.583056
krtoli,42.3975,18.672222
kruce,41.98,19.174167
kruge,42.539722,18.8225
krug,42.560278,18.864444
krupice,43.121667,19.438056
kruscica,42.453611,19.378333
kruscice,43.19,19.564722
kruse,42.433333,19.1525
krusevac,42.443056,19.240278
krusev do,43.024722,19.771111
krusevica,42.215278,18.950556
krusevi do,42.553889,18.705278
krusevlje,42.791667,19.362222
krusev lug,42.848333,19.319167
krusevo,42.560278,19.863333
kruska,42.543333,18.511944
kruske,43.009722,19.453333
kruskovi do,42.834444,18.885556
kruta,41.971111,19.1825
kruti,42.264722,18.906111
kruzac,43.345,18.864167
krvavci,43.344167,19.1575
krzava,43.473889,18.996389
krzevo,42.746111,19.422222
krzulje,42.853889,19.796667
kubasi,42.324444,18.756389
kuce scepovica,42.417222,19.248333
kucetina,43.248611,19.451111
kucetine,43.152778,19.744444
kucevine,43.105556,19.673889
kucice,42.485556,19.275833
kucine,43.035833,18.742778
kucista,42.435833,19.318889
kuciste,42.461944,18.8625
kucko brdo,42.765556,19.117222
kujacici,42.485833,18.538333
kujava,42.606111,19.045833
kukalje,42.753333,19.883056
kukaljevina,42.312222,18.808056
kukanj,43.358889,19.258333
kukulje,43.080278,19.738333
kula,42.793333,20.228056
kulici,43.182222,18.913889
kulina,42.611944,18.667222
kuljace,42.280556,18.91
kumbor,42.440556,18.585833
kunak,42.709722,19.009722
kunja,42.013889,19.173611
kunjici,42.285556,18.77
kunj,42.559167,19.975
kunovaca,43.114167,19.766944
kupina,42.623889,19.370278
kupinovo,42.643333,19.046667
kupusci,42.4875,19.333056
kupusina,42.668056,19.885556
kupusista,42.702778,19.432222
kurikuce,42.878333,19.744167
kurilo,42.297778,19.181944
kurioci,42.312222,19.191667
kuside,42.777222,18.851667
kutac,42.871667,18.818889
kuta,42.549722,18.925278
kuti,42.459444,18.585833
kutlov do,42.716111,19.371111
kutnja njiva,42.998056,19.024444
kutusa,43.170833,19.318889
kuzman,43.308611,19.245
kvekici,42.461111,18.546667
lace,42.573333,19.167222
lacev do,42.591111,18.8325
ladana,43.305556,19.269167
lagatore,42.914167,19.987222
laholo,42.980278,19.825278
lainja,42.389167,19.053056
lajina luka,42.705833,19.791389
lajinovici,42.582778,19.410556
lajkovici,42.365556,19.213889
lakina lazina,42.611944,19.236111
lalevici,42.565,19.093333
lalicici,42.303889,18.978889
laljevici,43.107222,19.748889
laniste,43.115,19.393889
lapcici,42.313889,18.856111
lapov do,42.6725,18.678611
lastva cevska,42.596667,18.935556
lastva,42.31,18.804167
lastvica,42.498611,18.695278
lausevici,43.159722,19.170278
lazarevici,42.334167,18.7375
lazarev krst,42.504167,19.095
lazba,42.745556,19.342222
laze,42.898333,19.954444
lazi,42.296667,18.848333
lazine,43.023333,19.134444
lazinice,42.606944,18.816389
laz,42.756111,19.037778
lazorci,42.495278,19.452778
lazovici,43.022778,19.998611
lazovi,43.080556,19.674444
leceviste,43.074722,19.75
ledenica,42.943333,18.539167
ledenice,42.550556,18.71
legatov do,43.335278,19.4175
lehovo brdo,43.383333,19.108611
lekici,42.389444,19.189444
lekovina,43.151944,19.6125
lekperici,42.073889,19.349167
lemes,43.149444,19.775278
lepenac,42.999722,19.591944
lepetane,42.465278,18.685833
lepetici,42.502778,18.500833
lepirica,42.8025,19.040556
lesevici,42.3675,18.725556
leskovac,42.031667,19.220556
leskovi do,42.601389,18.7525
lesnje,42.404167,19.146944
leta,42.584444,18.954722
levaja,42.633889,19.455
lever tara,43.181111,19.248333
levi meteh,42.628333,19.968056
lice,43.171389,18.927222
licine,43.0025,19.978333
lijarja,42.128056,19.213611
lijeca,42.545833,18.656389
lijecevina,43.351667,18.891944
lijepi brijeg,42.700278,19.349444
lijepi pod,43.231389,18.9625
lijesce,43.368611,19.417222
lijeska,43.059167,19.606944
lijesta,42.487222,19.385278
lijeva reka,42.645556,19.476667
likica do,43.351667,18.901111
limjani,42.195,19.094444
lipa,42.373611,18.952778
lipci,42.497222,18.658056
lipe,42.46,19.035278
liplja,42.735278,19.372222
lipovac,42.539444,18.844444
lipova ravan,42.914722,18.9475
lipov do,42.578056,18.834167
lipovik,42.35,19.0425
lipovo korito,42.3725,18.996111
lipovo,42.870833,19.421111
lirovo polje,42.796667,18.654167
lisa stijena,43.348056,18.875278
lisic do,42.6725,18.9175
lisicici,42.046667,19.164444
lisiciji do,43.5025,19.124167
lisicine,42.975278,19.6575
lisina,43.144167,18.719444
lisna bori,41.996944,19.360833
litice,43.323611,19.443056
litine,42.200278,19.073056
livada,42.485278,19.153889
livadani,43.386667,19.295278
livadice,43.065,19.728056
liverovici,42.742222,19.073889
ljesevica,42.724444,18.743056
ljesev stub,42.514722,18.913333
ljeskovca,42.820833,19.389167
ljeskov do,42.479444,18.941389
ljeskovi doli,42.691667,18.882222
ljeskovi do,42.554444,18.625833
ljesnica,43.054722,19.731944
ljetine,43.009167,19.750278
ljevak,42.985833,19.434722
ljevista,42.869444,19.268611
ljevlja,43.352222,19.354167
ljubanivici,42.082778,19.364722
ljubastica,42.729167,19.660556
ljubojevac,43.454167,19.125
ljubovida,42.985556,19.750278
ljuce,43.31,19.306667
ljumetici,42.091944,19.171944
ljuta bara,43.459722,19.069444
ljutac,43.12,19.563611
ljuta,42.478611,18.764167
ljutici,43.240833,19.456389
ljutotuk,42.550556,19.159167
ljutovac,42.933333,19.293889
lofka,42.398056,19.3975
lokva,43.505278,19.105278
lokvanj,42.650556,18.590278
lokvice,43.071111,19.143611
lokvina,42.773333,19.096944
loncari,43.392222,19.234722
lopare,42.954722,19.8925
loparici,42.753333,18.668611
lopari,42.427778,19.3875
lopate,42.505833,19.238611
lopicici,42.361111,18.978056
lovnocelo,42.558333,19.956389
loza,42.740833,18.753056
lozince,43.037222,19.764444
lozna,42.955,19.875833
lubnica,42.86,19.765556
lubovo,42.585833,19.126111
lucica,42.895833,20.170833
lucice,42.200833,18.951944
lucici,42.480556,18.475278
luge,42.705,19.833056
lug,42.575833,18.687778
lugovi,42.290556,18.849722
luka,42.505,19.334444
lukavica,42.931944,19.847222
lukavice,43.307778,19.4175
luke jocovica,42.931944,19.224722
luke,42.564167,19.161111
lukici,42.168333,19.178889
lukin vir,42.7675,19.823333
lukovici,43.288056,19.042222
lukovo,42.809167,19.015556
lunje,42.051111,19.200833
lupoglav,42.892778,18.866389
lustica,42.396667,18.601944
lutovo,42.618056,19.405556
luzani,42.458056,19.228889
luzi,42.781111,19.403611
luznica,42.476667,19.158056
macaj,42.360833,19.408611
macari,42.129444,19.067778
macavare,42.872778,18.556667
macija stopa,42.599444,18.649444
macista,42.701111,19.332222
mackate,42.998056,19.605556
mackov do,43.354167,18.907222
macuge,42.230278,19.033611
madeze,42.591111,19.149444
madgus,42.073611,19.281389
madzarski kraj,43.155556,18.845
madzurici,42.077222,19.325
magazini,42.461389,18.571111
maglenca,42.886667,18.539444
mahala,42.350833,19.215
majna gora,43.031111,19.668889
majsterovine,42.974167,19.691667
majstori,42.350833,18.837778
makljen,42.537222,18.982778
mala gorana,42.001944,19.202778
mala,42.751944,19.4175
mala paleza,42.858611,19.791111
mala rzista,42.608611,18.747778
mala zagreda,42.530278,19.082778
male crnokrpe,42.912778,20.2375
male krce,43.417778,19.281667
malenza,42.495556,19.089444
male rokoce,42.658611,18.742222
male sljeme,43.064444,19.555556
malezine zagrade,42.349167,19.094167
mali alugi,42.965278,19.705
mali brezovik,42.8275,18.931667
mali kaliman,42.045556,19.222778
mali lipovac,42.564722,18.765
mali mikulici,42.107222,19.160556
malin dubiava,42.913056,20.290556
maline,42.950833,19.884167
malinsko,42.941111,19.163056
mali orah,42.861111,18.968333
mali ostros,42.086667,19.311389
mali zalazi,42.471667,18.781389
malo nemanjine,42.947222,19.828611
malo rasno,43.255,19.387222
malo selo,42.590833,19.948611
malosin do,42.505556,18.906944
malo slacko,42.658056,19.4575
malo stravce,42.590278,19.465833
malov do,42.573889,18.634722
malovici,42.458611,18.652222
malta,42.496944,18.450278
mamucevina,42.522222,19.145833
mandegaj,42.422222,18.582778
mandica do,43.053611,19.2775
mandici,42.4925,18.531111
manicevo,42.679167,19.329167
maoce,43.203333,19.414722
maocici,42.745833,18.633333
mardari,42.388056,18.629167
mareza,42.472222,19.187778
marica do,42.952778,18.5425
marica luka,42.956944,19.609444
marici,42.395833,18.691389
marinac,43.4925,19.007222
marina glavica,42.808889,18.63
marina rupa,42.597778,18.840556
markov do,42.401111,18.997222
markovica laz,42.731389,19.498333
markovici,42.308056,18.851111
markovina,42.539444,19.006389
marovici,42.104444,19.116667
marsenica rijeka,42.782222,19.839167
marstijepovici,42.193889,19.167778
martici,42.093333,19.300278
martinovice,42.577222,19.881111
martinovici,42.306944,18.9
marucici,42.174722,19.152778
maslari,42.753889,19.9125
masline,42.010556,19.152222
masnica,42.664167,19.888333
masni do,42.554444,18.759722
maste,42.876389,19.891111
mataguzi,42.323611,19.272778
matalika,43.528333,19.1475
mataruge,43.265833,19.458889
matesevo,42.761111,19.553333
matkovici,42.467778,18.533056
mazarici,43.203889,19.398611
mazgalji,42.75,19.872222
mazici,42.302222,18.860556
medasevine,42.961667,19.794722
mededak,42.929722,19.779722
mededa,42.730556,19.488056
medede,42.673611,19.060833
mededov do,42.689167,18.808056
mede,43.468056,18.985
medice,42.575278,19.121667
medinovaca,43.155278,19.188333
medjurijecje,42.724444,19.366667
medosi,43.210556,19.616944
medun,42.4725,19.361667
medupotocje,42.783889,19.343611
medurec,42.060556,19.230833
medurijecje,42.668333,18.991389
meduzvalje,43.165833,19.211111
medvede,42.709167,18.9325
meka lokva,42.667222,18.753056
mekica do,42.757222,18.666111
mekica kula,42.9825,19.536667
mekici,43.023889,19.952222
meki do,42.525833,18.59
mekote,42.795833,18.625
melaja,42.861944,19.596667
meljaci,42.728611,19.43
meljak,43.319722,19.323889
meljena,43.514722,18.991667
meljine,42.455833,18.561944
menke,42.096667,19.143889
mentovici,43.366667,19.235556
meoca cucka,42.595,18.851389
meoca,42.609444,18.9325
mercajevac,43.083611,19.558056
merulja,43.051667,19.169167
mestrovac,43.285833,19.035278
mestrovici,42.395833,18.686389
metalica,43.073333,19.401667
metaljka,43.101944,19.331944
metanac,43.120278,19.77
metanovici,41.986389,19.229167
meterizi,42.377778,19.056111
meteriz,42.505278,18.491667
mezalini,42.338889,18.793056
mezdo,43.161944,19.144722
mide,42.035833,19.261389
midzorove kuce,42.195278,18.963056
migalovica,42.863333,19.456389
mihailovici,42.318889,19.071667
mihaljevici,42.366389,18.988889
mihronici,43.459167,19.169722
mijacevici,43.182222,19.375
mijajlov do,42.747778,18.666667
mijakovici,43.231111,19.380833
mijeli,42.511389,19.334722
mijokusovici,42.629722,19.050278
mijoljica,42.689167,19.351944
mijoska,42.815,19.4125
mikijelji,42.332222,18.741389
mikulici,42.453889,18.968333
mila gora,42.909444,18.626389
milakovci,43.453056,19.2375
milati,42.467222,19.084444
milatovac,42.967222,19.722778
miletin do,42.730278,18.840833
milevo polje,43.016667,19.966667
milicevici,43.381111,19.281111
milici,43.394444,19.291111
milijevici,42.446389,18.886111
miljanici,42.842222,18.63
milje,42.631667,19.94
miljevci,42.144722,19.056389
miljev do,43.077778,18.660278
miljevici,42.633889,18.9925
miljkovac,43.053056,18.853333
milocani,42.829167,18.904444
milocer,42.262222,18.895278
milojci,42.351389,18.744167
milonjin do,42.627222,19.103889
milosevici,42.9175,19.11
milosi,42.447222,19.042778
milovci,43.441111,19.001111
milov do,42.664167,18.748056
milovici,42.256389,19.088889
milovic,42.400278,18.673333
milunici,43.386944,19.339722
milunovici,42.56,19.3375
milusina pecina,42.505,18.902222
mioca,43.130833,19.73
miocevici,42.443611,18.586667
miogost,42.520556,19.028056
miolje polje,42.721944,19.119722
mirac,42.383889,18.781944
miradovici,43.277222,19.280833
miravcine,42.743889,19.733611
mirin do,42.616111,19.463333
mirkovici,42.858056,18.585833
miroc-do,43.028889,18.670833
mirocevici,42.578333,19.353611
mirojevici,43.073889,19.833611
misevici,42.471389,18.486667
misici,42.165,19.013333
miske,42.538056,18.916944
misocelo,42.478056,18.993611
misoka,42.525,19.290278
misovica rijeka,42.839444,19.5775
mitrovici,42.3675,19.226111
mjedenik,43.4225,19.045278
mjegotin,42.428056,19.3725
mladojevina,43.161667,19.614444
mlakva,43.490833,19.2125
mlinista,42.598611,18.740278
mljeticak,42.9725,19.1425
mocevici,43.545278,18.993611
mocila,42.639722,19.438056
modredoci,42.886111,18.530278
mojanovici,42.341667,19.221389
mojdez,42.485556,18.489722
mojkovac,42.963889,19.5825
mojstir,43.079444,19.872222
mokani,42.475278,19.090556
mokra njiva,42.801944,18.934722
mokri do,42.531944,19.264167
mokri lug,43.066944,19.875833
mokrine,42.508056,18.486944
mokro,42.605,19.570833
momisici,42.449167,19.247778
moracica,42.53,19.351667
moracko trebaljevo,42.876944,19.521667
moraice,43.271944,19.134444
morakovo,42.710833,19.175
mosevski do,42.658611,18.768056
mosori,42.595556,19.103333
mosor,42.461667,19.308333
mostine,42.978889,19.788611
moticki gaj,43.130278,19.111667
mozura,41.963889,19.255
mracelji,42.3425,19.034722
mramor,43.148889,19.580833
mratinje,43.264722,18.802778
mravinje,42.553889,19.331667
mrcava,43.085278,19.344722
mrcevac,42.42,18.718056
mrcevo,43.416389,19.125
mrcici,43.465556,18.983611
mrcinici,42.432778,19.061111
mrdenovac,43.054444,19.129722
mrez,42.959722,18.593611
mrkalji,42.806111,18.721944
mrke ploce,42.594167,18.816111
mrkovi,42.414167,18.575278
mrtvi doli,42.819722,18.588333
mrtvo doboko,42.715556,19.335833
mrzovici,43.316111,19.363333
mucici,42.979444,19.968611
muhovici,42.902778,20.004167
mujica recine,42.798333,19.606111
mulici,42.9675,19.934722
muline,42.746389,19.398056
mulinovec,42.704167,19.746944
mulinovo pocivalo,42.469167,18.856111
mulovina,43.315833,19.261111
muo,42.431667,18.7575
muratovici,42.908889,20.01
murina,42.661389,19.8825
murovac,42.917222,20.048611
musici,42.465,18.540278
muslici,43.080833,19.633611
musovici,42.973056,19.934167
mustafica grede,42.756667,18.735556
musta rupa,42.589722,18.795833
muzecka,42.428889,19.438611
muzevica,42.748611,18.760556
muzevice,42.8625,18.707778
muznik,42.625556,19.1025
muzovici,42.304722,18.998333
nabojine,43.0975,19.393611
nabom,42.386667,19.431389
nadgora,43.184167,19.093611
nadgrad,42.606111,19.920278
nadublje,43.058611,18.903611
nakicenovici,42.465,18.579444
naljezici,42.373056,18.775833
nange,43.420556,19.096111
nanhelm,42.308333,19.340833
naplav,43.350278,19.276944
na pode,42.554444,18.656111
navotina,42.794167,19.844722
na vrh polja,42.428333,18.823056
nazdre,42.941667,18.840278
nedajno,43.2,18.983333
nedakusi,43.056389,19.768056
negnjevo,43.083611,19.784722
negobratina,43.028333,19.9225
negobuda,43.1225,19.220278
negosi,42.433056,18.828333
neodi,42.295278,18.761111
nerim,42.563889,18.811389
neviden,43.320833,19.193333
nik ðokaj,42.339444,19.384167
nikezici,41.996111,19.213333
nikmarasi,42.441944,19.436111
nikolici,42.453889,18.711389
nikoljac,43.023889,19.7425
nikonovac,42.774444,19.390278
nikovici,43.268889,18.952222
niksic,42.775,18.958333
ninkovici,43.180278,19.2
nistice,42.995833,18.723333
njegule,42.498889,19.066667
njegulov do,42.540278,18.863611
njegusi,42.429167,18.826111
njive,42.313333,19.038611
njivica,43.357778,19.176944
njivice,42.435556,18.513611
nogulovici,42.472222,18.572778
nokte,43.419167,19.203333
norin,42.711667,18.989444
novakovica do,42.964444,18.572222
novakovice,42.723333,19.422222
novakovici,43.086667,19.165278
nova pec,42.403333,18.686389
nova varos,42.442222,19.27
novcici,42.639167,19.941111
novoselje,42.219722,18.956111
novo selo,42.425278,19.308333
nozica,42.625833,19.456667
nudo,42.6725,18.566389
nuga borkovica,42.731667,18.936944
nugo,42.687222,18.614167
nurkovici,42.8475,20.121667
nurkovi dolovi,42.824167,18.725833
obadovica,42.620556,18.844167
obalica,42.453611,18.610833
obarde,43.290833,19.5175
objesenik,43.023889,18.535833
oblatno,42.759167,19.072222
obljaj,42.826111,18.540833
oblo brdo,42.724722,19.738611
obod,42.532222,18.785278
oborci,43.445278,19.059444
obradovici,42.482778,18.537778
obrov,43.028056,19.749444
obzovica,42.314444,18.935833
obzovik,42.668333,19.783889
ocevici,42.358333,19.006944
ociba,42.818056,19.5
ocinici,42.354167,18.9175
ocka gora,42.781111,19.356389
odoljen,42.401389,18.755833
odolje,42.991389,19.639444
odrin,43.011667,19.788611
odzaci,42.722222,19.730556
odzak,43.272222,19.351944
odzica glavica,43.356944,18.911111
odzi,42.364167,18.779722
oglavina,43.4675,19.129722
ogorelovac,43.118333,19.312778
ogorelo zdrijelo,42.728333,18.758611
ogradenica,43.25,19.088056
ograde,43.122222,19.743889
oklade,43.048611,19.695556
okolista,42.602778,18.7375
okruglica,43.026389,19.266111
oluja,43.098056,19.778611
omaric,43.176111,19.171944
omar,43.201111,19.161389
omedak,43.428889,19.256389
omerbozevici,42.421667,19.318056
omerovici,43.423611,19.031111
opacac,42.253611,19.025556
opaljenik,43.364167,19.306389
opasanica,42.680556,19.541389
opatovo,42.456667,18.6825
opcine,43.044167,19.136389
optocici,42.256389,18.988056
oracine,42.756111,18.83
orahovica,43.113056,19.75
orahovo,42.243611,19.064444
oraovica,42.455278,19.123333
orasac,43.103889,19.365556
orasani,42.431111,18.986111
orasi,42.458056,19.022778
orasje,42.456389,18.7025
oras mala,42.670556,19.881389
orevine,43.426389,19.204722
orja luka,42.565,19.077222
orlina,42.745,18.865833
ormus rmuse,42.745556,19.936944
ornica,42.964444,19.7325
ornice,42.814167,18.937778
orovac,42.841111,19.354722
orovi do,42.643611,18.746667
orpovac,42.543889,18.769167
orucevac,43.361389,19.378333
oselina,42.540278,19.074444
osjecenica,42.697222,18.631389
osmanbegovo selo,43.042222,19.956667
osoja,42.747778,19.637778
osoje,43.101389,19.520556
osojnik,42.5775,19.158889
osojni orah,43.145,18.74
osreci,42.791111,19.379167
osredina,42.529722,19.219444
ostreli,42.9725,19.741667
ostros,42.077222,19.318333
ostruznje,42.802778,19.375556
ote,42.865556,19.521944
otilovici,43.320833,19.413611
otrockovina,42.764722,19.446111
ovcarevo,43.411111,19.285833
ovcarica,42.986389,18.692778
ovci do,42.706944,18.771944
ovna,42.879167,20.319722
ovsine,42.566389,18.612222
ozebli do,42.623056,18.778889
ozegovica,42.560833,18.897222
ozezi,42.538333,19.269167
ozrimici,42.756389,18.986389
pacarade,42.3175,18.953889
packov do,42.458889,18.827778
padez,42.789167,19.551944
padine,42.578056,18.888889
padi,42.483611,19.060278
pajkov vir,42.728611,19.516111
pakalj-do,42.638889,18.59
paklesica,42.731944,19.405278
pale,43,19.664722
palez,42.764167,19.119444
palic,42.414722,19.145556
paljevine,42.831667,19.621667
paljuh,42.910556,19.931389
palocak,42.953333,19.854444
palska luka,43.005278,19.666667
pandurica,43.153056,19.398333
panjevi,43.481389,19.196944
pantovici,43.353611,19.249722
papani,42.155,19.041944
pape,43.048056,19.659444
papovina,43.042222,18.667222
papratine,43.006111,19.683056
paprati,42.690278,18.960556
papratiste,43.351944,18.866389
papratnica,42.420278,19.153056
papratni do,42.552222,18.886111
paprat,42.479167,18.820556
parazlame,43.186667,19.6275
parci,42.401389,19.090556
pareski do,42.736667,18.5075
pasica polje,42.98,19.811944
pasina voda,43.101667,19.117778
pasino polje,43.068889,19.256667
paskala,42.372778,19.362778
patnji,42.489167,19.052778
pauce,43.318889,19.285
pavino polje,43.1375,19.628611
pavlicici,42.536944,19.358333
pavlov do,42.664722,18.679722
pavlovici,42.353056,18.741111
pavlovic,42.514167,18.626389
pavlovina,43.166389,19.588889
pazici,42.558333,19.105278
pcinjaj,42.804167,19.484167
peani,42.4325,18.709167
pecarska,43.101667,19.822778
pecurica,42.030278,19.173056
pejakovici,42.356667,18.937222
pejovici,42.521944,18.870278
pelesi,42.401667,19.048056
pelev brijeg,42.582222,19.396111
pelinkovici,42.005556,19.235
pelinovo,42.361944,18.773056
peovac,42.734444,19.770833
pepice,42.653056,19.906111
perasevici,42.079722,19.316111
perasto,42.486944,18.699167
perazica do,42.212778,18.926944
pernica,42.718333,19.370833
peroci,42.1575,19.018611
perotin,43.186667,19.480833
perovica do,42.708056,18.754722
perovici,42.086111,19.361111
perunicici,43.148611,19.455
perzagno,42.4575,18.742222
pesca,42.828889,19.864722
pesica luka,42.752222,19.543889
peskovici,42.800278,20.158611
pestorici,42.462222,18.594167
petijevici,42.514722,18.489167
petine,43.418889,19.057222
petinici,43.413611,19.215833
petkovici,42.658889,18.635833
petnica,42.908889,19.964444
petnik,42.833056,19.904722
petolik,43.010278,19.6375
petrici,42.623889,19.060278
petrovac na moru,42.205556,18.9425
petrova ljut,42.423889,18.808889
petrova ravan,42.729167,19.416389
petrov do,42.431389,18.891667
petrovici,42.368611,19.011944
petrovic,42.742222,18.516111
petrovo polje,42.770278,19.060833
peuta,42.46,19.325278
pfic,42.645278,19.436944
pijeva,43.108611,19.756944
pikale,42.404722,19.378611
pilatovci,42.855556,18.491111
pilote,42.733333,19.475556
pincici,42.140556,19.194722
piperi,42.385,19.064722
pipoljevac,42.391111,18.770278
pisana jela,43.088056,19.549722
pisce,43.156667,18.905833
piskav do,42.564167,19.280556
pistala,42.571944,18.835278
pisteta,42.895,18.909444
pisteti,42.562222,18.743056
pistula,41.950278,19.254167
pitoma loza,42.508611,19.153611
pitome doline,42.496667,18.896111
pitomine,43.161111,19.106667
pizure,43.436111,19.201389
pjasci,43.232222,19.526667
pjescanica,42.7875,19.524444
pjevceva glava,43.49,19.220278
plagente,42.437222,18.766944
plakala,43.456667,19.088056
plana,42.501389,19.138333
planinica,42.773056,19.564167
plani,43.044167,19.786944
plansko,43.523611,18.995833
plasa,42.707222,19.848889
plate,42.5175,18.824722
plave,42.596944,19.945556
plece,42.966111,18.593056
plijesevina,43.345556,19.210278
plijesi,43.476667,19.211389
plijevor,42.373333,18.971111
plitki do,42.722222,18.796111
ploca,42.322778,19.088611
plumci,42.8375,20.193611
pluzine,43.152778,18.839444
poblace,43.510556,19.202778
pobor,42.330278,18.795278
pobratici,43.062778,19.835833
pobrde,42.356389,18.736389
pobrezje,42.425556,19.251667
pobrnjica,42.98,19.725278
pocana,42.774722,18.741111
pocekovici,42.801667,18.505833
pocic,42.505,19.3275
pocijevka,42.553889,19.139722
pocivala,42.830833,18.644167
pocivalo,42.583889,18.799722
podaluga,42.925833,18.539444
poda,42.363611,18.81
podazdrijelo,42.545,18.78
podbabac,42.278611,18.892222
podbisce,42.944722,19.573611
podborova,43.192222,19.453889
podbozur,42.737222,18.688056
podbrde,43.317222,19.336389
podbreze,43.121667,19.777778
podbrezovici,43.004444,19.543333
podbukovica,42.613889,18.728889
podcabar,43.408889,19.2125
pod-daznik,42.831111,19.070556
pode,42.649444,18.777222
podgaj,43.119722,19.2925
podglavica,42.524167,19.175833
podgora,43.198611,19.154167
podgorica,42.441111,19.263611
podgor,42.260278,18.978889
podgostec,43.365556,19.294444
podgrade,42.919167,19.868056
podgradina,42.94,18.608889
podgrad,42.481667,19.446111
podgrede,42.811667,18.78
podgrezje,43.103611,19.266111
pod han,42.592778,18.675556
podina,43.156111,19.306111
podine,42.696944,19.391944
podi,42.066667,19.155833
podjelje,42.916667,18.807222
podkamen,43.485278,19.069444
podkita,42.788056,18.806667
podkokot,43.288611,19.105278
podkovacica,43.428333,19.270278
podkovac,43.463611,19.108056
podkrajci,43.224444,19.438611
podkrajnica,42.451667,19.303611
podkraj,42.2525,19.07
podkrs,43.414167,19.209167
podkrusa,43.335556,19.289444
podkukanj,43.361944,19.239444
podkula,42.570556,19.143611
podkupic,42.676944,18.957778
podkurjaj,42.658611,18.646944
podlastva,42.305833,18.805556
podlazina,42.659722,18.626944
podlicak,42.27,18.898611
podlisac,42.682778,18.802778
podlisa,43.122222,19.683611
podlitica,43.322222,19.421389
podljut,42.826389,18.610833
podlunjica,42.475556,18.923611
podmaine,42.296944,18.842222
pod miljevica,42.971944,19.530278
pod milogora,43.209722,18.955556
podnovlje,43.275833,19.463056
podosmin,42.3025,18.998056
podosoje,43.320556,18.889167
podosoj,43.387778,19.247778
podostrog,42.302778,18.839167
podovi,43.026111,19.613611
podpece,43.26,19.358889
pod,42.791944,19.279722
podrid,43.425833,19.164167
podrogatac,43.317778,19.311111
podrudine,43.3975,19.241389
pod ruzaricom,42.950278,18.498889
podsoko,42.419722,19.012222
podstrana,42.406111,19.155833
podtrlica,43.344444,19.369722
podvlah,43.045833,19.810833
podvoda,43.238056,18.875
podvrace,42.634722,19.070833
podvrat,42.19,19.193889
podvrsnik,42.622222,18.676944
podvrs,42.818056,18.517222
pokraj,42.573889,19.136944
poljana,42.359444,18.896111
poljane,42.730556,18.641111
polje crkvicko,43.322222,18.895833
polje,42.082778,19.106667
polje radovica,42.928056,19.117778
poljica,42.56,19.282222
poljice,42.524444,18.681944
poljkovac,42.595556,18.6675
pomenici,43.473611,19.134444
pometenik,42.798056,18.7625
ponari,42.316667,19.1825
ponikvica,42.745278,18.823611
ponorni do,42.69,18.74
popov do,42.168611,19.059167
popovici,42.078056,19.338333
popratnica,42.268333,19.048611
poprat,42.455556,19.511944
porkulov do,42.563611,18.911389
porobici,42.491389,18.4975
poroca,42.921944,20.024722
poros,43.404722,19.1425
posajci,42.410833,18.982222
poscenje,42.974444,19.065833
poscenski kraj,43.108056,19.108889
poseljani,42.308333,19.051944
posleniste,43.094167,19.105556
potesi,42.780278,19.412222
potkrajce,43.070556,19.774722
potkras,43.331944,19.408056
potkrs,42.545556,19.372222
potocilo,42.651667,19.029444
potocine,42.526111,18.915556
potoci,42.535,19.334444
potok,43.015,19.516944
potpece,42.506944,19.286111
potrk,42.531111,19.433333
povijevo,43.433611,19.157778
povrhpoljina,42.504167,19.076944
povrse,42.703333,19.763889
pozar,42.6525,19.023056
pozduj,42.398889,18.898333
pozeginja,43.102222,19.871389
poznanovici,43.050556,19.645
poznja,42.830278,19.326389
pracevac,42.850833,19.787778
pracica,43.404167,19.109167
praga,42.880833,19.023056
predi,42.517222,18.886944
predojevica,42.439722,18.991667
prehari,43.469722,19.084444
prekornica,42.303333,18.958056
prelevici,42.488611,19.398333
premcani,43.120278,19.371389
premici,42.441389,19.363889
premilici,42.865833,18.956667
prenkaj,42.341667,19.373611
prentin do,42.602222,18.826389
prentovici,42.308056,18.896111
presecenik,43.085278,19.820833
preseka,42.468611,18.5725
presmenice,43.416667,19.221667
prestreke,43.081944,19.772778
pretrzeni do,42.925,18.640278
previna,42.77,19.337778
previs,42.978611,19.094444
prevlaka,42.335278,19.098611
pribakovici,43.441944,19.151389
pribilovice,42.966111,19.697222
pribojevici,42.403333,19.109444
priboj,42.471667,19.281389
pribranci,43.101667,19.274167
pricelje,42.505,19.222778
pridvorica,42.964722,19.064444
prifta,42.401944,19.390556
prigradina,42.8225,18.650278
prijeki do,42.555278,18.920278
prijelozi,42.952778,19.791111
prijeradi,42.355,18.782778
prijespa,42.728056,18.964444
prijestrelj,43.049167,19.735833
prijevorac,42.203333,18.956111
prijevori,42.753889,19.023889
primet,43.2925,19.228889
pripcice,43.005556,19.738611
pripcici,42.996389,19.751944
pripec,42.898333,20.299722
priporci,42.6825,18.728611
pripor,42.524167,18.823333
prisiklinac,42.988333,19.411389
prisojak,42.768333,19.381111
prisoja,42.5375,18.938611
prisoje,42.678889,19.41
prisoji,43.521667,19.170556
pristan,42.229722,19.148056
prnjavor,42.598056,19.950556
progonovici,42.430833,19.068889
prokaplje,42.486111,19.094722
proplanci,42.844722,18.945
proscenje,43.008889,19.489444
prosce,43.443333,19.092778
proseni do,42.53,18.854444
prosica,42.557222,19.585833
provalija,43.064167,19.113611
przice,42.396667,18.755
przista,42.946667,19.6075
przno,42.2675,18.893333
pseniciste,43.059444,18.669444
ptikalj,42.52,19.456111
pusanjski do,43.163611,19.33
pusina,42.984722,19.079444
pustala,42.931944,19.217778
puzici,43.461111,19.106111
rabiklje,43.305,19.3825
rabri,42.422222,19.3675
race,42.517222,19.377778
racevo,43.218333,19.562778
radanovici,42.358611,18.760278
radan,42.454167,19.386944
radeca,42.517778,19.280278
radeta,43.389444,19.265
radetina,42.893056,20.2575
radevici,42.681944,19.955833
radevo,42.841111,19.021111
radigojna,42.843056,19.533333
radijelja,43.098889,19.800278
radimiri,42.458333,18.766111
radin do,42.628889,18.709444
radmance,42.926944,19.9675
radmuzevici,42.75,19.913056
radojeva glava,43.077778,19.843889
radojevici,42.822222,18.618889
radomir,42.271111,19.014444
radosavac,43.348611,19.328333
radovac,42.46,19.416111
radovanici,42.396944,18.599722
radov do,43.400278,19.246389
radovici,42.396389,18.670833
radulici,42.982778,19.886944
radunovici,42.57,19.346667
radus,42.225,19.159167
rafailovici,42.281111,18.881389
raganice,43.275556,19.475556
raicevici,42.428333,18.826944
raicevine,42.743889,19.410278
rajcevici,43.112778,19.7275
rajicev do,42.590556,19.117778
rajisici,43.495556,19.110556
rajkovici,43.130556,19.643889
rajovici,42.4925,19.403333
rake,42.450833,18.65
rakica kuce,42.387778,19.283333
rakita,42.869722,18.874444
raklja,42.434722,19.079722
rakoljska,43.118333,19.663333
rakonje,43.021667,19.738889
rakovac,42.774167,19.795
ralja,42.294167,19.083889
raljevci,42.969444,19.6825
ramadica do,42.708611,18.642222
ramovica aluga,42.7225,18.755278
ramovo zdrijelo,43.116111,19.204444
rance,43.3375,19.467222
raonici,43.147222,19.219444
raovici,43.392222,19.214444
rap,42.079444,19.128889
rasadnik,43.429722,19.266667
rascevici,43.206111,19.481389
rascici,43.472222,19.049722
rasena,42.5,19.156111
rasinovici,43.264444,19.333611
raska,42.825833,19.39
raskov do,42.757778,18.692778
raskovo guvno,42.6525,19.507778
raskrsnica,42.89,19.279444
raslvici,42.596111,19.368333
rasnovic,43.269722,19.357222
rasoje,42.76,19.794722
rasova,43.111944,19.554167
rasovo,43.060833,19.783611
raspori,42.917778,19.858333
ras,42.475556,19.296944
rastica,42.812778,18.75
rastoci,42.785556,18.938889
rastoka,43.029167,19.775833
rastovac,42.833056,18.931944
rasulje,43.107778,19.562778
ratajica glavica,42.849722,18.947778
ratisevina,42.479444,18.505833
ratkov do,43.288056,19.463611
ratkovici,42.481389,18.515833
ravanj,42.029444,19.1525
ravce polje,42.990556,19.734444
ravna gora,43.102222,19.642778
ravna rijeka,42.988611,19.714444
ravne smreke,43.406944,19.090833
ravnica,43.480556,18.985
ravni krstac,42.998611,18.699167
ravni laz,42.5125,19.245833
ravnine,42.700556,19.425833
ravni,42.771389,19.440278
ravno,42.788333,19.379722
razdolje,42.7175,18.769167
razdrt,42.43,19.113889
razici,42.574444,19.105278
razmuce,42.695833,18.7125
razvrsje,43.145,19.114722
rec,41.921111,19.363611
redice,42.878889,19.298056
releza,42.431111,19.052222
reljici,42.199722,19.055278
reljino brdo,43.098333,19.34
renovac,42.851667,18.615278
repaji,42.469444,18.612222
reparica,42.949722,20.206944
repaza,42.145833,19.186389
repicke aluge,42.698333,18.775278
repiste,42.776111,19.931111
resna,42.494444,18.878056
resnik,43.041389,19.773889
rezevici,42.215278,18.924722
ribjak,42.651667,19.012222
ribnicka vrela,42.430556,19.293333
ribnjak,42.2875,19.096944
ridani,42.7675,18.892778
rijecani,42.340556,19.055278
rijecki grad,42.354167,19.023333
rijeka crnojevica,42.356389,19.025278
rijeka rezevici,42.223611,18.912778
rijeka,42.227222,18.91
risano,42.515,18.695556
risji do,42.7775,19.071944
ristopolje,42.866111,18.503333
ristovina,43.274722,19.366111
rogaci,43.019167,18.523889
rogami,42.392778,19.311944
rogane,42.346667,19.113889
rogovina,43.394444,19.093333
rojevici,42.681111,18.628333
rokici,42.680833,18.745
rokocki do,42.6525,18.751389
role,42.348056,19.405
romac,43.446389,19.043333
roncevici,43.236944,19.1175
ropoc,43.365,19.283611
rosca,42.659722,19.011389
rosenica,42.443611,19.389444
rose,42.427222,18.556667
rosno brdo,43.464167,19.165278
rosulja,43.064722,19.788056
rovacko trebaljevo,42.859444,19.535278
rovanj,42.622222,19.396389
rova,42.590278,19.100833
rovcani,43.3875,19.359722
rovca,42.787778,19.889722
rovine,42.566389,18.844444
rozaje,42.843889,20.168333
rta,43.170278,19.157778
rt,43.472778,19.147778
rubeza,42.7775,18.994722
rucina,42.595278,18.865
rudanci,43.061944,19.361667
rudes,42.860278,19.883333
rudevine,43.006111,19.801389
rudica laka,42.645,18.813333
rudici,43.544167,18.997778
rudine,42.433056,19.416944
rudinica,43.070556,18.858333
rudino pocivalo,42.500833,18.890556
rudinovaca,43.133333,19.176111
rudnica,42.959722,19.598611
rudnice,43.387222,19.355833
rudo polje,42.771667,19.410556
ruista,42.5075,19.028333
ruiste,42.626111,19.248056
rujevica,43.338611,19.246111
rujevo,42.458333,18.609444
rujista,42.919444,19.817778
runja,42.093889,19.288889
rupe,42.543333,18.460556
rupice,42.474444,19.123889
rupina,42.886667,18.518056
rusenovici,42.840833,18.628056
rusojevici,42.469722,19.104444
rustovo,42.269444,18.912778
ruzica dolac,42.955,18.5875
rvana gora,42.876667,18.5675
rvasi,42.371389,19.089444
rzani do,42.513611,18.838611
rzeni do,42.708333,18.733611
rzine,42.882222,19.730833
rzista,42.573056,19.0375
sabani,42.3275,18.991667
sabotici,42.9275,19.94
sabovina,43.201389,19.631389
sadici,43.173611,19.600556
sahovici,43.063056,19.638611
sajkovac,42.9575,19.861944
sakate,42.995833,19.773611
sake,42.860278,18.600278
sakovo brdo,43.334722,19.253611
sakovo selo,43.331111,19.260278
salc,41.970278,19.211389
salevici,42.745,19.778611
san stefano,42.256111,18.891389
sapalj do,42.6775,18.555556
sapici,43.543611,19.014722
sarac,43.267222,19.4375
sarancici,43.330556,19.420556
sarici,43.254444,18.906389
saruljevac,43.139444,19.760278
sasovici,42.47,18.565278
sas,41.991667,19.32
savici,42.509722,18.610833
savina glavica,42.303611,18.766944
savina kruska,42.686389,18.770556
savina,42.452778,18.554167
savin bor,42.951944,20.055
savkovine,43.112778,19.686111
savnik,42.956389,19.096667
savrdak,42.695556,19.763056
sazici,43.35,19.439722
scepan-polje,43.3475,18.845833
sceposevici,42.481667,18.462222
scepov do,42.546389,18.635833
sedlari,43.171667,18.783056
sedlo,42.708333,18.821667
sekulici,42.561667,19.119722
selac,43.130278,19.351111
selakovici,43.087222,19.655556
sela,42.704444,19.428889
selina,42.741111,18.503333
selista,42.435556,18.978611
seliste,42.406667,19.423056
selita,42.003889,19.326944
seljani,43.091667,18.845278
seljkovac,43.115556,18.897222
selo,42.466111,18.946111
seniciste,42.839444,18.991111
senkol,41.880833,19.375
seoca,42.553333,19.281667
seoce,42.731667,19.809167
seostica,42.575278,19.423889
serdar kula,42.487778,19.186667
sestovici,43.121667,19.453333
sevari,43.352778,19.343056
sevejski do,42.704167,18.701389
shengjergi,41.950556,19.344167
sibionica,42.550278,19.263611
siga,42.995556,19.548056
sige,42.556944,19.1525
sijerkovici,42.774444,18.545278
siljkov do,42.700556,18.704722
simace,42.779167,19.426944
simonovici,42.583056,19.143889
sindan,42.356944,19.040278
sinjac,42.365556,19.150278
sipacno,42.871389,18.945556
sipanje,43,19.936389
sipcanik,42.368889,19.318056
siplje,43.108333,19.351944
sipova dola,42.975,18.687222
sipovica,43.021389,19.896389
sip,43.071389,19.14
siralija,42.7,19.453056
sircici,43.4575,19.059444
siroki do,42.746111,18.696111
sirovac,42.927778,19.229444
sirovi kraj,43.118889,19.296111
sisevici,42.292778,19.009167
sisici,42.361389,18.783611
sitnica,42.556389,18.448056
sjekirica velika,42.664444,19.956111
sjenice,42.465556,19.331389
sjenogoste,42.897778,19.536944
sjenokosi,42.848056,18.875556
sjenokos,42.519444,18.85
sjenoseti,42.750556,19.733611
skakavac,42.907222,19.867222
skaljari,42.418611,18.766389
skanjci,42.529167,19.115556
skenderovici,42.895556,20.007222
skenderovina,43.367778,19.228611
skic,42.606389,19.943611
skoce,42.4575,19.311111
skocigorina,43.071389,19.695833
skok,42.967222,19.071944
skorac,42.366111,19.386389
skorafci,42.354722,19.399444
skorca gora,42.747222,18.523611
skrbusa,42.790278,19.539167
skvariste,42.558889,18.709722
slacko,42.661667,19.457222
sladojev do,42.665,18.759444
sladojevo kopito,42.530278,19.1025
slamcica,42.5725,18.763611
slamni brod,42.459444,19.174444
slanjina,42.272222,18.906944
slapci,42.630556,19.0175
slap,42.599722,19.067778
slatina,42.586667,19.147222
slatka,43.174444,19.524722
slatkovici,42.483611,18.849444
slavkovo brdo,42.987222,19.595833
slepac,43.145556,19.537778
slijepac most,42.989167,19.6775
slivni do,42.730556,18.585833
slivska poljana,42.922222,18.856667
sljemena,43.073611,19.559444
sljeme,42.909167,18.569722
sljepasnica,43.068611,19.759167
sljivansko,43.127778,19.3
sljivensko,43.321667,19.212778
sljivlje,42.900556,19.5275
sljucka strana,43.284167,19.467222
sljuke,43.361111,19.127778
smailagica polje,42.824444,19.543333
smira,42.7325,19.452222
smocije,42.829167,19.395556
smokovac,42.480556,19.305278
smokovci,42.320278,19.019444
smolice,42.725833,19.350278
smoljan,43.0925,19.227778
smrcje,42.795278,19.573611
smrdan,43.394444,19.364444
smrdusa,42.784167,18.701389
smreka,42.721944,19.343889
smrijecno,43.126389,18.775556
sobaici,42.627778,19.067778
sokolac,43.086667,19.573611
sokubin,42.013056,19.364444
solila,43.111944,19.673056
solinski brijeg,42.558611,18.744167
solja,43.083056,19.853611
somina,42.913611,19.306389
sosunja,42.316111,19.224167
sotonici,42.234444,19.049167
sozina,42.175,19.051944
spahici,42.008333,19.227222
spaljevici,42.727222,19.932778
spanjola,42.457778,18.530278
spasojevica,43.024444,19.804167
spic,42.142778,19.046667
spila,42.724444,18.641111
spilice,42.431389,18.576111
spilja,42.351389,19.375833
spilje,42.454444,18.486389
spuz,42.5075,19.194167
srdanov grob,43.393056,19.299167
srdevac,42.9575,19.853333
srebrnica,43.061389,19.5825
srecanje,43.486944,18.979444
sredani,42.852222,20.138611
sredina sela,42.190833,19.0975
srednja mahala,42.197778,19.048611
srednje selo,43.067222,19.610556
srednje zaostro,42.886667,19.831389
sreteska gora,42.707222,19.388333
sretnja,42.596944,19.1325
srijede,42.901944,18.795278
srijetez,42.656667,19.348611
srni do,42.720556,18.820556
srpska,42.374444,19.218889
stabna,43.172778,18.755833
staje,42.491667,18.898333
stajista,43.028056,18.729167
stajiste,42.806389,19.507778
stancani,43.198889,19.369167
stanci,42.716111,19.3675
staniselici,42.409722,19.106944
stanisici,42.299444,18.874722
stanjevica rupa,42.538056,19.209722
stankov do,42.738056,18.814167
stanojev do,42.659167,18.749722
stara varos,42.433889,19.259444
stara zlatica,42.464444,19.291111
starce,42.853889,19.313889
starcevici,43.248056,19.105278
stari bar,42.09,19.133056
stari viskovici,42.330278,18.840833
staro mijatovo,42.984167,19.6525
staro selo,42.717778,19.106111
stavani,42.6825,19.408889
stazer,42.616389,18.862778
steci,42.414722,19.175833
stedim,42.772222,18.904722
stegvasi,42.058611,19.366389
stepen,42.498333,18.7375
stepov,42.447222,19.456389
stevanovac,42.991389,19.532222
steverine,42.738333,19.3575
sticje,42.953056,19.213889
stijena,42.519444,19.258056
stijensko brdo,42.529444,19.249444
stitare,43.025,18.733333
stitarica,42.920556,19.530833
stitari,42.441111,19.02
stjepovic,42.518611,18.702778
stodra,41.985556,19.368333
stojanovici,42.3075,18.891944
stojkovici,42.421944,18.588333
stolac,43.126944,19.2775
stolak,42.683889,19.776667
stozer,43.098889,19.511111
strahinici,42.513889,19.116111
strahov do,43.458889,19.130556
strane,42.706111,19.3475
strasevina,42.755833,18.949167
strazice,43.509444,19.004444
strazista,42.562222,18.775278
strbac,42.7925,18.634722
strelicki krs,42.816944,19.515833
streljanice,42.729167,19.411667
stricina,42.999444,19.473611
strmecica,43.266111,19.520556
strojtanica,43.069722,19.789167
strp,42.505278,18.670278
strugari,42.368056,18.977778
struga,43.197778,19.567222
strug,42.925278,19.196667
stubao,43.038056,19.877778
stuba,42.814444,18.890556
stubica,42.701111,18.978611
stubicki kraj,42.715833,18.989444
stub,43.415556,19.250556
studenac,42.663611,18.856944
studenca,42.766944,18.930833
stupa,42.902222,20.3425
stupovi,42.671111,19.425556
stupsko polje,43.041944,19.420556
stup,43.411944,19.244722
stvara,42.375556,18.762778
sujaci,42.5875,19.357778
sukuric,42.315833,19.316389
sula,43.384722,19.073056
suljkovac,43.375278,19.296111
sumani,43.293056,19.325833
sumarev dub,42.3275,18.812778
suma,42.026944,19.291944
sumica,42.422778,19.455
sumici,43.42,19.099722
sunga,42.741944,19.602778
suplja stijena,43.380833,19.054444
surec,42.793056,18.721389
surlin do,42.798056,18.694167
susanj,42.115556,19.088333
suscepan,42.468056,18.5125
susevina,43.092222,19.687778
susici,42.46,18.534167
sustasi,42.113056,19.119444
sutivan,43.092778,19.771111
sutjel,41.930556,19.353889
sutjeska,42.729444,19.816389
sutorina,42.473611,18.473889
sutorman,42.153056,19.113056
suva gora,42.773889,19.638056
suvodo,42.393333,18.890278
suvo polje,43.005278,19.016667
sviba,42.5475,19.324722
svijetin brijeg,42.438333,19.271667
svine,42.730833,19.424722
svinjcevina,43.361111,19.2475
svinjista,42.305,18.8175
svrcuge,42.506944,18.478056
svrke,42.8675,19.329167
svrkote,43.34,19.351111
tamnica,42.481944,18.530833
tamnice,42.738056,19.493056
tarhanisi,42.8875,19.997778
tatarovine,43.442778,19.011111
tegovina,43.128889,19.538611
tegovine,42.586389,19.236389
tejani,42.102778,19.243333
teodo,42.436389,18.696111
tepca,43.205278,19.078056
terpeze,42.903889,19.995556
terzici,42.489722,18.516111
tici,42.407222,18.583611
tiganji,42.888056,19.976389
tijesak,42.402222,19.185556
tisovac,42.601667,18.796944
tmajevac,43.25,19.346389
tmusice,42.837222,19.966389
tockovi,43.343611,19.164167
todorov dub,42.776667,19.094444
todorovici,42.4525,18.644167
toletin do,42.586667,18.7325
toljevina,43.003611,18.532222
tolosi,42.454722,19.224167
tomanov do,42.611944,18.818333
tomasevici,42.529167,18.4875
tomba,42.076111,19.126944
tomicici,42.444444,18.699167
tomici,42.2525,18.999722
topalovici,43.388056,19.2325
topla,42.458056,18.525556
topli potok,42.829722,19.350278
topolica,42.098333,19.094167
tosici,43.383056,19.285833
tospude,42.641389,18.708333
tovicki do,42.676389,18.769444
traboin stari,42.398056,19.450556
travni do,42.956111,18.5675
trebaljevo,42.865833,19.531667
trebesinj,42.472222,18.523889
trebinci,42.563889,19.265833
trebljevina,43.376389,19.439167
trebljevine,43.168889,19.345
trebovinski pod,42.665278,18.868889
trepca,42.776944,19.824167
tresnjevic,42.743333,19.702778
tresnjevo,42.635556,18.751389
tresnjica,42.333333,18.758333
trgovista,43.443333,19.169167
trimojevici,42.564444,19.366111
tripkovici,42.463056,18.764167
trkaci,43.248056,19.359444
trmanje,42.6475,19.344722
trnavice,42.933611,20.008056
trnine,42.563889,18.860278
trnovac,42.830556,18.788333
trnovica,42.856944,19.336944
trnovi do,42.328333,19.069444
trnovo,42.296667,19.029722
trojanovici,42.420833,18.596944
trojica,42.404167,18.763611
trosavac,42.822778,18.756389
trsa,43.190556,18.946111
trstenik,42.490833,18.76
trubasinj,42.689167,18.992778
trubina,42.935833,19.878889
trubjela,42.744722,18.779167
trubljani,42.969444,19.965556
truma,42.815833,18.5425
trunica do,42.797222,19.537222
trusina,42.839722,18.781111
tucanje,42.929167,19.936389
tudemile,42.130833,19.145
tudorovici,42.245,18.911667
tulovo,43.201389,19.455556
tunjevo,42.629167,19.0175
tupanj,42.796944,18.671389
tupan,42.785833,18.635833
tupci,43.47,19.031389
turava,43.060278,19.868056
turcini,42.111667,19.143056
turija,42.291389,18.763333
tursko,42.426944,18.524444
turuntas,42.988333,18.556111
tusina,42.948611,19.200278
tusto brdo,43.463889,19.206389
tustovo,43.021389,19.659167
tusupe,42.465278,18.530556
tutini doli,42.633333,18.920278
tuzeva luka,42.875556,20.116667
tuzi ljevorecke,42.694444,19.4925
tuzi,42.365556,19.331389
tvorilo,42.597222,19.061389
tvrdakovici,43.459167,19.049722
tvrdas,43.336667,19.379167
tvrdos,42.489444,19.025
ubalac,42.504722,18.717778
ubaljski do,42.617778,18.871667
uba,42.475278,18.843889
ubla,42.941944,18.5325
ublica,42.580278,18.759167
ublice,42.507222,18.858889
ubli,42.584167,19.256667
ugarce,43.046667,19.452778
ugljesici,42.301944,18.909167
ugnji,42.34,18.9175
ujnice,43.098889,19.704444
ukropci,42.340278,18.749444
ulica,42.728056,19.4375
ulice,43.248056,19.443611
uljara,42.708611,19.413333
ulotina,42.683056,19.846389
umac,42.615,18.689167
umci,42.392778,18.905
unac,43.185,18.882222
unijerina,42.551111,18.649722
uremovici,43.259167,19.330833
urljev do,42.938611,18.5725
usanovici,43.088611,19.815278
uskoci,43.177222,19.106944
usputnica,42.762778,18.536389
utrg,42.262222,18.973056
uvac,42.714167,19.506389
uvezac,43.018889,19.755556
vagan,43.403333,19.211667
vala,42.461944,18.646389
valdanos,41.949167,19.165833
valista,42.488056,18.7825
varda,42.961111,19.548056
vardista,42.437778,19.027778
varine,43.178889,19.373056
vasiljevici,42.5075,18.619444
vatnikaj,42.342778,19.394722
vecerici,42.411389,18.573056
vela luka,42.498333,19.313333
velembusi,42.100278,19.128056
velenica,42.423056,19.163333
velestovo,42.525833,18.964722
veleta,42.587778,19.078333
velida,42.872778,19.838889
velika plaza,41.912222,19.247778
velike sljeme,43.073333,19.549722
veliki do,43.022222,19.443333
veliki lipovac,42.562222,18.767222
veliki orah,42.861111,18.981667
veliki ostros,42.081389,19.318611
veliko radevo,42.838611,19.029444
velimje,42.82,18.634167
velinici,42.502222,18.708056
velja aluga,42.675833,18.7525
velja dolina,42.568056,18.810556
velja gorana,41.991944,19.232222
velja lazina,42.432778,19.014167
velja rzista,42.610278,18.739167
velja zagreda,42.55,19.064167
velje brdo,42.488056,19.224444
velje polje,43.410833,19.188056
velje selo,42.034722,19.198333
velje slacko,42.659444,19.470833
velji brijeg,42.382778,19.211944
velji do,42.547778,18.851389
velji kraj,42.438611,18.823889
velji potok,42.720278,19.734444
velji zalazi,42.457222,18.783333
verusa,42.648611,19.518056
vezista,42.501944,19.316667
vidacica,42.592222,19.416944
vidijenje,42.495278,19.324722
vidne,42.813889,18.483611
vidov potok,42.831944,18.92
vidre,43.348611,19.298611
vidrovan,42.854444,18.942778
vignjevici,42.329722,18.976111
vijenac,43.329167,19.443333
vilace,43.014444,19.771111
vilac,42.576389,19.395278
vilici,43.255556,19.3725
vili jasen,42.574444,18.845833
viluse,42.7275,18.595278
vinici,42.618056,19.095833
vinicka,42.801389,19.834722
vinogradine,42.733889,19.427778
vinogradista,42.531111,19.323333
virak,43.117778,19.111944
virpazar,42.245556,19.0925
vir,42.845556,18.921667
visnje,42.794722,19.2825
visnjevo,42.297778,18.776944
visnjica do,43.032778,18.733056
visnjica,43.313056,19.185
visnjice,42.852222,20.229444
visocke,43.415,19.090556
vis,42.6125,19.063333
vitalac,42.776944,18.899444
vitasojevici,42.625556,18.992778
vitkove staje,43.114444,19.578889
vitoglav,42.515278,18.680833
vjetarnik,42.600556,19.421667
vjetrina,42.637778,19.374722
vjetrosevice,42.725,19.751111
vladimir,42.006667,19.312778
vladne,42.343056,19.286111
vladosi,42.806111,19.518889
vlahovici,42.688889,19.350833
vlahovina,43.221944,19.481389
vlaka,42.978611,18.614167
vlaovici,42.485278,18.483333
vlase vica,42.569444,19.365278
vocje,42.782778,19.397222
vodni do,42.552222,18.774167
vodno,43.1775,19.496111
vojinovici,43.170833,18.8975
vojkovici,42.458056,18.874444
vojnici,42.546389,18.913056
vojno selo,42.578611,19.921389
vojtina,43.423333,19.163056
vojvodici,43.221944,18.9325
voljavac,43.113611,19.786667
voljevac,43.155556,19.733056
volujnik,42.6725,19.979722
vonjin do,42.750278,18.813611
vozarina,42.8325,19.373889
vraca,43.339167,18.905
vracenovici,42.838889,18.496389
vranesi,43.378056,19.309167
vranici,42.460556,19.236944
vranicke njive,42.470556,19.251389
vranjaca,43.258611,19.343889
vranjak,42.736944,19.628056
vranjestica,42.785833,19.626389
vranjina,42.278056,19.134444
vranj,42.325833,19.297778
vranovici,42.360833,18.731944
vranstica,43.074444,19.631389
vratiste,43.088056,19.640278
vratnica,42.431667,18.8075
vrba,42.25,18.911667
vrbe,42.986667,19.913056
vrbica,42.405556,18.920278
vrbice,42.865556,18.954167
vrbov lug,43.328056,19.198611
vrela,42.326667,18.9275
vrgasevici,43.187778,19.588333
vrh,43.0625,19.899722
vrijesno,42.273333,18.895
vrlici,42.083611,19.306944
vrljeroski do,42.636111,18.834444
vrsajke,42.970278,19.98
vrsevo,42.9425,19.956944
vrtace,43.412222,19.129722
vrta,42.791111,19.369722
vrtlina,43.451111,19.181944
vrtoc polje,43.057778,19.144444
vrtovi,42.718611,19.321667
vrujca,42.788889,19.417222
vrulja,43.216667,19.461667
vuca,42.902222,19.785278
vucedabici,42.199722,19.167222
vucevo,43.472778,19.225833
vucica,42.575,19.108056
vuci do,42.467222,18.852222
vucje seliste,43.234444,18.937222
vucje,43.34,19.265
vuckovici,42.306944,18.974444
vujkovici,43.277222,19.4675
vujkovina,42.598056,19.1175
vujkovo zdrijelo,42.64,18.890278
vujovske ravni,42.590278,18.887778
vukanovici,43.076389,19.622222
vukasovici,42.507778,18.614167
vukici,42.018611,19.221944
vukmirovici,42.361111,18.9825
vukoderica,42.822222,19.901667
vuko do,42.584444,18.769167
vukodo,43.071667,19.120556
vukorani,42.72,18.850833
vukotici,43.114722,19.75
vukov do,43.160278,19.711111
vukove zgrade,42.352222,19.124167
vukovo brdo,43.266111,19.493333
vukov pod,42.528333,18.97
vuksanlekici,42.341111,19.341389
vuksanovici,42.343889,18.790833
vuksanovo gumno,42.553056,19.207222
vuksici,43.513333,18.984167
vulevici,42.388889,19.351389
vulici,42.043889,19.210556
vuljan,42.420556,19.380833
vuljevici,42.374167,19.334167
vusanje,42.529444,19.840278
zabes,42.230556,19.090556
zabjelo,42.4275,19.228889
zabljak,42.317222,19.158611
zaboj,42.294444,19.075833
zabrde,42.419167,18.595278
zabrnjica,42.788611,19.012778
zacir,42.343333,18.996944
zadublje,43.344444,19.291389
zadurasevac,43.146111,19.364167
zagaj,42.550278,18.799444
zagarac,42.513611,19.0525
zaglavak,43.2,19.251944
zagonac,42.57,18.768889
zagorak,42.615833,19.0275
zagora,42.3025,18.749444
zagoric,42.46,19.275833
zagorje,42.820556,19.896667
zagorski do,42.705556,18.6425
zagrada,42.146667,19.021667
zagrad,42.75,19.091111
zagrebac,43.121111,19.381111
zagreda,42.526944,19.391944
zagulj,42.650833,18.620833
zagvozdak,42.590833,18.65
zahum,43.330278,19.155833
zainovica guvno,42.653889,18.731389
zajedni do,43.187778,19.344722
zakrajci,43.096389,19.297222
zakrilje,42.780278,19.374167
zakrizevac,43.140278,19.726111
zakurljaj,42.670556,18.649722
zalazba,42.743056,19.351667
zalipa,42.701111,19.488056
zaljevo,42.067222,19.131389
zaljuce,42.539444,18.909444
zaljutnica,43.018056,18.723333
zalom,42.865,19.262222
zaluci,42.976389,19.151944
zamacev do,42.654444,18.701944
zambelici,42.391389,18.596389
zanjev do,42.418333,18.796389
zanjica,42.399444,18.581111
zankovici,42.1475,19.0525
zanuglina,42.923056,18.618611
zaorine,43.304167,19.232778
zapotocje,43.034167,19.711667
zaprevorje,42.769722,19.325
zari,43.061667,19.480278
zarme,42.603056,18.845556
zarunica,42.518889,19.866667
zar,42.686111,19.726944
zasada,43.234167,19.155
zaselje,42.5625,18.835833
zasjednica,42.736667,19.419444
zaslap,42.6775,18.593333
zastek,42.305556,19.043333
zaton,43.003056,19.786111
zaugao,42.608611,19.501111
zauglina,42.743611,19.532778
zaugline,43.359722,19.118056
zausje,42.449167,18.629167
zavala,42.508056,19.298889
zaviden,43.391389,19.203333
zavraca,42.827778,18.884722
zavraci,42.843333,19.305
zavrh,42.718889,19.351111
zazdrijonice,42.985556,18.711111
zbljevo,43.327222,19.306667
zdrijelo,42.555,18.510556
zebice,43.128333,19.728056
zebljak,42.690278,18.578611
zecevina,42.793889,18.555278
zecevo selo,42.323889,18.829444
zederovo brdo,43.395556,19.238056
zeicno,43.296944,18.872778
zekavice,43.2675,19.380833
zelalici,42.456944,18.649167
zelenica,42.451389,18.576667
zeleni do,42.463333,19.107778
zeljev do,42.789722,18.511389
zeljeznica,42.110833,19.098333
zenica,43.304722,19.344167
zenjilov lug,42.876389,19.536389
zenj,42.034722,19.309722
zgrada,42.149167,19.041111
zidovici,43.354444,19.317222
ziljak,43.080278,19.825278
zirci,42.809722,19.457778
ziva,42.687222,18.706111
zivkov do,43.446389,19.169167
zivkovici,42.498056,19.39
zkrs,42.6725,19.973889
zlatica,42.471667,19.3025
zlatna obala,42.131389,19.062778
zlato,42.878056,18.692222
zlijebi,42.483889,18.563056
zljebina,42.586944,18.835278
zloglavlje,42.883056,20.101944
zlokovici,42.463056,18.654722
zlostup,43.008333,18.743611
zmijice,42.446111,18.578056
zmijina,42.580556,19.386667
zminac,43.025,19.850278
zminica,43.093056,19.2525
zminjac,42.958611,18.5375
zmukici,42.585833,18.695278
zogaj,41.948889,19.283611
zorilovici,43.486667,19.159167
zovaca,42.763611,19.068056
zovica,42.568611,18.859167
zovina,42.577778,18.805
zrinje,42.445556,18.499167
zubac,42.185833,19.027778
zugljaj,42.688611,18.55
zukovica,42.217222,18.944444
zukva,42.962778,19.162778
zupa,42.423056,18.704722
zupci,42.128056,19.1225
zupkovici,42.471944,18.509167
zurena,42.973056,19.823889
zuri,42.491667,19.193056
zurnovice,43.024722,19.600833
zvecara,42.541111,18.641667
