abaclia,46.361944,28.941944
achendorf,46.111944,28.328889
acui,46.186667,28.424722
acui de jos,46.178056,28.433611
acui de sus,46.196389,28.4175
adjiler,46.492778,29.620833
afanasievca,47.323056,29.253611
afumati,46.984444,28.210556
agronomovca,47.348611,27.896389
alauat,45.866111,28.585833
alava,46.509167,29.567778
albina,46.704444,28.641944
albinets,47.556389,27.6375
albinetul nou,47.580556,27.621111
albinita,46.890556,29.173889
albota,45.973333,28.474167
albota de jos,45.945833,28.484444
alcedar,47.868056,28.874722
aleksandren,47.955278,28.128889
aleksandreni noua,46.721944,29.023056
aleksandreni-tyrg,47.805556,28.075833
aleksandren nouy,48.147222,27.258333
aleksandreny,47.6,27.8
aleksandreshti,46.050278,28.4125
aleksandreshty,47.894444,27.431111
aleksandriya,47.687222,28.293611
aleksandrofeld,45.806667,28.427778
aleksandrovka,48.029722,28.554167
aleksandrovka,46.23,28.266389
aleksandrovka,46.701111,29.089167
aleksandrovka,46.511944,28.660556
aleksandru-chel-bun,48.096944,28.340556
aleksandru ioan kuza,45.599167,28.449444
aleksen,47.943889,28.285833
alekseyevka,46.026389,28.5675
alekseyevka,48.093611,27.260833
alekseyevka,47.263611,27.929722
alexandrovca noua,47.3,29.3025
alunis,47.848611,27.649444
andreevca,47.763056,29.171111
andreevca,47.538889,28.8775
andreyashevka,46.822778,29.970556
andriasevca noua,46.833611,29.955833
andrusha-de-zhos,45.985833,28.221111
andrusha verkhnyaya,46.0075,28.246111
anenii noi,46.878889,29.224722
aneny,46.889167,28.466389
anfisovka,47.944167,27.8675
antineni,47.6775,28.238333
antonen,48.076389,27.690833
antonesht,46.496111,29.848611
antoneshty,46.337778,28.217222
antonovca,47.786944,28.214167
arianeshty,48.375278,27.843056
arkhiyereyskiy,46.975278,28.819444
armanca,47.986944,27.526944
artemonovka,46.596389,28.590833
asnaseni,46.994722,29.231944
asnashany,47.916667,27.990278
ataki,48.43,27.793889
atavaska,47.005,28.890556
avdarma,46.254167,28.839444
avramen,47.786111,27.2625
bacani,47.518333,27.891389
baccealia,46.691111,29.280556
bachoy,46.912222,28.883889
bachushka,47.638889,28.986944
bacioc,46.925,29.480278
bacioii noi,46.955,28.927222
bacseni,47.084167,28.016667
badiceni,48.203333,28.054444
badicu,46.094444,28.270556
badicul rusesc,46.113611,28.282222
badicu-nou,46.094722,28.244722
badradzhi-vek,48.037778,27.106389
badragii noi,48.064167,27.074722
bagrinesht,47.856389,28.242222
bagu,47.4225,28.466667
bahmut,47.3225,28.115833
bahmutea,46.551111,28.931944
baimaclia,46.187222,28.386944
baimaclia,46.590833,29.092778
bairamcea,45.9275,28.358611
baius,46.458889,28.4825
bakancha-skit,47.511111,28.135833
baksan,48.123889,28.094722
balaban,45.931944,28.581111
balabanesht,47.068333,29.131944
balan,47.885,27.5075
balanesht,47.206111,28.065833
balaneshty,47.135278,28.059722
balanul nou,47.960556,27.5025
balasesti,47.265556,29.0425
balasesti,47.661111,28.3525
balasineshti,48.243889,26.960556
balatina,47.693333,27.347222
balauresht,46.939167,28.140278
balcauti,48.283333,27.202222
balceana,46.844444,28.404722
balinti,48.320556,28.023611
balmaz,46.798056,29.285
baltata,47.051389,29.047778
baltata de sus,47.066389,29.035556
baltati,46.842222,28.955833
balti,47.761667,27.928889
baltsun,47.027778,28.29
baneshti,47.572222,28.378333
baneshti-nou,47.586667,28.403333
barabay,48.085833,27.6175
barancha,48.036389,27.913333
barboieni,47.019722,28.0575
barcareni,46.782778,29.177222
bardar,46.901944,28.668333
barladen,48.264444,27.416667
barnova,48.423889,27.526667
baroncea noua,48.000833,27.858333
basarabca,47.576389,29.161111
basarabeasca,46.331111,28.972778
bascalia,46.308333,28.784444
basheny,47.465556,28.269167
bashkany,47.124444,29.007222
batac,46.795556,29.191389
batar,46.5775,29.004167
baurchi,46.093889,28.675833
baurchi,46.658056,28.952222
baurchi moldavan,46.033056,28.232778
beleshty,47.214167,28.664167
beleuti,47.664444,27.906111
belichany,47.656389,28.047222
beloche,47.889167,28.978056
belyavintsy,48.292222,26.938889
bendary,46.830556,29.471111
beresht,47.233333,27.783333
berezki,46.873333,29.2625
berezlodzh,47.436389,28.933889
berezovca,48.381389,27.776944
bergdorf,47.336667,29.562222
berlinti,48.311944,26.935833
besalma,46.172778,28.648333
besghioz,46.121667,28.872222
beshtemak,46.5275,28.5275
bezeda,48.160833,27.001111
bezen,47.284444,28.67
bezeni,47.982222,28.120556
bibletichi,47.466389,28.054444
bic,46.956667,28.942222
biesti,47.515556,28.861389
bilicenii noi,47.696944,28.036667
biruinta,47.816111,28.068611
biruintsa,46.05,28.525
biscotari,46.675556,28.883611
bisericani,47.641389,27.328889
bisericuta,45.908889,28.527778
bisericuta-de jos,45.896111,28.5275
bleshtenautsy,48.1225,27.219444
blijnii hutor,46.884167,29.643333
blindeshty,47.313056,27.669167
blumental,46.648056,28.699444
bobeica,46.985,28.462222
bobulesht,47.879444,28.3525
bochkautsy,48.292222,27.174722
bocsa,47.471111,27.649722
bodany,48.081944,28.780833
bogdaneasa veche,46.475556,28.825556
bogdaneasca-noua,46.493333,28.844444
bogdaneni,46.512222,28.934167
bogdanesht,48.140278,27.001944
bogen,47.397222,28.026111
bogeni-nou,47.425278,28.014444
boghiceni,46.948889,28.325278
bogzesht,47.424722,28.428333
bolboaka,48.371667,27.198333
bolbochi,48.039722,28.083889
bolboki,46.883056,29.309722
bolgarskaya koloniya,46.016389,28.566111
bologan,47.431944,28.873056
bolshaya kashtangaliya,46.11,28.387222
bolshaya kiseliya,46.1,28.490278
bolshiye kotyuzhany,47.843611,28.554444
bolshoy fontan,47.261111,29.187222
bolshoy girtop,47.226389,28.942778
bolshoy molokish,47.856389,29.055833
bondareuca,47.572778,28.165833
borisyany novyye,47.987222,27.4725
borogani,46.369167,28.518333
bosca,47.306111,29.364444
bosernita,47.784444,28.980556
botanika,46.990833,28.833333
botnaresht veke,46.934722,29.162222
botnarestii noi,46.920278,29.166944
botocheny,46.2525,28.338889
botushany,47.533611,29.025833
boyanka,48.017222,27.93
boyukany,47.018611,28.792222
bozieni,46.749444,28.647222
braicau,48.303889,27.731667
braila,46.915556,28.8425
braneshty,47.305278,28.926667
braneshty,47.796667,27.255833
branesti,45.761111,28.166667
branza,45.677778,28.174167
branzeni,48.084167,27.175556
branzeni,47.658333,28.4725
branzenii noi,47.657222,28.486389
bratianovca,46.740556,28.464722
bratulen,47.139167,27.975556
bratuseni,48.077222,27.395833
bratusenii noi,48.061111,27.483889
bravicea,47.361111,28.436111
braviceni,47.433611,28.657778
breanova,47.415833,28.649722
brejeni,47.581667,28.140278
brezoaia,46.520833,29.453889
briceni,48.362778,27.085
briceni,48.357222,27.703611
briceva,48.114722,27.648611
brinzeni,47.814167,27.363889
broasca,46.934722,28.992778
broasca,45.965556,28.348889
broscari,46.676667,28.746667
broshtyany,47.879722,29.261389
broskoseshty,46.559444,28.247222
bruslachi,47.281111,29.38
bubueci,46.985,28.942222
buchiumeni,47.370556,27.713611
bucovat,47.188611,28.456944
buda,47.208889,28.218889
budai,46.8125,28.973889
budai,47.434444,28.821111
budai,45.848889,28.466389
budai,47.456667,28.349444
budesht,47.065278,29.006667
budzhak,46.365833,28.663333
buga,47.022222,28.995
buhna,46.650556,28.816389
bujor,46.9225,28.268333
bulaesti,47.476944,28.978611
bularda,47.356111,28.222222
bulbocii noi,48.060278,28.118611
bulgak,47.923333,27.675
bulgak,47.428056,27.7425
bulgari,46.491111,28.405833
bumbata,47.340833,27.974444
buneti,47.080556,28.91
burgela-soch,47.538611,27.865278
burlacelu,45.758056,28.506944
burlacu,46.044722,28.412778
burlaneshti,48.126111,27.130278
bursuc,47.973333,28.735556
bursuc,47.094444,28.3025
bursuceni,47.489722,28.013889
burtovca,45.85,28.233333
busauca,47.593611,28.788611
buschi,47.7175,29.077778
bushila,47.3875,27.811667
buteni,46.824167,28.675
butesht,47.795278,27.333333
butor,47.041389,29.404444
butuceni,47.301389,28.9725
buzdugani de zhos,47.143611,27.819444
buzduganii de sus,47.160833,27.8625
buzdugeni,48.107778,27.155833
cabaiesti,47.216389,28.146667
caetu,46.160556,28.513611
cahul,45.9075,28.194444
caiet,46.135278,28.481667
cainari,46.678889,29.046111
cainarii vechi,48.008056,28.125
cairaclia,45.778333,28.624444
cajba,47.728056,27.439722
calarasauca,48.418889,27.815556
calarasi,47.254444,28.308056
calfa,46.904167,29.375278
calfa noua,46.9125,29.361389
calibabovca,46.646667,28.431111
calimanesti,46.944444,28.195
calinesti,47.564167,27.486389
calinovca,47.311667,29.25
calmatui,46.783333,28.215278
calugar,47.540278,27.686389
camenca,48.031944,28.697778
camenca,47.827778,27.364167
camencea,47.280833,28.6875
camencuta,47.838611,27.445833
campul drept,46.564444,28.515
cania,46.281389,28.228611
cantemir,46.278056,28.200833
capaclia,46.328611,28.399722
caplani,46.387222,29.871389
capresti,47.754167,28.463333
capriana,47.1175,28.504444
carabateni,46.413889,28.912778
cara-biber,46.466667,29.016667
carabiber,46.472222,28.995556
caracui,46.698611,28.541944
caracusenii noi,48.325278,27.024167
caracusenii vechi,48.27,27.075833
caragas,46.777778,29.679722
cara hasan,46.4675,29.812222
caraiman,48.106667,27.561389
carbalia,45.873333,28.445833
carbalia noua,45.856944,28.454167
carbuna,46.431111,29.272778
carbuna,46.712222,28.951667
cardas,46.081389,28.483056
carlani,47.106111,28.416389
carmanova,47.258889,29.503611
carnateni,46.654444,29.491944
carnatenii noi,46.649444,29.135
carnesti,47.174167,28.003889
carpesti,46.263611,28.336667
carpineanca,46.696111,28.4725
carpineni,46.759722,28.353056
cartuse,47.015833,28.741111
carul frumos,48.176389,27.524722
cascalia,46.685556,29.156944
casla,46.141944,28.333333
casla,47.494722,28.226944
caslita-prut,45.537778,28.17
casunca,47.785,28.394167
cataleni,46.917778,28.189444
caterinovca,47.933889,28.866944
catranic,47.623611,27.777222
catun vulcanesti,45.6825,28.479167
causanii-noui,46.644167,29.413889
causanii-vechi,46.647222,29.440278
cazaclia,46.010278,28.662778
cazaclia,45.971389,28.339167
cazanesti,47.615278,28.472778
cazangic,46.509444,28.436667
ceadar,46.671667,28.407222
ceadar-lunga,46.055,28.830278
cealic,45.995556,28.554167
ceapaevca,48.204722,27.870278
cecur mengir,46.440833,28.755833
cenac,46.475278,28.641944
centru,47,28.866667
cenusa,47.8475,28.386389
ceparia,47.932222,27.715278
cepeleuti,48.3025,27.307222
cerlina,48.081389,28.6075
cernita,47.030556,29.517778
cernita,47.965833,28.466944
cernoleuca,48.313333,27.554444
ceroborta,47.093611,28.951667
cetareni,47.224167,27.903333
chabalakchia,46.174444,28.287222
chebanka,47.145,28.502222
chebanovka,46.814444,29.19
chebanovka,47.890556,27.758611
chebruch,46.683056,29.749167
chebruchi,46.600278,29.708333
chegoren,47.506111,28.862222
chekolteny,47.493889,28.608889
cheltuitori,47.066111,28.921111
cherepkov,47.983889,28.382222
cherna,47.770833,28.974722
chernenko,47.815278,28.796667
chersac,47.6375,28.584167
cheshmekey,45.544444,28.382778
chetris,47.595833,27.447222
chetrisul nou,47.624444,27.511111
chetroasa,47.122222,28.978611
chetroseni,46.963056,28.272778
chetrosenii noi,46.976389,28.271667
chetrosica noua,48.119167,27.471667
chetrosica veche,48.120278,27.403056
chetrosu,46.916389,29.043611
chetrosu,48.077778,27.886111
chigerleny,46.755278,28.822778
chikur,46.033333,28.472222
chilisoaia,47.113611,28.024722
chimishen,47.011944,29.129444
chimishliya,46.52,28.784167
chinisheuts,47.695556,28.855
chioselia,46.141111,28.403889
chioselia mica,46.083333,28.516389
chiperceni,47.525,28.838611
chipesca,47.762222,28.608611
chiraesti,46.718056,29.521667
chirca,46.9225,29.109167
chircaiesti,46.666667,29.033333
chircaiestii noi,46.663333,28.9725
chircani,46.087222,28.172222
chirianca,47.255833,28.532778
chiriet-lunga,46.209167,28.944167
chirileni,47.960556,28.329167
chirileni,47.691111,28.197778
chirilovca,45.816667,28.576389
chiriutnea,46.014444,28.736111
chirov,47.651111,29.097222
chirpiti,47.824167,27.618333
chirsev,46.333333,28.566667
chirsova,46.233889,28.648056
chiscareni,47.559444,28.015556
chiselari,46.650833,28.525
chishma,47.416389,28.753333
chisinau,47.005556,28.8575
chistelnita,47.568056,28.660833
chitcani,46.785556,29.608611
chitcanii noi,47.565278,28.481944
chitcanii vechi,47.592778,28.501111
chiurt,48.059444,27.341111
choara,46.7325,28.224722
chofu,47.564167,28.221667
chokany noua,47.032778,28.899722
chok-maydan,46.358056,28.821944
cholak,47.318611,27.82
cholaku-nou,47.486667,27.826667
cholaku-vek,47.472778,27.864444
choplen,47.130278,28.949722
choresht,47.165,28.2225
choritsa,45.966389,28.303056
choropkani nouy,47.396944,27.696389
choropkani vek,47.395,27.711389
chubara,48.077778,27.533889
chuchelyany,47.021667,28.413333
chuchulya,47.657778,27.483889
chuchuyen,47.558056,28.128056
chuflesht,46.624167,29.001944
chulukan,47.505278,28.343056
chumay,45.782222,28.569722
chumay-vanino,45.804167,28.534722
chuteshty,47.175833,28.123889
chutulesht,47.761389,28.395556
ciorescu,47.129444,28.885556
cioropcani,47.397778,27.699722
ciuluc,47.634167,27.791111
climauti,48.310833,27.6075
climautii de jos,47.948611,28.797778
cliscauti,48.284444,27.328611
cliscauti,47.609722,28.291944
clisova,47.473056,28.573611
clococenii vechi,47.716389,27.415833
clocusna,48.431389,27.341667
cneazevca a doua,46.629167,28.487778
cneazevca intaia,46.634167,28.503056
coada iazului,47.655278,27.993611
cobalca,47.286667,28.589722
cobalea-veche,47.865833,28.671389
cobani,47.766111,27.320833
cobasna,47.784444,29.206111
cobusca noua,46.931389,29.206944
cobusca veche,46.972222,29.179167
cocieri,47.3075,29.110278
cociulia,46.357778,28.414722
cociulia noua,46.441944,28.473333
cocoara,46.056944,28.170833
codreni,48.433333,27.716667
codrenii noi,48.143333,27.572778
codrul nou,47.547778,28.577222
cogalniceni,47.634722,28.8225
coicova,47.411667,29.2425
cojusna,47.092778,28.658056
colibasi,45.718611,28.180278
colicauti,48.308889,27.153889
colonita,47.037778,28.958333
colosova,47.325833,29.566389
comarovca,47.692778,27.904444
comisarovca noua,47.330556,29.347222
comrat,46.300278,28.657222
condratesti,47.412222,28.112222
condrita,47.056667,28.568611
congazcicul de jos,46.311389,28.571389
congazcicul de sus,46.333333,28.566389
congaz,46.109167,28.604444
constantinesti,46.111389,28.215
constantinesti,46.721111,29.109444
constantinesti-nou,46.116944,28.183333
constantinovca,46.852222,29.845833
constantinovca,48.249167,27.11
copaceanca,47.966944,27.550556
copaceni,47.617778,28.234444
copanca,46.716944,29.620556
copceac,45.851667,28.6925
copceac,46.450278,29.520833
copcui,46.515833,28.357778
coporani,46.373611,28.359722
corbu,48.267222,27.5725
corcmaz,46.451944,29.9825
corestauti,48.352778,27.257778
corjeuti,48.222778,27.042222
corjova,47.287778,29.129722
corjova,47.096389,29.171667
corlateni,47.828056,27.839167
cornesti,46.998056,28.329444
cornesti,47.356111,28.008333
cornova,47.394722,28.171667
coroliovca,46.710833,28.4725
coropceni,47.476111,28.522222
corotna,46.629167,29.859444
corpaci,48.006944,27.138333
cortenul nou,46.004167,28.570278
cosarnita,47.938056,28.464444
cosauti,48.228889,28.291111
coscodeni,47.488611,28.053611
coseni,47.440556,27.926111
cosernita,47.119167,29.047222
cosmenii noui,47.510278,27.550278
cosnita,47.1475,29.133333
cosnita noua,47.313333,29.330833
costangalia,46.616667,28.803056
costesti,46.873333,28.206667
costesti,46.867778,28.768611
costesti,47.858333,27.258611
costiujeni,46.955,28.829444
costuleni,47.078056,27.911944
cot,47.653611,27.34
cot,47.978889,28.777778
coteala,48.330833,26.861944
cotihana,45.938056,28.243611
cotiugenii mici,47.703333,28.308056
cotiujeni,48.344444,26.938056
cotova,48.163056,27.951111
cotovca,47.285278,29.478333
cotovca,47.852222,27.975
cotovscoe,47.522778,28.721111
cotul morii,46.869722,28.118889
covurlui,46.590833,28.402778
cozesti,47.569167,28.181667
craciun,46.232778,28.351667
crasna,46.651389,29.804722
crasnaia besarabia,47.285,29.586944
crasnaia gorca,47.132222,29.315
crasnaseni,47.433333,28.398889
crasnencoe,47.848611,29.139722
crasnii octeabri,48.012778,28.548611
crasnii vinogradari,47.298333,29.278056
crasnoarmeiscoe,46.829444,28.282222
crasnogorca,46.961389,29.465278
cremenciug,46.708611,29.673889
cremenciug,48.276944,28.085278
cretoaia,46.866667,29.134722
cricova,47.138889,28.861944
crihana,45.845833,28.194722
crihana noua,45.856111,28.291667
criscauti,48.266389,27.854167
cristesti,47.056389,28.281944
criuleni,47.214444,29.161389
criva,48.271111,26.672222
cruglic,47.219722,29.026667
cruzesti,47.084722,28.973611
cubolta,47.874167,28.038889
cucioaia,47.460278,28.185833
cucioaia noua,47.485556,28.166667
cuconestii noi,47.988889,27.2075
cuconestii vechi,47.965556,27.156667
cucuetii vechi,47.905833,27.435556
cucuietii noi,47.894444,27.42
cucuruzeni,47.488333,28.725833
cucuruzenii de sus,47.545556,28.698889
cuhnesti,47.655833,27.374444
cuhurestii de jos,47.929444,28.591944
cuhurestii de sos,47.921111,28.553611
cuizauca,47.614444,28.812778
cunicea,47.909167,28.644444
cupcini,48.110833,27.385278
curatura,47.878333,28.912222
curchi,47.335833,28.653889
cureni,46.7175,29.107778
curesnita,48.227778,28.176389
curesnita noua,48.181389,28.1225
curluceni,47.145278,28.562778
cursestii din vale,47.716667,27.366667
curtoaia,47.392778,28.104722
cuselauca,47.876944,28.560833
cusmirca,47.906389,28.705278
cuzmenii vechi,47.526389,27.567778
cuzmin,48.094444,28.632778
dahnovici,46.976389,28.482222
dalakeu,47.098889,29.303056
damascani,47.866944,27.305556
danceni,46.970556,28.707778
dancu,46.762778,28.21
dangeni,48.348056,27.481389
danu,47.830556,27.496111
danuteni,47.183611,27.807222
darcauti,48.227778,27.980833
darcautii noi,48.209722,28.001944
dascova,47.375556,28.5975
deduleshti,46.3275,28.513889
delacau,47.128889,29.298889
dementyevka,47.957222,27.954444
dereneu,47.381667,28.2425
dermedzh,45.88,28.414722
desghinge,46.424444,28.616667
dimitrova,47.876944,29.143333
dimitrova,46.158889,28.468056
dimitrovca,46.485278,28.718056
dimitrovka,47.971389,28.318889
djoltai,46.1825,28.876111
dnestrovsc,46.622222,29.913333
dobrodzhena nouye,47.827778,27.948333
dobrogea,46.884444,28.989167
dobrogea veche,47.841667,27.931944
dobrusa,47.785278,28.593889
dobrusa,47.614444,28.556667
doibani 1,47.39,29.206389
doibani 2,47.403611,29.213611
dolna,47.121944,28.270278
doltu,47.537222,27.823056
dombrovani,48.050556,28.228056
domniy,47.355833,28.815556
domoluzhany,47.793611,28.433889
dondusani,48.224444,27.585278
dorotcaia,47.172222,29.202778
draganesht,47.721389,28.254167
dragoneshty,47.719444,28.196667
draguseni,46.983889,28.450278
dragusenii noi,47.044444,28.424167
drasliceni,47.155556,28.78
drenkovtsy,48.271667,26.724167
drochia,48.035,27.816111
drojdieni,46.937222,28.227222
druitory,47.869444,27.26
drujba,47.432778,28.076111
drujineni,47.525833,27.535833
druta,47.966667,27.296111
dubasar,47.133889,29.197778
dubasari,47.263056,29.160833
dubau,47.430278,29.279167
dubedzy,47.591389,28.260278
dubna,48.015,28.315278
dubovca,46.748611,28.608333
dudesti,47.017778,28.7625
dumbravita,47.480833,28.110556
dumen,47.911389,27.203056
dunduc,46.801389,29.228889
duritoarya noua,47.892778,27.2475
dushka,47.164444,29.12
dushman,47.716944,27.481389
dzerjinscoe,47.221667,29.181111
dzhamana,46.818333,29.138889
dzhigalboy,45.936944,28.411944
dzhurdzhulesht,45.481667,28.197222
ecaterineanca,46.583889,28.749444
echimauti,47.694167,28.900278
edinet,48.168056,27.305
egoreni,48.199167,28.355
egorovca,47.618056,27.755556
elenovca,48.124722,27.626111
elisaveta,47.784167,28.0225
elizavetovca,48.280833,27.708611
elizavetovca,47.2425,27.761111
enachesti,46.221667,28.42
epureni,46.263333,28.221389
ermaclia,46.580833,29.509722
etulia,45.539167,28.442778
etulia noua,45.516111,28.439167
evghenievca,47.67,28.223056
ezarenii vechi,47.565278,28.089444
fadigovo,47.441111,27.803889
fagadau,45.853611,28.295278
fagadau,47.936944,28.525278
falesht,47.573611,27.709167
falestii noi,47.571944,27.746944
fantanita,48.1075,27.691111
farladani,46.788333,29.366944
farladani,46.7875,28.6875
fauresht,47.145,28.896111
fedoreuca,47.488056,28.640278
fedoseevca,47.233333,29.537778
ferapapontyevka,46.24,28.774444
feshtelitsa,46.544444,29.565556
feteasca,46.787778,28.192222
fetesht,48.166667,27.096667
fetita,46.693333,28.673056
filipeni,46.44,28.331944
fintina alba,48.163056,27.428333
firladenii noi,46.7525,29.301111
flamanda,46.165278,28.158056
flamanzeni,47.498889,28.09
flocoasa,46.152778,28.251389
floren,47.346389,27.663889
floresht,46.996111,29.179444
floresht,47.893333,28.301389
floreshty,47.3825,27.715278
florica,46.69,29.222222
floriceni,48.020833,28.016389
florichika,46.234444,28.411944
floritoaia noua,47.167222,27.925278
floritoaia veche,47.206389,27.907778
flutura,47.688333,28.5475
focsani,45.931111,28.200556
folvark tatarasheni,46.340278,28.301944
frasinesht,47.034444,28.012778
frasin,48.138333,27.544444
frasin,46.89,28.195
fratesht,47.675833,28.341111
frumoasa,47.328889,28.402778
frumushika,46.900833,28.891667
frumushika,47.514167,27.687778
frumushika,47.961667,28.118056
frumushika,46.556944,28.428611
frumushika-nouye,47.877222,28.061944
frunza,46.828333,29.880278
frunza,48.4075,27.598611
frunzauca,48.156944,28.584444
frunzeshty,47.784722,28.186389
fundoaya,47.911111,28.049167
fund saratsika,46.638333,28.555556
fundu-galbena,46.8825,28.623056
fundul-ialpugului,46.651667,28.589722
fundur,47.741111,27.714444
fundurii noi,47.753611,27.656944
furceni,47.336389,28.925556
fuzauca,47.741667,28.746111
gadzhikiyey,45.925556,28.462222
gaidar,46.102778,28.765
galaseni,47.868889,27.3425
galbenita,46.668056,28.764167
galesht,47.228056,28.498056
galestii noi,47.2075,28.495556
galilesht,46.905833,29.345
galoshnitsa,48.2475,28.176944
ganaseni di-paduri,46.348056,28.330278
ganaseni-nou,46.419167,28.255833
gancheshty,47.548056,27.505
ganchesty,46.825833,28.593611
gandesti,47.857778,28.382778
gangura,46.73,29.013056
gansk,46.831389,28.755
garaba,47.896111,29.088056
gara ghidighici,47.073889,28.735
garagysh,46.289444,28.378333
garbova,48.3775,27.621944
garbovat,46.8425,29.358333
garesht,47.432222,27.580556
garmatskoye,47.423333,29.092778
gartop,47.239722,29.361389
gasca,46.778889,29.425
gashpar,48.156944,27.4975
gatmana,46.970833,28.970278
gauren de-sus,47.201944,28.089444
gauren-de-zhos,46.830278,28.843333
gauzen,47.754444,28.565556
gavanoasa,45.765556,28.383333
gavrilesht,47.643889,28.258333
gechiu-nou,47.774167,28.060556
gechiu-vek,47.798333,28.100556
gederim,47.715,28.974722
gelauza,47.193611,28.596667
geltos,46.191667,28.160278
gerbovets,47.338056,28.313611
geredeuka,48.045556,27.144167
germanesht,47.440278,28.517222
german,47.359444,27.6025
gershunovka,47.721111,29.168333
gertop,46.652222,28.685
gertop,47.882778,28.46
gertop,45.920556,28.492778
gertop-mik,47.246944,28.928333
geshkureni,47.411667,27.953056
gesnesheni,47.855556,27.907222
getlova,47.371944,28.532222
gevenoasa noua,45.788056,28.365278
ghibanu,46.021389,28.208333
ghica-voda,47.986111,27.792222
ghidighici,47.093056,28.768611
ghiduleni,47.610833,28.744722
ghilavat,48.288611,26.946111
ghiliceni,47.479444,28.206667
ghincauti,48.273889,27.310556
ghirova,47.413056,28.281667
ghizdita,48.104444,27.730278
giliuts,47.928889,27.386944
gircheshty,47.395278,28.086389
girishen,47.435278,28.286667
gizhdieny,47.769722,27.460278
gizhdiyany,47.459444,28.914722
glavan,48.044722,27.750833
glina mare,48.223333,27.253333
glina mika,48.291111,26.878056
glindzhen,47.598611,27.89
glindzhen,47.821944,28.875556
glinnaja,47.228056,29.415
glinnoje,46.634167,29.813889
gloden,47.770833,27.514444
gluboaka,47.378611,28.555
gluboka,47.116111,28.797222
godzhineshty,47.373333,28.320833
goian,47.133611,28.907222
goian,47.377222,29.16
goianul nou,47.1175,28.900833
goianul nou,47.385278,29.320278
golen,48.210556,27.432778
golerkan,47.311944,29.068889
goluboye,46.065833,28.333333
gordinesht,48.164444,27.165
gordinesht,47.696667,28.801111
gordinestii noi,48.170556,27.228611
goresht,46.826667,28.871944
goreshty,47.415556,27.5825
gorodeshty,47.208611,28.251944
gorodishche,48.265,27.789167
gorodishche,47.614722,28.943056
gorodishche,47.953889,27.263889
gorodka,47.056111,28.461667
gorodka,47.045556,28.489444
goteshty,46.147778,28.167222
gotestii noi,46.131389,28.178056
gradeshte,46.607778,28.758889
gradinita,46.653056,29.584167
granaut,47.881111,27.778333
granita veche,46.488056,28.4525
graseni,47.350278,27.835278
gratiesti,47.099167,28.816667
greblesht,47.239722,28.612778
greceni,45.721667,28.391667
gremeshti,48.133056,26.974444
grigorauca,47.621389,28.198056
grigorauca,48.207778,28.099722
grigoren,46.689722,29.329444
grigoresti,47.800278,28.060556
grigoriopol,47.153611,29.296389
grimancauti,48.389444,27.089722
grinauti,48.313056,27.468889
grinauti-moldova,48.283056,27.448889
grinauti-raia,48.285278,27.423889
gromadzeni,48.3,26.95
grozasca,47.181111,27.894444
grozeshti,46.998611,28.079444
groznita,48.26,27.237222
grubna-noua,47.406111,27.615
gruseva,47.136667,28.951944
grushka,48.1125,28.571667
gulpesht,47.235833,27.908056
gura bacului,46.931111,29.458611
gura cainairi,47.866944,28.183889
gura-camenca,47.890556,28.356944
gura-galbena,46.698056,28.705833
gura-larga,46.075556,28.225278
gura-oituz,47.701944,28.3475
gutul,45.863056,28.300556
guzun,47.121389,28.321667
gvozdova,47.903889,28.353611
gynkauts,48.048611,27.188889
gyrtop,46.233889,28.251111
gyrtop,47.480556,27.707778
gyrtop,47.705278,28.483889
gyrzhauka,47.324167,28.2225
hadarauti,48.371667,27.335833
hagimus,46.756389,29.479722
halahora de jos,48.231389,27.169722
halahora de sus,48.258611,27.178333
harjau,47.806944,29.008056
helesteni,46.9625,28.185833
hidiutii noi,47.666667,27.764722
hirbovatul nou,46.831944,29.2775
hitresti,47.549167,27.776111
hlinaia mica,48.253611,27.269444
holosnita noua,48.116111,27.935833
homuteanovca,46.724444,29.055556
horjesti,46.712778,28.349444
hristici,48.120833,28.183889
hristoforovca,47.354722,27.918333
hristovaia,48.101389,28.734167
humulesti,46.9975,28.976389
iabloana,47.806111,27.623889
iablona noua,47.815556,27.613056
iablona veche,47.798611,27.625556
iacobstal,46.487778,29.576389
iagara,46.4275,28.436667
iagorlic,47.392222,29.160833
ialoveni,46.943056,28.777778
ialpugeni,46.579167,28.6225
iantarnoe,47.902778,28.836667
iarova,48.319722,28.049444
iasnaia poleana,46.141111,28.304444
iavgur,46.539167,28.616111
iezarenii noi,47.588611,28.097222
ignatei,47.6825,28.661667
ilascova,46.217778,28.303333
ileanca,46.482778,29.269722
ilenevka,47.634444,27.713056
ilichevka,48.155278,27.879444
ilichevka,47.936667,28.067778
imeniye syruchan,47.1075,29.054444
inculet,47.448889,28.721944
indarapnici,47.593611,28.583333
india,47.046111,29.387222
ineshti,47.502778,28.398056
inundeni,48.124722,28.358333
ion creanga,47.5925,28.210833
ioneasca,46.75,28.75
ion voda,47.725833,28.328333
iordaneni,46.393889,28.909167
iorjnita,48.193333,28.217778
isacova,47.370278,28.718056
isaicani,47.066389,28.020556
iscalau,47.573056,27.817778
iserlia,46.486389,28.953889
ishnovets,47.231389,28.863611
isvoare,47.551667,28.957222
isvoarele,47.433333,27.667222
isvoarele,47.977222,28.132778
iujnoe,45.7525,28.4775
iurceni,47.081111,28.259167
ivancea,47.284722,28.856944
ivaneshti,47.910278,28.158611
ivaneshty,47.887778,27.417222
ivanovca,47.877778,29.173611
ivanovca,46.506389,28.949167
ivanovca,47.658611,27.881389
ivanovca,46.876944,28.196389
ivanovca noua,46.745556,28.695278
ivanovka,46.712778,28.438611
izbeshty,47.220556,28.996389
izvoreni,47.430833,27.976111
japca,47.981944,28.703611
jeloboc,47.356944,28.904722
jevreni,47.258333,29.063889
jora de jos,47.465,29.108333
jora de mijloc,47.475556,29.096111
jora de sus,47.486667,29.076111
jura,47.517778,29.043056
kalkatova balka,46.855833,29.670556
karpana,46.990833,28.598889
kartoflyanka,48.142222,27.971667
kartoflyanka,47.539444,27.643889
katarzhi,47.712778,27.951389
kayetaneshti,48.089167,27.7175
kayucheny,47.502778,27.548889
ketrosy,47.501389,27.920833
khodorozha,47.508333,28.888611
khumuleshty,46.746111,28.961667
khutor pervomayskiy,47.68,29.211389
khutor veselyy,47.201944,29.553611
khutor vladimirovka,46.833889,29.794722
kirileni,47.380833,27.776111
klimautsy,47.813056,28.4
kochurgoye,46.034444,28.376944
kokocheny,46.669722,28.306667
koloniya strembeny,46.867222,28.265
kommuna imeni lenina,47.665556,29.190278
kommuna progress,47.623056,29.096111
korneshti,47.363611,27.9975
kotovsk,48.058611,28.140833
kotovskogo,46.765556,29.955
kremenya,48.040556,28.423056
ksendzovka,47.951667,28.948889
kurleny,47.559444,28.7825
kuza vode,47.889167,27.925
lagofteny,47.625556,27.568056
lalova,47.563889,29.019167
lapatna,47.495,29.052222
lapushna,46.884167,28.411944
larga,46.758333,29.160833
larga,48.372222,26.843333
larga noua,46.0725,28.224167
larga veche,46.070833,28.245278
larguta,46.305,28.319167
lazo,47.366667,28.894167
lazovsk,47.640556,28.141944
leca,46.309722,28.205
lelina,47.925,28.747222
lencauti,48.435278,27.650556
leninskiy,47.863889,28.389444
leonidovca,46.183333,28.433333
leontina,46.662778,29.587778
leordaia,47.336667,28.140556
leordoaia,47.345556,28.153333
leova,46.478611,28.255278
leova noua,46.526944,28.2525
leuseni,46.809167,28.199444
leuseni,47.482778,28.435278
lidovca,47.278611,27.894444
lilental,47.35,29.5
limbenii noi,47.723889,27.628889
limbenii vechi,47.689167,27.610278
lingura,46.233056,28.3225
lipcani,48.265278,26.803889
lipceni,47.806389,28.870278
lipnic,48.393611,27.5125
lipovanca,47.678889,27.984444
lipovat,47.7275,27.371944
lipoveni,46.734167,28.761944
lisaia gora,47.739167,29.068611
liveden,48.151111,27.792778
livezi,48.235833,28.049444
loganesht,47.1725,28.784167
loganesht,46.903889,28.545278
logovoye,48.070278,28.178333
lopatica,45.929444,28.412222
lopatnic,48.136389,27.052222
lozova,47.132778,28.385833
lucaceni,47.457222,27.596389
lucaseuca,47.335,28.755833
luceafar,47.411111,28.778611
lucesti,45.988889,28.336389
luminita,47.084167,28.074444
lunca,47.246111,29.166667
lunga,47.858333,28.219722
lunga noua,47.285833,29.274722
lupa-recea,47.312778,28.5925
luparia,47.875833,27.553889
macaresti,47.05,27.974722
macresti,46.243889,28.344444
magala,47.266667,29.149722
magdacesti,47.133889,28.825556
magura,47.487222,27.934444
magura noua,47.507222,27.953056
magurele,47.460833,27.971111
maiac,47.2375,29.385833
maiovca,48.371944,27.393611
maksimen,47.01,29.012778
maksimen vtoroy,46.571667,28.596944
malaesti,47.463056,28.663611
malaesti,47.882778,27.349722
malaiesstii noi,47.079167,29.144722
malaiesti,46.9825,29.552222
malaiesti,47.085278,29.133333
malaya kozhdangliya,46.131389,28.346111
malaya tatarovka,48.281389,27.992222
malaya ulma,47.752778,29.121944
malaya vanitsa,48.100833,28.176667
malayeshty,46.785833,28.778056
malcauti,48.213889,27.940833
malcoci,47.026111,28.63
malesht,47.800833,27.348611
malovata,47.346944,29.091111
malyye mileshty,46.899444,28.804722
malyy molokish,47.935833,29.034167
mana,47.338889,28.684444
mandresti,47.507222,28.276944
manoileshty,46.959167,28.602222
manoilesti,47.236667,27.883056
manta,45.806111,28.183333
marabiya,47.299167,28.995278
maramonevka,48.204444,27.795833
marandeni,47.6625,27.832222
marasesti,47.864167,28.069167
marcautii noi,48.2975,27.228056
marcauti,48.313889,27.226111
marcauti,47.355278,29.058333
marchet,46.708056,28.234167
marculesti,47.868611,28.2475
marculesti-sat,47.885278,28.249167
mardareuca,47.1175,29.002222
mareni-nouy,47.121944,27.919722
mareni vek,47.125,27.884722
marianca de jos,46.520556,29.601389
marianca de sus,46.648333,29.311944
marianca noua,46.643611,29.252222
marian,47.234167,29.331944
marienfeld,46.598056,28.618611
marineshty,47.731389,28.383889
marineshty,47.725,28.058889
marinich,46.966111,28.160278
marinya,47.731111,29.0625
martinesht,47.235278,28.606944
marzaci,47.489444,28.994722
marzeni,45.976944,28.564722
marzesti,47.498611,28.995
mascauti,47.290556,29.003889
mashkovtsy,47.682222,28.572222
mateuti,47.809167,28.932778
medeleni,47.295556,27.690833
medereshtiy-nou,47.716944,28.033611
medveja,48.361944,26.786389
meleseni,47.375556,28.388889
mereneshty,46.776667,29.537778
meren gara,46.924444,29.056389
mereni,46.963333,29.053333
mereni,46.674722,28.649167
mereseni,46.796667,28.541667
mereseuca,48.434167,27.684167
mereshty,46.969722,28.255
meseni,46.417222,28.466667
meseni,47.664722,28.638056
micauti,47.172222,28.748889
miclauseni,47.122778,28.308056
miclesti,47.238611,28.806667
miguleny,47.830556,28.836944
mihai bravul,47.801667,28.2625
mihailenii noi,48.033611,27.5325
mihaileni,48.247222,27.250833
mihaileni,47.969167,27.945278
mihaileni,48.040833,27.613889
mihailovca,47.484722,29.119167
mihailovca noua,47.795278,29.121667
mihalasa,47.495,28.34
mihalasa noua,47.507778,28.328333
mihalaseni,48.325833,27.423333
mileshty,47.223333,28.038611
mincenii de jos,47.635833,28.875833
mincenii de sus,47.649444,28.893889
mindra,47.319444,28.267222
mindra,47.535,28.526111
mingir,46.666667,28.327222
minzatesti,47.394167,28.065
mircesti,47.403056,27.995556
mirnoe,45.7375,28.581111
mirzoaia,47.032222,28.265278
mishovka,46.766111,29.001667
mitoc,47.386667,28.785
mitocul nou,47.403333,28.774167
mitropoiit,46.691667,28.816111
mladinesht,46.963333,28.376667
moara de piatra,47.895,28.006944
moara domneasca,47.622778,27.416667
mocearovca,47.240278,29.549722
mocra,47.630278,29.151667
mocreachi,47.275556,29.383611
moldavanka,47.618889,27.611389
moldavanskaya-slobodzaya,46.728056,29.707778
molovata,47.348889,29.114444
morozeni mari,47.378056,28.634167
mosana,48.323333,27.689167
moscovei-constantinescu,45.916667,28.366667
moscovei,45.934167,28.355556
moscovei-razesi,45.899167,28.389167
moscovei vechi,45.911667,28.376389
moseni,48.027778,27.446944
muguren,46.630278,28.874722
munteana,46.709167,28.774722
musaid,45.820556,28.505
musteata,47.510833,27.644722
muzhik,47.301944,28.207778
myrzesht,47.955,28.535278
nagoryany,47.966111,27.7
napadeni,47.4025,28.150556
napadova,48.019444,28.598333
nashlavcha,48.467222,27.584444
natalievca,47.700556,27.888333
navarnet,47.589167,27.561944
neculaeni,45.757222,28.377222
neculaieuca,47.360278,28.692222
nedgureni vek,47.416111,27.879722
negrea,46.811389,28.398056
negreshti,47.177778,28.624722
negurenii noi,47.400278,27.888611
negureni,47.935556,27.561944
negureni,47.601667,28.511111
nemirovka,48.113889,28.535556
nemteni,46.908611,28.118056
netush,45.769167,28.473333
nezavertailovca,46.607778,29.931389
nicolaenii-noii,46.772222,29.210556
nicolaevca,47.499444,27.703889
nicolaevca,47.753889,28.296944
nicolaevca,47.823056,27.553611
nicolaevca,46.390556,28.254444
nicolaevca,47.611944,28.018889
nicolscoe,46.876111,29.857222
nikolina,47.660833,28.225
nimoreni,47.008889,28.666389
niscani,47.267222,28.344444
nisiporeni,47.081389,28.178333
nistreni,47.541111,29.01
nokach,47.236111,28.266667
noroceni,47.376944,28.518056
novaia jizni,47.657778,29.083333
novaia nicolaevca,47.268889,27.845833
novaya nikolayevka,46.381389,28.255833
novaya obrezha,47.674167,27.693056
novaya pogrebya,47.310278,29.378333
novaya rublenitsa,48.153611,28.134722
novaya sakharna,47.675833,28.956111
novaya salkutsa,46.632222,29.190556
novaya sarata,47.499167,27.791389
novaya sarata,46.490833,28.39
novaya saratsika,46.5725,28.548333
novaya slobodzeya,48.258889,27.98
novaya stoyanovka,46.204722,28.173611
novaya synzhereya,47.720833,28.086667
novaya tarakliya,46.22,28.226667
novaya tatarovka,48.316389,27.973889
novaya teleshovka,48.281389,27.888611
novaya telitsa,46.980556,29.286389
novaya teura,47.548333,27.908056
novaya tsiganka,46.233333,28.155833
novaya ursoaya,46.726944,29.338889
novaya varnitsa,46.926944,29.265556
novosavitcaia,46.806111,29.868611
novo-selishtya,47.231944,28.312778
novoselovka,45.900556,28.601667
novotiraspolskiy,46.831944,29.576667
novo-tomay,46.622778,28.552778
novotroitskaya,46.565,28.466111
novotroitskoye,46.790278,29.265
novovladimirovca,46.939167,29.52
novoye aleksandrovo,45.814444,28.433333
novyye pepeny,47.6525,28.339722
novyye petrosy,47.581389,27.768611
novyye pistruyeny,47.699444,28.417778
novyye popeshti,47.975833,27.989722
novyye prodaneshty,47.743056,28.482222
novyye pynzareny,47.599444,27.648333
novyye radulyany,47.956667,28.246389
novyye raskayetsy,46.5325,29.773333
novyye roshiyetichi,47.831111,28.403056
novyye ruseshty,46.929722,28.651944
novyye sarateny,47.509167,28.501389
novyye shalviry,48.144722,27.919167
novyye shury,48.066111,27.799444
novyye skinyany,48.071667,28.105
novyye talayeshty,46.814167,28.281389
novyye tanatary,46.736667,29.320833
novyye trifeshty,45.948056,28.355
novyye varzareshty,47.232222,28.445
novyye zazuleny,47.381944,27.870556
novyy reutsel,47.701389,27.746389
novyy sagaydak,46.693056,28.850833
novyy tutovany,46.178333,28.291667
novyy vadul-leka,47.618056,28.436111
obilenii noi,46.878611,28.160556
obreja veche,47.674722,27.659167
ochiul alb,48.021944,27.671667
ochiul ros,46.767222,29.110556
oclanda,48.289167,28.060278
ocnita,48.133611,28.636389
ocnita,48.385278,27.439167
ocnita-razesi,47.469444,28.720278
ocnita-tarani,47.457222,28.722778
ocolina,48.125556,28.263056
octeabrscoe,48.339722,27.668333
odaia,47.856667,28.846944
odobeshty,47.051944,28.068333
ofatinti,47.668889,28.996111
ohrincea,47.220833,29.061111
oksentiya,47.383333,29.118611
oktyabrskiy,46.835833,29.661389
olaneshty,46.495556,29.918056
oliscani,47.798056,28.715
oneshkany,47.365278,28.288056
oneshti,46.860278,28.2525
oneshti,47.278611,28.551111
onesht,48.064167,27.272222
oneshty novyye,46.853889,28.245
onitcani,47.145833,29.068611
opacha,46.579722,29.35
opinka,47.639444,27.89
orac,46.668333,28.463056
ordasei,47.683333,28.496389
orgeyev,47.383056,28.823056
oricova,47.299444,28.236111
otac,47.589444,28.829722
paduret,46.785278,29.206667
paharniceni,47.373611,28.884444
paicul,46.037778,28.155278
paladea,48.246389,27.418333
palanca,47.333333,28.201389
palanca,48.122778,27.908333
palanca,46.408611,30.096111
palaria,47.686667,27.939444
paminteni,47.759722,27.897222
panasesti,47.153056,28.518611
panzareni,47.618611,27.676667
papauti,47.797778,28.923333
parata,47.100833,29.119167
parcani,46.852222,29.509722
parcani,47.294444,28.373611
parcani,47.8175,28.836944
parcani,48.061944,28.290278
parcova,48.153056,27.403889
parjolteni,47.196944,28.241667
parjota,47.957222,27.426667
parlita,48.075833,28.21
parlita,47.319444,27.873333
paruceni,47.149444,28.100556
paruseni,45.820833,28.436389
pascani,45.825,28.187778
pascani,47.167222,28.8325
pascani,46.976944,28.367778
pascauti,47.835278,27.280833
patruseni,47.847778,27.313056
paulesht,47.268056,28.370833
pavelesti,45.803056,28.352778
pavlovca,48.380833,26.874722
payana,47.887222,28.856389
pecestea,47.715556,28.710833
peleney-bolgar,45.845278,28.315833
peleney-moldavan,45.826944,28.321944
peleney,47.878056,27.834444
pepeni,47.638611,28.340556
pereni,47.002778,28.373611
pereni,47.655556,28.776667
perepelitsa,47.589722,28.341389
pererita,48.207222,26.915833
peresechika,47.252222,28.768889
pervomaiscoe,46.883889,28.323056
pervomaisc,46.733889,29.958611
pervomaisc,47.629722,27.978333
peticeni,47.237222,28.207222
petreni,47.943056,27.956667
petresht,47.306667,27.745278
petrichika,46.975278,29.085833
petrunea,47.7475,27.579722
petushka,47.2375,28.419722
piatra alba,46.933333,28.816944
picalova,47.762778,29.109722
picus,46.75,29.094167
pirlita,47.740278,27.803333
piscaresti,47.759167,28.810278
pistruenii vechi,47.692222,28.488056
piteshti,46.503056,28.545833
pivniceni,48.280556,27.526111
pleseni,46.356667,28.3425
plopi,47.955278,29.163889
plopi,46.207778,28.214167
plopi,48.255278,27.700278
plop,46.710833,29.219722
plop-shtubey,46.675,29.514444
pobeda,46.649444,28.301667
pochembautsy,47.995833,27.323611
pochumbeny,47.978056,27.303333
pocrovca,48.331389,27.856944
pocrovca,47.465278,27.875
pocsesti,47.249167,28.683333
podoima,47.995,28.775278
podoimita,48.004722,28.756111
podul lung,47.261944,28.250278
poeana,47.911944,28.633333
poganeshti,46.692778,28.233056
pogoarna,47.829444,28.498333
pogrebeni,47.556389,28.909167
pogrebya,47.181944,29.166111
pogucheny,47.088889,29.346667
poiana,48.252222,27.351944
poiana,47.391667,28
poienita,48.298056,27.936389
pojareni,46.885833,28.696111
pojarna,47.335,28.085556
polyaska,46.6025,29.536944
pompa,47.654722,27.9425
popenchi,47.595833,29.013611
popeni,46.248056,28.309444
popeshti-de-sus,48.088056,28.025556
popeshty,48.073333,28.030556
popovca,47.705833,27.865556
porumbeshty,46.313889,28.2775
poselok shevchenko,47.587778,29.183889
poselok starogo nomer pervyy,47.883611,29.133333
poselok starogo nomer vtoroy,47.850278,29.2
poselok zaporozhets,47.590278,29.137222
prajila,47.841389,28.203889
pretura riscani,47.047778,28.861944
pridnestrovskoye,48.030833,28.534722
principele mihai,46.1625,28.344167
priozernoye,46.8,29.933333
pripiceni-curchi,47.682778,28.783611
pripiceni-razesi,47.685833,28.763056
prisaca,46.656111,28.6025
prisak,46.940833,28.725
pritsepovka,46.823056,29.441944
prodaneshti-vek,47.716111,28.442778
proscureni,47.867222,27.285
pugoi,46.8225,29.032778
purcari,46.536944,29.860278
putineshti,47.835,28.124167
putintei,47.373889,28.576111
rabnita,47.766389,29.001111
racaria,47.909722,27.614722
rachesht,47.786389,28.562222
raciula,47.3025,28.343611
racovat,48.0825,28.406111
raculesti,47.270556,29.0675
radenii vechi,47.296944,28
radeni,47.397778,28.216667
radeni,47.206667,28.699167
radoaia,47.728056,28.16
radulenii,47.985556,28.263611
ramazani,47.984722,27.615278
rascaeti,46.574444,29.776111
rascani,47.957222,27.553889
rascova,47.2525,28.846111
rascov,47.955,28.825278
rashkan,47.1475,28.677778
raspopeni,47.745556,28.621111
rassvet,47.203056,28.428333
ratunda,48.244167,27.306389
ratush,47.165,28.806667
ratush,47.536944,28.503333
rautel,47.714167,27.825833
ravaca,46.908611,28.944722
razalai,47.642222,28.359167
razeni,46.770833,28.900556
razesi,46.614167,28.266667
recea,47.896389,27.671944
recea,47.221667,28.580556
red-chereshnevets,48.063333,28.3175
rediul de jos,47.508889,27.604167
rediul de sus,47.524722,27.608056
rediul mare,48.228611,27.515278
regina maria,46.6975,28.304444
resipyany,47.46,27.666111
reteni,47.811667,27.251667
reteni-vasileuti,47.806667,27.261389
rezina,47.749167,28.962222
rezina,47.214444,27.875556
rezina sat,47.738889,28.966667
ringaci,48.312222,27.336111
roghi,47.320278,29.135556
rogojeni,47.825278,28.411667
romaneshty,47.225833,28.711111
romanesti,46.459444,28.353056
romanovca,47.658056,28.296111
romanovca,47.375278,27.973889
roscanii de jos,47.646667,28.7375
roscanii de sus,47.628889,28.768889
roscani,46.900556,29.320556
roscani,47.653889,28.740833
rosha,45.954722,28.194167
rotari,48.105278,28.816111
rublenita,48.168333,28.214444
rudi,48.334444,27.895278
rujnita,48.256389,27.4325
rusca,46.876111,28.476389
ruseni,46.885278,29.2
ruseni,48.201667,27.415833
ruseshti-vek,46.919167,28.626111
ruslanovca,48.117222,28.3725
sacarovca,47.706944,28.210278
saca,47.194167,28.610833
sadaclia,46.449167,28.878611
sadac,46.2675,28.512778
sadchi,47.898889,28.867778
sadova,47.191111,28.344722
sadovoe,47.776389,27.796111
safronovka,46.833333,29.85
sagaidac,46.661667,28.845833
sagaidac,47.027222,29.023889
sagaidacul de sus,47.049722,29.025278
saghieni,47.246111,27.971944
saharna,47.693611,28.970278
saiti,46.496667,29.4075
sakaryany,47.025278,28.3325
salcea,46.9425,29.169444
salcea,47.950556,28.734167
salchiya,45.875833,28.515833
salcuta,46.595,29.244444
salvirii vechi,48.197778,27.846389
samalia,46.273333,28.435833
samananca,47.265,28.730833
samascani,47.755,28.696667
samoyleuka,48.333333,27.9
samsonovka,47.760833,29.166667
sanatauca,48.012222,28.682222
sangera,46.913056,28.9775
saptebani,47.897222,27.351667
sapte sate,46.974444,28.211111
sarata-galbena,46.7275,28.515
sarata mereseni,46.8,28.503611
sarata veche,47.51,27.738889
saratei,47.828333,29.020833
saratenii vechi,47.526111,28.553056
sarateni,46.856667,28.168611
sarateni,46.610833,28.4675
saratica veche,46.600833,28.533333
sarcani,47.511944,28.932222
sarcova,47.741389,28.783611
saseni,47.367778,28.501389
satul nou,46.617778,28.907778
sauca,48.3775,27.725556
savvi,47.083333,29.491944
scaieni,48.176389,27.576667
scaieni,47.969444,28.126111
schineni,48.094444,28.095833
schinoasa-sat,46.476667,28.959167
schinoasa,46.727778,28.7875
scoreni,47.064722,28.608611
scorteni,47.641389,28.646389
scroafa,46.778889,29.254167
sculeni,47.322778,27.631389
scumpia,47.4675,27.740833
secareni noi,47.018056,28.329444
selemet,46.577778,28.926389
seleshty,47.168889,28.136667
selishteny,47.061667,28.069444
selishte,47.241667,28.303056
selishte,46.526389,28.431389
selishte,47.333333,28.784444
semeni,47.268611,27.751944
semenovka,46.516667,29.512222
sendreni,47.125833,28.185833
septelici,48.199722,28.158056
serbeni,47.925833,27.165833
serbeshty,47.802222,28.324722
seretsi,47.133889,28.714167
sergeyevka,48.064722,27.726944
serghieni,47.646667,27.352222
serpeni,47.020833,29.349722
sestaci,47.623611,28.291111
sestaci,47.861389,28.754167
severinovca,48.066389,28.725
sevirova,47.927222,28.150833
sfedriak,47.895833,27.727778
shafranovka,46.123889,28.359444
shibka,47.168889,29.5075
shibka,47.848056,28.806111
shikovets,47.106111,27.908611
shipoteni,47.277222,28.198056
shipoten,46.9425,28.456389
shireutsy,48.237222,26.8425
shlenger,45.998056,28.571944
shmalena,47.757778,29.075833
shofrynkan lanbo,48.048889,27.413889
sholkan,48.173333,28.110556
sholtoaya,47.463333,27.814722
shtefaneshti,47.733611,28.438889
shtefanesht,46.445833,29.687778
shtefaneshty,47.887778,28.015556
shtefan-vode,46.515278,29.663056
shtyubeyany,48.031667,27.511389
shumna,47.921111,27.704444
shureli,48.096389,27.855556
sineshti,47.390833,28.048889
singureni,47.824167,27.854444
sirota,47.527778,28.776944
sitohnia,47.727778,28.960833
slavyanka,47.658889,28.382222
sloboda ganesyy,46.508056,29.740278
sloboda-gorodishte,47.598333,28.935556
sloboda kishkaren,47.573056,28.009722
sloboda magura,47.485,27.965
sloboda vorynkeu,48.066389,28.465833
slobodca,48.2075,27.368611
slobodka-medvezha,48.380556,26.7525
slobodka-shireutsy,48.2425,26.8725
slobodzeya-mare,45.576389,28.173889
slobodzeya-recha,47.853333,27.701944
slobozia veche,47.793611,27.919722
sobari,48.231944,28.066944
socii vechi,47.528333,27.674722
socola,47.908056,28.813333
socoleni,46.91,29.19
socolovca,48.061944,28.838333
sofia,46.841111,28.380278
sofieni,46.008611,28.471667
solonceni,47.828333,29.003889
solonet,47.995833,28.402778
soltaneshti,47.059444,28.11
soroca,47.805,27.5625
soroca,48.155833,28.2975
sovietscoe,47.954167,29.145
speia,46.981667,29.323333
speia,47.006667,29.297222
stalineshty,48.338611,27.263889
stalnichen,46.960278,28.5
stanislavca,47.694444,29.206944
staraya tatarevka,48.296944,27.976111
staraya teura,47.536944,27.951944
starcea,47.792222,27.5275
staryye talayeshty,46.795278,28.268889
staryye tomeshty,47.656667,27.342222
staryye tyrshitsei,47.692222,28.577222
staryye zazuleny,47.411389,27.856111
stauceni,47.0875,28.870278
stefanestii noui,46.706667,29.370833
steluta,46.479722,29.324167
step-soch,47.455278,28.789722
stetcani,47.236389,28.825
stirceni,47.875556,28.364167
stodolna,47.55,29.016667
stoianovca,46.0275,28.204444
stoianovca,46.259167,28.164444
stoicani,48.026667,28.363889
stolniceni,48.038056,27.348056
stolniceni,47.411111,27.713889
straisteni,46.906111,28.86
straseni,47.141389,28.610278
stroiesti,47.892778,28.9325
studzeny,47.915,27.460556
sturzeshti,47.801667,27.718889
sucleia,46.821111,29.659722
sudarca,48.305278,27.786944
suhaia ribnita,47.803611,29.183056
suhuluceni,47.466389,28.518333
surchiceni,46.622778,29.053611
suruceni,46.9825,28.668611
susleni,47.411111,28.986389
sverida,47.353333,28.292778
tabani,48.312222,27.0975
tabara,47.33,28.564722
tabuleuca,47.405556,29.104444
tagara,47.444722,27.901944
tahnauti,47.741111,28.861944
taksabyany,47.390278,27.591667
talaiesti,46.800278,28.266389
talmaza,46.635833,29.664722
tambula,47.696111,27.924722
tanatari,46.722222,29.415556
tantarem,46.903056,29.138889
tantareni,47.570278,28.5625
tapeni,47.706667,27.8975
taraclia de salcie,46.0075,28.415278
taraclia,46.215556,28.518056
taraclia,46.570278,29.115556
taraclia,45.9,28.668889
tarancuta,46.108056,28.409444
tarasova,47.877222,28.963611
tara,47.843611,28.405278
tareni,47.751389,28.878333
tarlesti,46,28.166667
tarnova,48.167778,27.655556
tarnova,48.206667,27.179722
tartaul de salche,45.971944,28.411944
tartaul,46.206944,28.321389
tashlyk,47.072222,29.395278
tatarasti,46.025,28.345278
tatarasti,47.204444,28.538611
taul,48.215833,27.672778
teia,46.958056,29.395556
telemeuts,47.98,28.497222
telenesht-tyrg,47.499722,28.365556
teleseuca,48.278889,27.899167
teleseu,47.266111,28.708056
telita,46.956944,29.303889
temeleuti,47.253889,28.071944
tepilova,48.125278,28.232778
terebna,48.05,27.251389
ternovka,46.811389,29.550556
tetcani,48.181667,26.975556
tibirica,47.371389,28.368889
tiganesti,47.298889,28.552222
tigania,47.750833,27.951667
tigechi,46.386111,28.376389
tighecianul,46.465833,28.26
tipala,46.827778,28.975278
tiplesti,47.823333,28.154722
tipletesti,47.818333,28.123611
tipordei,47.935278,28.614167
tipova,47.605,28.979444
tiraspol,46.840278,29.643333
tirzieni,47.445,28.623611
toceni,46.366944,28.218889
tochile-raducani,46.5775,28.244722
tochile,47.306944,28.171667
tocmagiu,46.944722,29.375
tocuz,46.523889,29.296111
todiresht,46.907222,29.086389
togatino,47.0625,28.945278
tolocanesti,48.307222,27.908333
tomai,46.181667,28.7675
tomai,46.573333,28.324722
tomeshty,47.666667,27.35
topala,46.461944,28.674444
trebisauti,48.355833,27.190833
trebujeni,47.313889,28.973611
trestieni,48.269722,27.132222
tricolici,46.737222,29.239722
trifaneshti,47.943056,28.128611
trifaneshty,47.744444,28.098333
trifauti,48.161667,28.384167
trifeshti,47.676389,28.802778
trinca,48.208333,27.112222
troian,46.5425,28.463333
troita,46.512778,29.028056
troitca,46.611389,28.547778
troyan vtoroy,46.538889,28.478056
truseni,47.068889,28.679722
tudora,46.435,30.0425
tudoreshty,45.964167,28.402778
tutovanul,46.183056,28.294444
tvardita,46.154722,28.965556
uiutnoe,46.840556,29.866111
ukgeni tyrg,47.204167,27.795833
ulma,47.746667,29.104444
ulma,47.02,28.545833
unchitesti,47.929167,28.525833
ungry,48.401111,27.8675
untesht,47.243611,27.822778
ursari,47.221389,28.189444
ursoaia,45.853056,28.315556
ursoaia,46.705833,29.445556
usateni,46.631667,28.553333
ushtya,47.661944,27.595
ushurey,47.890833,27.595278
ustia,47.256667,29.125
vadaturkiv,47.940278,28.988333
vadeni,48.010833,28.227222
vad-rashkov,47.938611,28.826944
vaduleni,47.070278,29.083611
vadul-leca,47.624167,28.465
vadul lui voda,47.091667,29.075556
valcineti,47.267222,28.128889
valcinet,48.445556,27.733889
valea adanca,48.005556,28.840556
valea colonitei,47.01,28.986667
valea jidanului,46.616111,28.415556
valea lui vlad,47.482778,28.130833
valea mare,47.135278,27.860833
valea norocului,47.765556,28.2025
valea perjei noua,46.033889,28.925
valea perjei,46.623056,28.726389
valea radoaiei,47.755556,28.263889
valea rusului,47.47,27.581944
valea satului,47.035278,29.005833
valea traisteni,47.071667,28.070833
valea,48.243333,28.065278
valea verde,46.693333,29.588333
valeni,45.640556,28.176389
valeni,47.960833,27.939444
valkaneshty,45.684167,28.402778
valya gavanosa,45.828611,28.385556
vantina,48.096667,28.191389
varancau,47.705556,29.119167
varancau,48.065278,28.515
varatic,46.809444,29.063333
varatic,47.916944,27.263333
varnichen,47.149722,28.429444
varnita,46.861389,29.469167
vartejenii-sat,47.993333,28.54
varvareni,47.878889,28.310278
varzareshty,47.108611,28.196111
vascauti,47.953889,28.511667
vascauti,47.4325,29.075556
vasieni,46.967778,28.591389
vasieni,47.460833,28.444444
vasikeu,48.138333,28.421389
vasileuti,48.007222,27.506944
vasilievca,47.940556,29.109444
vasilievca,47.368889,29.305
vatich,47.340833,28.621944
verejeni,48.44,27.616944
verejeni,47.534167,28.470556
veverita,47.344167,28.105556
viduca,45.784722,28.173333
viishoara,48.094722,27.044722
viishoara,47.615833,27.447778
viishoara,46.546944,29.825556
vinatori,47.185833,28.102778
viprova,47.383333,28.570556
vishnevka,46.333333,28.449444
visoca,48.246944,27.9225
vladimiresht,47.656944,28.232222
vladimirovca,46.844444,29.824722
voinova,47.270556,28.487222
voitovca,48.106111,28.605
volintiri,46.426667,29.605833
volkanesht,47.1525,28.191667
voloavele,48.093611,28.2925
volodeni,48.114167,27.201389
volovita,48.103056,28.322778
vorotets,47.559167,28.854722
vosniseni,46.584444,28.470278
vraneshty,47.623056,28.101944
vranesti,47.409167,27.600556
zabriceni,48.072778,27.253333
zagaykana,47.168611,28.952222
zagaykani vek,47.521389,28.508056
zagaykany,47.97,27.367778
zagoreny,47.575833,28.7275
zagorna,47.796667,28.552778
zagornoye,46.743056,29.594722
zahareuca,47.531667,28.599444
zaim,46.619444,29.346389
zaluceni,48.049444,28.556389
zambreni,46.836944,28.8475
zamchozhi,47.204444,28.723333
zapadnyy,46.841389,29.570556
zarnesti,46.011111,28.163056
zarojeni,47.866944,28.161111
zastinca,48.127222,28.306111
zazulenii vechi,47.616667,28.991944
zberoaia,46.968611,28.106944
zereshty,46.183333,28.166667
zgardeshti,47.531389,28.194444
zgura,48.115,28.020556
zhurka,47.494167,29.111667
zolonceni,47.246111,29.138333
zoloteanca,46.736389,29.190278
zorile,47.456667,28.738056
zubreshty,47.238611,28.525833
